bin_index,qvcenter,EX_RL,RL,EX_RT,RT,nu_RL,nu_RT
1,0.148,0.01401656,0.012052476,0.014023,0.00207,0.014986296,0.014992727
1,0.148,0.01402284,0.012803112,0.01416,0.0023148,0.014992567,0.015129543
1,0.148,0.01419604,0.01356714,0.014329,0.002448,0.015165534,0.015298313
1,0.148,0.01439011,0.014283612,0.01448,0.0035064,0.015359339,0.015449106
1,0.148,0.01440823,0.015152724,0.01461,0.0055692,0.015377434,0.015578925
1,0.148,0.01457638,0.014879916,0.014731,0.0075204,0.015545352,0.015699756
1,0.148,0.01464195,0.01570032,0.01483,0.0094788,0.015610831,0.015798617
1,0.148,0.01480989,0.016232796,0.014914,0.0114192,0.015778535,0.015882498
1,0.148,0.01482592,0.017406576,0.015006,0.013518,0.015794543,0.015974367
1,0.148,0.01491595,0.018840024,0.015112,0.015264,0.015884445,0.016080216
1,0.148,0.01498053,0.020152728,0.015234,0.0172476,0.015948934,0.01620204
1,0.148,0.01502206,0.021293388,0.015371,0.019242,0.015990404,0.016338841
1,0.148,0.01511504,0.022583736,0.015524,0.0175896,0.016083251,0.016491616
1,0.148,0.01520571,0.023898924,0.015569,0.0148968,0.016173791,0.01653655
1,0.148,0.01522634,0.025126416,0.015628,0.0118512,0.016194391,0.016595462
1,0.148,0.01540376,0.025335036,0.015769,0.010098,0.016371553,0.016736253
1,0.148,0.01541389,0.026158392,0.015931,0.0102852,0.016381668,0.016898009
1,0.148,0.015587,0.024769296,0.016062,0.0110124,0.016554523,0.017028811
1,0.148,0.01559093,0.025700724,0.016232,0.0118044,0.016558447,0.017198551
1,0.148,0.01565585,0.027180864,0.016399,0.0112788,0.016623271,0.017365293
1,0.148,0.01569173,0.028676556,0.016569,0.0100764,0.016659098,0.017535028
1,0.148,0.01574718,0.0305055,0.016641,0.0088812,0.016714465,0.017606915
1,0.148,0.01577883,0.031959216,0.016795,0.0078516,0.016746068,0.017760672
1,0.148,0.01583073,0.033430248,0.016963,0.0074304,0.01679789,0.017928404
1,0.148,0.01585775,0.034957296,0.017131,0.0079308,0.01682487,0.018096134
1,0.148,0.01588128,0.036306864,0.017298,0.0093924,0.016848364,0.018262863
1,0.148,0.01591942,0.037620612,0.017466,0.0108468,0.016886447,0.018430587
1,0.148,0.01595879,0.038937168,0.017633,0.0122328,0.016925757,0.018597311
1,0.148,0.01599114,0.040224204,0.017807,0.0127332,0.016958058,0.018771021
1,0.148,0.01602083,0.04163868,0.017968,0.013518,0.016987703,0.01893175
1,0.148,0.016213,0.040559472,0.018136,0.0143424,0.01717958,0.019099464
1,0.148,0.01625645,0.03729456,0.018299,0.0149868,0.017222963,0.019262185
1,0.148,0.01625708,0.037938492,0.018471,0.0149616,0.017223592,0.019433888
1,0.148,0.01625819,0.039077748,0.018646,0.0132984,0.017224701,0.019608583
1,0.148,0.0162925,0.03600072,0.018814,0.0127008,0.017258958,0.019776287
1,0.148,0.01630048,0.0346185,0.018966,0.014112,0.017266925,0.019928018
1,0.148,0.01634568,0.033147756,0.019103,0.0157752,0.017312056,0.020064773
1,0.148,0.01636817,0.03228858,0.019225,0.0178092,0.017334511,0.020186554
1,0.148,0.01637488,0.031198644,0.019362,0.020088,0.01734121,0.020323306
1,0.148,0.0163798,0.028275984,0.019507,0.0221832,0.017346123,0.020468042
1,0.148,0.01640408,0.029257056,0.019659,0.0237672,0.017370365,0.020619763
1,0.148,0.0164424,0.026703648,0.019832,0.0236916,0.017408626,0.020792443
1,0.148,0.01647061,0.025747272,0.019958,0.0201384,0.017436792,0.020918209
1,0.148,0.01648508,0.02463858,0.020025,0.0178092,0.017451239,0.020985083
1,0.148,0.01649939,0.02336886,0.020085,0.0157428,0.017465527,0.021044971
1,0.148,0.01652146,0.022090284,0.020246,0.0137988,0.017487562,0.021205667
1,0.148,0.01653304,0.0206766,0.020406,0.013446,0.017499124,0.021365363
1,0.148,0.01657348,0.019635264,0.020573,0.013032,0.017539501,0.021532043
1,0.148,0.01660552,0.017616924,0.020746,0.0117648,0.017571491,0.021704709
1,0.148,0.01669661,0.015710508,0.020908,0.0114804,0.017662437,0.021866394
1,0.148,0.01681364,0.014201784,0.021076,0.0122004,0.017779282,0.022034065
1,0.148,0.01699144,0.014455116,0.021243,0.0132012,0.017956798,0.022200735
1,0.148,0.01717216,0.013709088,0.021411,0.0143244,0.018137227,0.022368401
1,0.148,0.01732129,0.013316076,0.02158,0.014958,0.018286115,0.022537062
1,0.148,0.01743204,0.012631176,0.021741,0.0151668,0.018396683,0.022697737
1,0.148,0.01760434,0.01200888,0.021914,0.0153432,0.018568699,0.022870385
1,0.148,0.01778244,0.012572424,0.022081,0.0156708,0.018746502,0.023037043
1,0.148,0.01788712,0.013955472,0.022297,0.0158112,0.018851006,0.023252597
1,0.148,0.01793922,0.01500138,0.022462,0.0160488,0.018903018,0.023417253
1,0.148,0.01801469,0.016103268,0.022635,0.0161352,0.018978361,0.02358989
1,0.148,0.01814914,0.017335872,0.022799,0.015966,0.019112582,0.023753543
1,0.148,0.01822356,0.018229824,0.022959,0.015498,0.019186875,0.023913203
1,0.148,0.01839475,0.01929114,0.023132,0.0156852,0.01935777,0.024085832
1,0.148,0.0185031,0.018075456,0.0233,0.0161784,0.019465932,0.02425347
1,0.148,0.01864583,0.017424936,0.023498,0.016362,0.019608413,0.024451039
1,0.148,0.01881521,0.016971516,0.023696,0.0154188,0.019777495,0.024648605
1,0.148,0.01899293,0.017141436,0.023854,0.0146844,0.0199549,0.024806257
1,0.148,0.01919229,0.017179092,0.02402,0.0139536,0.020153903,0.024971888
1,0.148,0.01937231,0.01703556,0.024188,0.0132696,0.020333598,0.025139512
1,0.148,0.01942033,0.017660088,0.024356,0.0121572,0.02038153,0.025307134
1,0.148,0.01958814,0.018368568,0.024519,0.0122544,0.020549034,0.025469764
1,0.148,0.01963958,0.01930122,0.024686,0.0131148,0.020600379,0.025636384
1,0.148,0.01979279,0.020982096,0.024854,0.0136044,0.020753306,0.025803998
1,0.148,0.01994198,0.02252358,0.025021,0.0142632,0.020902219,0.025970612
1,0.148,0.02002317,0.02341962,0.025189,0.0143352,0.020983257,0.026138221
1,0.148,0.02018452,0.0241506,0.025356,0.014562,0.021144303,0.026304831
1,0.148,0.0202858,0.025524612,0.025524,0.0151308,0.021245392,0.026472435
1,0.148,0.02034248,0.026714556,0.025691,0.0155484,0.021301964,0.026639039
1,0.148,0.02041757,0.028203084,0.025882,0.0163476,0.021376911,0.026829583
1,0.148,0.02047766,0.029833668,0.026032,0.0163296,0.021436886,0.026979223
1,0.148,0.02052541,0.0309717,0.026194,0.0156384,0.021484545,0.027140832
1,0.148,0.02060181,0.032269932,0.026362,0.0148644,0.021560798,0.027308424
1,0.148,0.02064718,0.033626772,0.026529,0.0146736,0.02160608,0.027475016
1,0.148,0.02071588,0.034995384,0.026697,0.014346,0.021674648,0.027642602
1,0.148,0.02080708,0.03649248,0.026864,0.014616,0.021765671,0.027809189
1,0.148,0.02082604,0.037506888,0.027042,0.0141408,0.021784594,0.027986746
1,0.148,0.02089817,0.038599416,0.027253,0.0140436,0.021856583,0.028197217
1,0.148,0.02095254,0.03970188,0.027443,0.0139608,0.021910847,0.028386737
1,0.148,0.0210406,0.04117788,0.027641,0.0144072,0.021998735,0.028584234
1,0.148,0.02105759,0.042664032,0.027794,0.014238,0.022015691,0.028736843
1,0.148,0.02111271,0.043393176,0.027961,0.013914,0.022070703,0.028903413
1,0.148,0.02116058,0.044655048,0.028123,0.0134208,0.022118478,0.029064994
1,0.148,0.02122355,0.04608126,0.028291,0.0130068,0.022181324,0.029232557
1,0.148,0.02125007,0.047522772,0.028459,0.012834,0.022207791,0.029400118
1,0.148,0.02133324,0.04977072,0.028631,0.0128916,0.022290796,0.029571665
1,0.148,0.02138496,0.05157144,0.028822,0.012852,0.022342413,0.02976216
1,0.148,0.02142763,0.052812648,0.028994,0.0130284,0.022384998,0.029933702
1,0.148,0.02150431,0.054391716,0.029152,0.012942,0.022461524,0.030091279
1,0.148,0.02155984,0.05554602,0.029317,0.0128412,0.022516943,0.030255835
1,0.148,0.02162536,0.056976624,0.029484,0.0127836,0.022582331,0.030422382
1,0.148,0.02172073,0.058047624,0.029646,0.0126792,0.022677508,0.030583942
1,0.148,0.02187156,0.05846454,0.02982,0.0124452,0.022828032,0.030757465
1,0.148,0.02203228,0.059108076,0.03001,0.0121284,0.022988423,0.030946943
1,0.148,0.02204556,0.058304556,0.030216,0.0124632,0.023001676,0.031152372
1,0.148,0.02223309,0.057785904,0.030414,0.0125568,0.023188819,0.03134982
1,0.148,0.02226845,0.056847924,0.030586,0.0124884,0.023224106,0.031521338
1,0.148,0.02243168,0.05570424,0.030757,0.01251,0.023386996,0.031691855
1,0.148,0.02245285,0.054644868,0.030915,0.012924,0.023408122,0.031849408
1,0.148,0.02262737,0.052930584,0.031079,0.01332,0.023582276,0.03201294
1,0.148,0.02268332,0.051850332,0.031251,0.0136836,0.023638108,0.032184448
1,0.148,0.02284606,0.050548968,0.031422,0.0134568,0.023800503,0.032354956
1,0.148,0.02301801,0.049657716,0.031592,0.0132012,0.023972087,0.032524464
1,0.148,0.02305499,0.050383044,0.031756,0.0134028,0.024008988,0.032687987
1,0.148,0.02321623,0.050341212,0.031917,0.0133596,0.024169881,0.032848516
1,0.148,0.02329296,0.05130972,0.032089,0.0130608,0.024246445,0.033020011
1,0.148,0.02341376,0.05285826,0.032257,0.0130176,0.024366983,0.033187515
1,0.148,0.02349362,0.053820468,0.032424,0.0129312,0.024446669,0.033354019
1,0.148,0.02366496,0.054158112,0.03263,0.0129636,0.024617634,0.033559404
1,0.148,0.02383595,0.054149004,0.03282,0.0121896,0.024788247,0.033748834
1,0.148,0.02391256,0.053003808,0.033008,0.0113112,0.024864687,0.033936267
1,0.148,0.0239656,0.051593004,0.033171,0.0111384,0.024917609,0.034098772
1,0.148,0.02403085,0.049955976,0.033347,0.0109548,0.024982714,0.034274235
1,0.148,0.02411661,0.048165192,0.033506,0.0110196,0.025068282,0.034432748
1,0.148,0.02419958,0.046555704,0.033674,0.0114804,0.025151066,0.034600231
1,0.148,0.02421592,0.045240012,0.033841,0.011862,0.025167369,0.034766715
1,0.148,0.02431207,0.04340394,0.034009,0.0123516,0.025263303,0.034934192
1,0.148,0.02435285,0.042179328,0.034182,0.0120384,0.025303991,0.035106652
1,0.148,0.02441476,0.040452984,0.034336,0.011754,0.025365761,0.035260169
1,0.148,0.02443205,0.04141296,0.034421,0.012042,0.025383012,0.035344901
1,0.148,0.02460861,0.042035292,0.0346,0.0116208,0.02555917,0.035523336
1,0.148,0.02467765,0.0427509,0.034761,0.0113904,0.025628053,0.035683825
1,0.148,0.02482121,0.04316076,0.034924,0.0112968,0.025771283,0.035846305
1,0.148,0.02489119,0.044245332,0.035079,0.0110304,0.025841102,0.036000808
1,0.148,0.02499692,0.045497376,0.035247,0.0108936,0.025946588,0.036168268
1,0.148,0.02511736,0.04502016,0.035422,0.0108936,0.026066748,0.036342702
1,0.148,0.02527875,0.044532144,0.035599,0.0108,0.026227762,0.036519127
1,0.148,0.02544689,0.044621208,0.035787,0.0107568,0.026395507,0.036706513
1,0.148,0.02562978,0.044407152,0.035933,0.0108108,0.026577964,0.036852034
1,0.148,0.02580662,0.043220196,0.036096,0.0113508,0.026754384,0.037014497
1,0.148,0.02600082,0.04229316,0.036241,0.0112644,0.026948118,0.037159018
1,0.148,0.02609541,0.041361264,0.036427,0.0113256,0.02704248,0.0373444
1,0.148,0.02620075,0.040069944,0.036598,0.0113184,0.027147566,0.037514829
1,0.148,0.02629245,0.040449312,0.036773,0.009198,0.027239043,0.037689243
1,0.148,0.02641668,0.04008204,0.036789,0.0107496,0.02736297,0.037705189
1,0.148,0.02656726,0.038619504,0.036974,0.0100044,0.027513182,0.037889565
1,0.148,0.02659475,0.037586808,0.037137,0.0091764,0.027540604,0.038052014
1,0.148,0.02670797,0.038114856,0.037287,0.0094932,0.027653545,0.038201504
1,0.148,0.02681169,0.0373977,0.03743,0.0100908,0.027757009,0.038344016
1,0.148,0.02699358,0.036701424,0.0376,0.0109656,0.027938447,0.038513433
1,0.148,0.02718014,0.036877608,0.037803,0.0117144,0.02812454,0.038715734
1,0.148,0.02721651,0.036179028,0.037927,0.011934,0.028160819,0.038839306
1,0.148,0.02738426,0.034172496,0.038034,0.0126792,0.028328146,0.038945935
1,0.148,0.02738984,0.03527514,0.038224,0.012672,0.028333712,0.039135274
1,0.148,0.02758014,0.03389508,0.038375,0.0123336,0.028523529,0.039285746
1,0.148,0.02773032,0.033539076,0.038551,0.012096,0.028673326,0.039461128
1,0.148,0.02781302,0.03411972,0.038707,0.011844,0.028755814,0.039616578
1,0.148,0.02798344,0.034847136,0.038849,0.0117036,0.028925795,0.039758076
1,0.148,0.02820115,0.034915608,0.039029,0.0113112,0.029142941,0.039937436
1,0.148,0.02837752,0.034443072,0.039206,0.0111132,0.029318851,0.040113805
1,0.148,0.02840826,0.033689304,0.039367,0.010458,0.029349511,0.040274228
1,0.148,0.02859761,0.032865084,0.039493,0.0096372,0.029538363,0.040399775
1,0.148,0.02879937,0.032518152,0.03957,0.010278,0.02973959,0.040476497
1,0.148,0.02898022,0.03408426,0.039675,0.0091296,0.029919959,0.040581118
1,0.148,0.02899409,0.035020908,0.039773,0.009882,0.029933792,0.040678763
1,0.148,0.0291171,0.03462444,,,0.030056472,
1,0.148,0.02924013,0.0345402,,,0.030179172,
1,0.148,0.0292997,0.035372988,,,0.030238581,
1,0.148,0.02944717,0.035451648,,,0.030385652,
1,0.148,0.02961791,0.035290368,,,0.030555928,
1,0.148,0.02979876,0.03500406,,,0.030736284,
1,0.148,0.02997847,0.033940512,,,0.0309155,
1,0.148,0.03013051,0.033086124,,,0.031067119,
1,0.148,0.03017258,0.031951188,,,0.031109072,
1,0.148,0.03024603,0.03211434,,,0.031182318,
1,0.148,0.03032861,0.032535396,,,0.031264668,
1,0.148,0.03044214,0.032047164,,,0.031377881,
1,0.148,0.03061275,0.031087728,,,0.031548012,
1,0.148,0.03078439,0.02963556,,,0.031719168,
1,0.148,0.03078918,0.03056832,,,0.031723944,
1,0.148,0.03092185,0.029299752,,,0.031856238,
1,0.148,0.03103354,0.029181672,,,0.03196761,
1,0.148,0.03115509,0.028771128,,,0.032088813,
1,0.148,0.03123069,0.029421324,,,0.032164196,
1,0.148,0.03140601,0.029420748,,,0.032339012,
1,0.148,0.03158104,0.028929168,,,0.032513536,
1,0.148,0.03171157,0.029615832,,,0.032643686,
1,0.148,0.03180572,0.029251764,,,0.032737562,
1,0.148,0.03190806,0.027914364,,,0.032839602,
1,0.148,0.03195521,0.026669232,,,0.032886614,
1,0.148,0.03202661,0.027006984,,,0.032957804,
1,0.148,0.03213342,0.026086536,,,0.0330643,
1,0.148,0.03221268,0.026855496,,,0.033143326,
1,0.148,0.03238461,0.026503884,,,0.033314746,
1,0.148,0.03251589,0.027721404,,,0.033445635,
1,0.148,0.03256385,0.02908008,,,0.033493452,
1,0.148,0.03264627,0.02857014,,,0.033575626,
1,0.148,0.03274359,0.029345436,,,0.033672654,
1,0.148,0.03285708,0.029006172,,,0.033785802,
1,0.148,0.03301759,0.028517508,,,0.033945828,
1,0.148,0.03320115,0.028993644,,,0.03412883,
1,0.148,0.03338461,0.025821792,,,0.03431173,
1,0.148,0.033398,0.026972028,,,0.034325079,
1,0.148,0.0335748,0.026742312,,,0.034501337,
1,0.148,0.03370282,0.026061372,,,0.034628962,
1,0.148,0.0337808,0.02469942,,,0.034706701,
1,0.148,0.03389169,0.026112024,,,0.034817247,
1,0.148,0.03389709,0.025274736,,,0.034822631,
1,0.148,0.03403874,0.026065332,,,0.03496384,
1,0.148,0.03417677,0.025123572,,,0.035101439,
1,0.148,0.03421448,0.026040276,,,0.03513903,
1,0.148,0.03439586,0.026611164,,,0.035319841,
1,0.148,0.03458766,0.027309564,,,0.035511035,
1,0.148,0.03476463,0.028048572,,,0.035687443,
1,0.148,0.03490433,0.027933696,,,0.035826697,
1,0.148,0.03497602,0.028711944,,,0.035898158,
1,0.148,0.03508772,0.0286749,,,0.0360095,
1,0.148,0.03519466,0.029372724,,,0.036116096,
1,0.148,0.03538093,0.028188828,,,0.036301765,
1,0.148,0.03550057,0.02759238,,,0.036421017,
1,0.148,0.03553818,0.026300628,,,0.036458505,
1,0.148,0.03561605,0.026444052,,,0.036536121,
1,0.148,0.03580284,0.025892316,,,0.036722301,
1,0.148,0.03598061,0.02566134,,,0.036899488,
1,0.148,0.03613196,0.0267561,,,0.037050339,
1,0.148,0.03627642,0.026107452,,,0.03719432,
1,0.148,0.03629351,0.026692128,,,0.037211354,
1,0.148,0.03643681,0.026609112,,,0.037354177,
1,0.148,0.03656884,0.027631656,,,0.037485767,
1,0.148,0.03664257,0.02694798,,,0.03755925,
1,0.148,0.0367605,0.027260172,,,0.037676785,
1,0.148,0.03688306,0.026470944,,,0.037798932,
1,0.148,0.0369259,0.02712672,,,0.037841628,
1,0.148,0.03703293,0.026054136,,,0.037948296,
1,0.148,0.03709,0.02653272,,,0.038005173,
1,0.148,0.03722214,0.02559006,,,0.038136864,
1,0.148,0.03739492,0.025277472,,,0.038309056,
1,0.148,0.03755777,0.024887808,,,0.038471348,
1,0.148,0.03764763,0.025377192,,,0.0385609,
1,0.148,0.03772708,0.024750936,,,0.038640076,
1,0.148,0.03783028,0.02536128,,,0.03874292,
1,0.148,0.03793076,0.0247752,,,0.038843053,
1,0.148,0.03799943,0.025448256,,,0.038911485,
1,0.148,0.03813711,0.024353568,,,0.039048686,
1,0.148,0.03818457,0.025368012,,,0.039095981,
1,0.148,0.03836607,0.025595676,,,0.039276847,
1,0.148,0.03857895,0.024140052,,,0.03948898,
1,0.148,0.03875768,0.023415552,,,0.039667079,
1,0.148,0.03892551,0.022593744,,,0.039834314,
1,0.148,0.03894616,0.02329344,,,0.039854891,
1,0.148,0.03909705,0.022854492,,,0.040005244,
1,0.148,0.03919987,0.023531076,,,0.040107697,
1,0.148,0.03934689,0.024677748,,,0.04025419,
1,0.148,0.03937718,0.02367414,,,0.040284371,
1,0.148,0.03956371,0.025424856,,,0.04047023,
1,0.148,0.03956425,0.024077952,,,0.040470768,
2,0.167,0.014356,0.0190224,0.014356,0.0063252,0.01559262,0.01559262
2,0.167,0.014439,0.0187272,0.014457,0.0072396,0.015675504,0.015693479
2,0.167,0.014609,0.0176508,0.014627,0.0086724,0.015845264,0.015863239
2,0.167,0.01481,0.0194076,0.014719,0.0110268,0.016045978,0.015955108
2,0.167,0.014988,0.0208692,0.014804,0.01341,0.016223722,0.016039987
2,0.167,0.015107,0.023544,0.01492,0.0161712,0.016342548,0.01615582
2,0.167,0.015204,0.0259632,0.015066,0.0192672,0.016439406,0.016301608
2,0.167,0.015313,0.0279396,0.015234,0.0196452,0.016548246,0.016469362
2,0.167,0.015441,0.0296496,0.015334,0.0177156,0.016676056,0.016569215
2,0.167,0.01559,0.0321588,0.015437,0.0142308,0.016824833,0.016672062
2,0.167,0.015687,0.0362016,0.015537,0.0114876,0.016921687,0.016771912
2,0.167,0.015757,0.0391032,0.01566,0.0102168,0.016991581,0.016894728
2,0.167,0.015789,0.0414612,0.015822,0.0131688,0.017023532,0.017056482
2,0.167,0.015863,0.044568,0.015946,0.0167328,0.017097419,0.017180292
2,0.167,0.015922,0.0471312,0.016076,0.0199476,0.017156329,0.017310092
2,0.167,0.015987,0.0496584,0.016269,0.0212652,0.017221229,0.017502792
2,0.167,0.016176,0.0477216,0.016319,0.0195768,0.017409937,0.017552714
2,0.167,0.016225,0.0451368,0.016447,0.0161064,0.017458861,0.017680512
2,0.167,0.016274,0.0417744,0.016494,0.0137016,0.017507784,0.017727438
2,0.167,0.016319,0.0397368,0.016609,0.0100728,0.017552714,0.017842255
2,0.167,0.016394,0.0348696,0.016773,0.008658,0.017627596,0.018005993
2,0.167,0.016423,0.0323748,0.016934,0.0087696,0.01765655,0.018166733
2,0.167,0.016453,0.0301248,0.017095,0.0094824,0.017686503,0.01832747
2,0.167,0.016482,0.027846,0.017265,0.0102636,0.017715457,0.018497191
2,0.167,0.01656,0.0206856,0.017435,0.0114192,0.017793333,0.018666909
2,0.167,0.01664,0.0204048,0.017604,0.0124164,0.017873206,0.018835625
2,0.167,0.016803,0.0195156,0.017774,0.0136728,0.018035944,0.019005338
2,0.167,0.016995,0.019692,0.017944,0.01512,0.018227633,0.019175048
2,0.167,0.017192,0.0192132,0.018108,0.0163008,0.018424311,0.019338766
2,0.167,0.017373,0.0170424,0.018283,0.0159408,0.018605012,0.019513463
2,0.167,0.01756,0.0155628,0.018441,0.0135684,0.018791699,0.019671186
2,0.167,0.017688,0.0157428,0.018623,0.0110592,0.018919484,0.019852865
2,0.167,0.01785,0.0160956,0.018793,0.0115128,0.019081209,0.020022562
2,0.167,0.018014,0.016524,0.018924,0.013752,0.019244928,0.020153327
2,0.167,0.018185,0.0184716,0.019024,0.0166032,0.019415633,0.020253147
2,0.167,0.018311,0.0210456,0.019124,0.0190944,0.019541414,0.020352966
2,0.167,0.01843,0.0234,0.019209,0.0219132,0.019660206,0.020437811
2,0.167,0.018586,0.0261252,0.019325,0.024876,0.019815931,0.020553599
2,0.167,0.018745,0.026244,0.019487,0.0274536,0.019974648,0.0207153
2,0.167,0.01895,0.0245556,0.019687,0.0256104,0.020179281,0.020914928
2,0.167,0.019089,0.0236916,0.019768,0.023004,0.020318029,0.020995777
2,0.167,0.019245,0.0229428,0.01988,0.0206028,0.020473745,0.021107566
2,0.167,0.019411,0.0235188,0.020027,0.0172332,0.02063944,0.021254288
2,0.167,0.019603,0.0244296,0.02022,0.0159372,0.020831085,0.02144692
2,0.167,0.019768,0.0253512,0.02038,0.0155772,0.020995777,0.021606613
2,0.167,0.019949,0.0258804,0.020536,0.0153684,0.021176436,0.021762311
2,0.167,0.020095,0.0261684,0.020694,0.0154044,0.021322159,0.021920003
2,0.167,0.020259,0.0269064,0.020876,0.0151272,0.021485846,0.022101645
2,0.167,0.020423,0.0282744,0.021045,0.0150948,0.02164953,0.02227031
2,0.167,0.020593,0.0305568,0.021238,0.0146016,0.0218192,0.022462925
2,0.167,0.020774,0.033624,0.021446,0.0141804,0.021999846,0.022670506
2,0.167,0.020893,0.0358344,0.021616,0.014598,0.022118611,0.02284016
2,0.167,0.021019,0.0388764,0.021809,0.01584,0.022244362,0.023032765
2,0.167,0.021194,0.04248,0.021971,0.0166824,0.022419013,0.023194431
2,0.167,0.02127,0.0448416,0.022141,0.0173304,0.02249486,0.023364077
2,0.167,0.021376,0.0477288,0.022302,0.01809,0.022600647,0.02352474
2,0.167,0.021413,0.0494892,0.022473,0.0181368,0.022637572,0.02369538
2,0.167,0.021496,0.0522396,0.02265,0.0196596,0.022720404,0.023872004
2,0.167,0.021614,0.0560772,0.022851,0.0178848,0.022838164,0.024072574
2,0.167,0.02179,0.0593316,0.023027,0.0162072,0.023013804,0.024248195
2,0.167,0.021984,0.060516,0.023157,0.0146592,0.023207404,0.024377912
2,0.167,0.022126,0.058356,0.023308,0.0137592,0.023349109,0.024528583
2,0.167,0.022241,0.0571896,0.023483,0.0136728,0.023463868,0.024703198
2,0.167,0.022422,0.055026,0.023653,0.0135504,0.023644488,0.024872822
2,0.167,0.022561,0.0521208,0.023823,0.0143784,0.023783194,0.025042443
2,0.167,0.02271,0.0508572,0.024008,0.0145584,0.023931876,0.025227028
2,0.167,0.022861,0.0495972,0.024169,0.0148428,0.024082553,0.025387665
2,0.167,0.023025,0.0487944,0.024313,0.0147744,0.024246199,0.025531337
2,0.167,0.023188,0.04959,0.024496,0.0140508,0.024408845,0.025713919
2,0.167,0.023362,0.0513756,0.024659,0.012996,0.024582464,0.025876544
2,0.167,0.023534,0.053874,0.024841,0.012942,0.024754086,0.026058122
2,0.167,0.023679,0.0546624,0.025011,0.0136116,0.024898764,0.026227725
2,0.167,0.023826,0.054648,0.025241,0.014436,0.025045437,0.026457184
2,0.167,0.024013,0.052776,0.025429,0.013428,0.025232017,0.026644739
2,0.167,0.024192,0.0491328,0.025629,0.0128628,0.025410612,0.026844261
2,0.167,0.024378,0.0455112,0.025817,0.0119412,0.025596189,0.02703181
2,0.167,0.024586,0.0432684,0.025978,0.0125892,0.025803712,0.02719242
2,0.167,0.024736,0.0434196,0.026146,0.0126792,0.025953365,0.027360011
2,0.167,0.024882,0.0445644,0.026298,0.0128376,0.026099026,0.027511639
2,0.167,0.025041,0.0458244,0.026473,0.013176,0.026257655,0.027686208
2,0.167,0.025202,0.0471708,0.026645,0.0136188,0.026418276,0.027857782
2,0.167,0.025375,0.0488196,0.026819,0.0149292,0.026590867,0.028031348
2,0.167,0.025541,0.0498708,0.026996,0.0156744,0.026756472,0.028207903
2,0.167,0.025701,0.0502128,0.02716,0.015264,0.026916089,0.028371489
2,0.167,0.025845,0.049698,0.027314,0.0148608,0.027059742,0.028525099
2,0.167,0.026,0.0487224,0.027487,0.0144576,0.027214367,0.028697657
2,0.167,0.026192,0.047898,0.027653,0.0152676,0.027405899,0.028863231
2,0.167,0.02637,0.0478944,0.027836,0.0158616,0.027583462,0.029045758
2,0.167,0.026592,0.0470196,0.028027,0.0148032,0.027804913,0.029236261
2,0.167,0.026769,0.0453672,0.028195,0.0131904,0.027981473,0.029403822
2,0.167,0.026965,0.0435348,0.028328,0.0111708,0.028176981,0.029536472
2,0.167,0.027173,0.0420984,0.028382,0.0121032,0.028384457,0.029590329
2,0.167,0.027376,0.0412884,0.028529,0.0119412,0.028586941,0.02973694
2,0.167,0.027574,0.0396252,0.028685,0.0122256,0.028784434,0.029892525
2,0.167,0.027763,0.0378468,0.028858,0.0124956,0.028972947,0.030065063
2,0.167,0.027902,0.039024,0.029031,0.0124884,0.029111586,0.030237597
2,0.167,0.028065,0.0403344,0.029211,0.0125964,0.029274162,0.03041711
2,0.167,0.028225,0.0417564,0.029413,0.0113256,0.029433743,0.03061856
2,0.167,0.028389,0.0428544,0.029566,0.0116136,0.029597311,0.030771141
2,0.167,0.028558,0.04248,0.029711,0.011412,0.029765863,0.030915742
2,0.167,0.028771,0.041868,0.029873,0.0111096,0.029978296,0.031077294
2,0.167,0.028982,0.041814,0.030042,0.01134,0.030188729,0.031245824
2,0.167,0.029194,0.0406656,0.030227,0.011538,0.030400156,0.031430307
2,0.167,0.029366,0.041274,0.03042,0.011646,0.030571688,0.031622764
2,0.167,0.029545,0.0402624,0.030585,0.0114984,0.030750199,0.031787298
2,0.167,0.029686,0.0407124,0.03077,0.0113652,0.030890811,0.031971772
2,0.167,0.029821,0.0409932,0.03092,0.011124,0.031025438,0.032121343
2,0.167,0.029996,0.0397476,0.031078,0.010872,0.031199953,0.032278889
2,0.167,0.030178,0.0391428,0.031239,0.0111132,0.031381444,0.032439424
2,0.167,0.030388,0.0386784,0.031429,0.0113688,0.031590855,0.032628873
2,0.167,0.030563,0.0380124,0.031616,0.0115272,0.03176536,0.032815327
2,0.167,0.030766,0.038358,0.03181,0.0115632,0.031967783,0.033008757
2,0.167,0.030972,0.0378576,0.031984,0.0116136,0.032173194,0.033182244
2,0.167,0.03118,0.0358452,0.032139,0.012024,0.032380595,0.033336784
2,0.167,0.031388,0.0344664,0.032303,0.011952,0.032587992,0.033500295
2,0.167,0.031574,0.0340704,0.032462,0.0115704,0.03277345,0.033658819
2,0.167,0.031708,0.0349164,0.032645,0.0115812,0.032907057,0.033841268
2,0.167,0.031859,0.0353916,0.032818,0.0114552,0.033057613,0.034013745
2,0.167,0.032014,0.0354168,0.03302,0.0119412,0.033212155,0.03421513
2,0.167,0.032199,0.0355428,0.033214,0.0113004,0.033396605,0.034408536
2,0.167,0.032384,0.03519,0.03338,0.0116136,0.033581053,0.034574026
2,0.167,0.032587,0.0352908,0.03356,0.010998,0.033783443,0.034753469
2,0.167,0.032779,0.0354384,0.033718,0.0111708,0.033974863,0.034910978
2,0.167,0.032979,0.0349056,0.03388,0.0112536,0.034174255,0.035072473
2,0.167,0.033195,0.0350676,0.03405,0.0111852,0.034389595,0.03524194
2,0.167,0.033368,0.0356544,0.034223,0.01134,0.034562063,0.035414395
2,0.167,0.033519,0.0357552,0.034411,0.0115164,0.034712596,0.035601799
2,0.167,0.033671,0.0357624,0.034618,0.0117252,0.034864125,0.03580814
2,0.167,0.033823,0.0355716,0.034786,0.0122616,0.035015651,0.035975603
2,0.167,0.033997,0.0342864,0.034963,0.0124416,0.035189106,0.036152033
2,0.167,0.034191,0.034434,0.035111,0.012564,0.035382496,0.036299555
2,0.167,0.034392,0.033336,0.035282,0.0123336,0.03558286,0.03647
2,0.167,0.034585,0.0326664,0.03545,0.011286,0.035775246,0.036637453
2,0.167,0.03478,0.0317664,0.035625,0.0105804,0.035969622,0.03681188
2,0.167,0.034972,0.03168,0.035796,0.0104508,0.036161004,0.036982317
2,0.167,0.035098,0.0320184,0.036012,0.0105624,0.036286597,0.037197603
2,0.167,0.035235,0.0321768,0.036197,0.0110736,0.036423153,0.037381988
2,0.167,0.035425,0.0326196,0.036421,0.0115812,0.036612535,0.037605239
2,0.167,0.035589,0.0333252,0.036602,0.011844,0.036775998,0.037785631
2,0.167,0.035782,0.033876,0.036758,0.0124416,0.036968363,0.037941104
2,0.167,0.03595,0.0341028,0.036922,0.0125892,0.037135808,0.038104548
2,0.167,0.036183,0.0332244,0.037078,0.0119124,0.037368034,0.038260017
2,0.167,0.036381,0.03114,0.037233,0.0115524,0.037565373,0.038414487
2,0.167,0.036563,0.0315324,0.037425,0.010656,0.037746762,0.038605828
2,0.167,0.036763,0.0303696,0.037601,0.0098388,0.037946087,0.038781221
2,0.167,0.036897,0.0320328,0.037777,0.0092736,0.038079633,0.038956611
2,0.167,0.037018,0.0328644,0.037964,0.00963,0.038200221,0.03914296
2,0.167,0.037205,0.0335376,0.038122,0.0100476,0.038386583,0.039300407
2,0.167,0.037394,0.0358092,0.038279,0.0103572,0.038574935,0.039456856
2,0.167,0.037581,0.0353016,0.038438,0.0102996,0.03876129,0.039615296
2,0.167,0.03776,0.0361368,0.03862,0.010296,0.03893967,0.039796652
2,0.167,0.037968,0.0344304,0.038789,0.0106452,0.039146946,0.039965051
2,0.167,0.038168,0.03276,0.038959,0.0108252,0.039346246,0.040134444
2,0.167,0.038354,0.0317448,0.039129,0.0108468,0.039531592,0.040303835
2,0.167,0.038565,0.0314604,0.039299,0.0107208,0.039741847,0.040473223
2,0.167,0.038759,0.0314676,0.03948,0.0106452,0.039935158,0.040653568
2,0.167,0.038949,0.0309456,0.039638,0.0103104,0.04012448,0.040810994
2,0.167,0.039134,0.0311364,0.039808,0.0101664,0.040308817,0.040980375
2,0.167,0.03928,0.0312768,0.039978,0.0101196,0.040454291,0.041149752
2,0.167,0.039423,0.031356,0.040147,0.0099972,0.040596774,0.041318131
2,0.167,0.039597,0.031428,,,0.040770143,
2,0.167,0.039767,0.0316332,,,0.040939524,
2,0.167,0.039975,0.0315216,,,0.041146763,
2,0.167,0.040161,0.031734,,,0.04133208,
3,0.205,0.014353,0.0188532,0.014426,0.0042804,0.016221039,0.016293933
3,0.205,0.014376,0.0203148,0.014568,0.004482,0.016244006,0.016435725
3,0.205,0.014537,0.022806,0.014731,0.0053964,0.016404771,0.016598485
3,0.205,0.014681,0.02484,0.014894,0.0066348,0.016548559,0.016761242
3,0.205,0.01478,0.0266148,0.015046,0.0077472,0.016647412,0.016913013
3,0.205,0.014961,0.0290016,0.01522,0.0077184,0.016828141,0.017086749
3,0.205,0.01514,0.0294336,0.015384,0.006768,0.017006871,0.017250498
3,0.205,0.015279,0.0308556,0.015558,0.006138,0.017145659,0.017424228
3,0.205,0.01536,0.0325368,0.01568,0.0073764,0.017226535,0.017546038
3,0.205,0.015533,0.0344124,0.015806,0.0111708,0.017399267,0.017671839
3,0.205,0.015613,0.03915,0.01591,0.013968,0.017479142,0.017775675
3,0.205,0.015702,0.04554,0.016033,0.0172584,0.017568003,0.017898479
3,0.205,0.015747,0.0476532,0.016159,0.0195264,0.017612932,0.018024277
3,0.205,0.015777,0.049572,0.016314,0.019314,0.017642885,0.018179026
3,0.205,0.015851,0.0534492,0.016466,0.015318,0.017716768,0.018330778
3,0.205,0.015953,0.057438,0.016496,0.0126252,0.017818606,0.018360729
3,0.205,0.016123,0.0554472,0.016585,0.0094104,0.017988335,0.018449583
3,0.205,0.016172,0.0530748,0.016673,0.0080604,0.018037256,0.018537437
3,0.205,0.016194,0.0504396,0.016852,0.0073512,0.01805922,0.01871614
3,0.205,0.016224,0.048924,0.017018,0.0071388,0.018089172,0.018881861
3,0.205,0.016248,0.0462132,0.017178,0.0086508,0.018113133,0.01904159
3,0.205,0.016284,0.0434556,0.017311,0.0101736,0.018149075,0.019174363
3,0.205,0.016314,0.041076,0.017471,0.0116424,0.018179026,0.019334088
3,0.205,0.016354,0.038412,0.017641,0.012492,0.018218961,0.019503793
3,0.205,0.016388,0.0357372,0.017801,0.0127836,0.018252906,0.019663513
3,0.205,0.01644,0.0329148,0.017975,0.0125856,0.018304821,0.019837206
3,0.205,0.016492,0.0290736,0.018127,0.0123624,0.018356736,0.019988936
3,0.205,0.016547,0.0262152,0.01829,0.0124164,0.018411645,0.020151644
3,0.205,0.016612,0.0240768,0.018453,0.0113832,0.018476538,0.020314349
3,0.205,0.016761,0.0217908,0.018616,0.010656,0.018625291,0.020477053
3,0.205,0.016929,0.02133,0.018779,0.010782,0.018793011,0.020639753
3,0.205,0.017016,0.019512,0.01892,0.0125244,0.018879864,0.020780493
3,0.205,0.017163,0.0172584,0.019061,0.0152424,0.019026615,0.02092123
3,0.205,0.017357,0.0155412,0.019143,0.0178272,0.019220284,0.021003077
3,0.205,0.017521,0.0154872,0.019217,0.0202176,0.019384001,0.021076937
3,0.205,0.017693,0.0165996,0.019321,0.023238,0.019555702,0.021180741
3,0.205,0.017789,0.018144,0.019424,0.0261072,0.019651534,0.021283546
3,0.205,0.017936,0.0206424,0.019506,0.0287028,0.019798275,0.02136539
3,0.205,0.018061,0.0224424,0.019623,0.0300204,0.019923054,0.021482166
3,0.205,0.018184,0.0244764,0.019788,0.0293292,0.020045834,0.021646848
3,0.205,0.018334,0.0272376,0.019932,0.0257724,0.020195565,0.021790569
3,0.205,0.018475,0.0287352,0.020003,0.0228924,0.020336309,0.021861431
3,0.205,0.018633,0.029376,0.020086,0.0195012,0.020494021,0.021944268
3,0.205,0.018782,0.0293544,0.02024,0.0168768,0.020642748,0.022097966
3,0.205,0.018966,0.02628,0.020401,0.016218,0.020826407,0.022258647
3,0.205,0.019149,0.0242892,0.020559,0.0159228,0.021009065,0.022416332
3,0.205,0.019359,0.0223992,0.02071,0.0161136,0.021218669,0.022567029
3,0.205,0.019422,0.0242172,0.020879,0.0152784,0.02128155,0.022735687
3,0.205,0.019547,0.0276156,0.021048,0.0129852,0.021406312,0.022904342
3,0.205,0.019631,0.0297288,0.021286,0.0110232,0.021490151,0.023141853
3,0.205,0.019772,0.0319716,0.02145,0.0106776,0.021630879,0.023305513
3,0.205,0.019947,0.0335808,0.021619,0.0112392,0.02180554,0.02347416
3,0.205,0.020148,0.0308412,0.021775,0.012168,0.022006147,0.023629832
3,0.205,0.020357,0.0286128,0.021913,0.0124956,0.022214734,0.02376754
3,0.205,0.02049,0.029556,0.022101,0.0128124,0.02234747,0.02395514
3,0.205,0.02059,0.0305352,0.022264,0.012906,0.02244727,0.02411779
3,0.205,0.020766,0.0318456,0.022427,0.01332,0.022622916,0.024280438
3,0.205,0.020933,0.0353628,0.022591,0.0142452,0.022789577,0.024444081
3,0.205,0.021009,0.0373356,0.022754,0.0151452,0.022865422,0.024606725
3,0.205,0.021166,0.0401076,0.022905,0.0154512,0.023022101,0.024757392
3,0.205,0.021248,0.0429588,0.02308,0.0141984,0.023103932,0.024932004
3,0.205,0.021362,0.0463212,0.023244,0.0117252,0.023217696,0.025095638
3,0.205,0.021434,0.0491184,0.023443,0.0098964,0.023289546,0.02529419
3,0.205,0.021528,0.0526536,0.023629,0.0094824,0.023383351,0.025479769
3,0.205,0.021596,0.0545472,0.023792,0.0108648,0.023451208,0.025642397
3,0.205,0.02177,0.0564192,0.023955,0.0120672,0.023624843,0.025805022
3,0.205,0.021956,0.0576792,0.024111,0.0126792,0.023810449,0.025960662
3,0.205,0.022031,0.055872,0.024281,0.0129564,0.023885289,0.026130267
3,0.205,0.022176,0.0533556,0.024444,0.0119304,0.024029979,0.026292885
3,0.205,0.022346,0.0512172,0.024615,0.0117684,0.024199613,0.026463483
3,0.205,0.0224,0.0494208,0.02477,0.0123948,0.024253497,0.026618116
3,0.205,0.022478,0.0469152,0.024934,0.0128628,0.024331327,0.026781725
3,0.205,0.022571,0.0428436,0.025092,0.0131868,0.024424125,0.026939346
3,0.205,0.022683,0.0393444,0.02526,0.0130464,0.02453588,0.027106941
3,0.205,0.022766,0.0367344,0.025423,0.0125208,0.024618698,0.027269546
3,0.205,0.022956,0.0336672,0.02559,0.0122472,0.024808279,0.027436138
3,0.205,0.023114,0.0350424,0.025755,0.011394,0.024965928,0.027600733
3,0.205,0.023201,0.0366084,0.025911,0.0107748,0.025052734,0.027756347
3,0.205,0.023354,0.0386928,0.026075,0.0112104,0.025205391,0.02791994
3,0.205,0.023457,0.0411444,0.026239,0.0120672,0.025308158,0.02808353
3,0.205,0.023568,0.0435564,0.026416,0.0128844,0.025418907,0.028260085
3,0.205,0.023752,0.044532,0.02657,0.0131256,0.025602488,0.028413696
3,0.205,0.023884,0.0452412,0.026728,0.0131328,0.025734186,0.028571294
3,0.205,0.023983,0.0451692,0.026891,0.0133344,0.025832958,0.028733877
3,0.205,0.024156,0.04257,0.027054,0.0140256,0.026005558,0.028896458
3,0.205,0.024323,0.0404676,0.027254,0.0141768,0.026172169,0.029095941
3,0.205,0.024395,0.0391212,0.027412,0.01332,0.026244,0.029253529
3,0.205,0.024562,0.0362556,0.027568,0.012042,0.026410608,0.029409121
3,0.205,0.024781,0.0351396,0.027715,0.0114588,0.02662909,0.029555734
3,0.205,0.024781,0.0337104,0.027882,0.0114876,0.02662909,0.029722293
3,0.205,0.024948,0.0369612,0.028047,0.0117936,0.026795691,0.029886854
3,0.205,0.025111,0.03915,0.028215,0.0124596,0.026958301,0.030054405
3,0.205,0.025191,0.0408312,0.02838,0.013176,0.027038108,0.030218961
3,0.205,0.025348,0.0429228,0.028528,0.0138672,0.027194728,0.030366561
3,0.205,0.025541,0.0451836,0.028699,0.0140508,0.027387258,0.030537097
3,0.205,0.025631,0.0470736,0.028862,0.0138096,0.027477037,0.030699651
3,0.205,0.025776,0.0493668,0.029056,0.0129096,0.027621681,0.030893118
3,0.205,0.025946,0.0497124,0.029235,0.0126072,0.027791261,0.031071623
3,0.205,0.026155,0.047718,0.029382,0.0131148,0.02799974,0.031218215
3,0.205,0.026346,0.0455832,0.029535,0.0136152,0.028190261,0.031370788
3,0.205,0.026508,0.0461628,0.029705,0.0140472,0.028351853,0.031540311
3,0.205,0.026665,0.0466416,0.029871,0.0143316,0.028508454,0.031705843
3,0.205,0.0268,0.0464328,0.03004,0.0141336,0.02864311,0.031874363
3,0.205,0.026977,0.0459432,0.030208,0.0138384,0.028819656,0.032041884
3,0.205,0.027155,0.0434304,0.030363,0.014202,0.028997197,0.03219644
3,0.205,0.027325,0.0437112,0.03052,0.0139968,0.029166756,0.032352988
3,0.205,0.027459,0.0438192,0.030686,0.0139752,0.029300407,0.032518508
3,0.205,0.027514,0.0431208,0.03085,0.0138708,0.029355263,0.032682031
3,0.205,0.027657,0.0438624,0.031053,0.0136656,0.029497887,0.032884437
3,0.205,0.027809,0.0439128,0.031225,0.013446,0.029649486,0.033055932
3,0.205,0.027973,0.0428112,0.031371,0.0133812,0.029813051,0.0332015
3,0.205,0.028153,0.0423972,0.031521,0.0132372,0.029992571,0.033351055
3,0.205,0.028348,0.0409824,0.031696,0.01314,0.030187047,0.033525533
3,0.205,0.028501,0.0406764,0.031859,0.0132876,0.030339634,0.033688044
3,0.205,0.028636,0.0408672,0.032026,0.013428,0.030474268,0.033854541
3,0.205,0.0288,0.0413676,0.032189,0.0133344,0.030637821,0.034017048
3,0.205,0.028969,0.0423468,0.032348,0.0134028,0.030806358,0.034175564
3,0.205,0.029168,0.0430164,0.032505,0.0133416,0.031004809,0.034332085
3,0.205,0.029349,0.0413676,0.032674,0.0137808,0.031185307,0.034500566
3,0.205,0.02949,0.0403308,0.032854,0.0139428,0.031325914,0.034680011
3,0.205,0.029637,0.0397728,0.033063,0.0139932,0.031472502,0.034888362
3,0.205,0.029799,0.0393696,0.033228,0.014112,0.031634046,0.035052848
3,0.205,0.029969,0.0394236,0.033386,0.0142632,0.031803565,0.035210353
3,0.205,0.030183,0.039366,0.033539,0.0142524,0.032016956,0.035362871
3,0.205,0.030373,0.038556,0.033696,0.014472,0.032206411,0.035519375
3,0.205,0.030561,0.03843,0.033877,0.0142452,0.03239387,0.0356998
3,0.205,0.030771,0.037674,0.034068,0.0144324,0.032603261,0.035890191
3,0.205,0.030942,0.0373788,0.034265,0.0136368,0.032773762,0.036086558
3,0.205,0.031088,0.037332,0.034428,0.0138888,0.032919335,0.036249033
3,0.205,0.031241,0.0372636,0.034577,0.0141012,0.033071884,0.03639755
3,0.205,0.031409,0.037728,0.034719,0.0140688,0.033239388,0.036539088
3,0.205,0.031582,0.0378756,0.034896,0.013968,0.033411873,0.03671551
3,0.205,0.031768,0.0373968,0.035063,0.0138708,0.033597317,0.036881962
3,0.205,0.031964,0.0371376,0.035243,0.0136728,0.033792728,0.037061369
3,0.205,0.032182,0.0371772,0.035388,0.0140292,0.034010069,0.037205889
3,0.205,0.032371,0.03708,0.035551,0.0140976,0.034198494,0.037368347
3,0.205,0.032585,0.0371484,0.035703,0.01386,0.03441184,0.037519839
3,0.205,0.032781,0.0367668,0.035881,0.0132156,0.034607236,0.037697243
3,0.205,0.032969,0.0378036,0.036044,0.0135648,0.034794655,0.037859693
3,0.205,0.033141,0.0383904,0.036222,0.0134892,0.034966119,0.038037091
3,0.205,0.033297,0.0386028,0.036367,0.0144468,0.035121632,0.038181599
3,0.205,0.033439,0.0385344,0.036517,0.0150624,0.035263186,0.038331087
3,0.205,0.033619,0.0373392,0.036681,0.0150336,0.035442619,0.038494525
3,0.205,0.033785,0.0372852,0.036857,0.0151776,0.035608093,0.03866992
3,0.205,0.034001,0.0380268,0.037059,0.0145512,0.035823405,0.038871222
3,0.205,0.03417,0.0389988,0.037231,0.0140544,0.035991864,0.039042624
3,0.205,0.034386,0.0383076,0.03738,0.0142992,0.036207168,0.039191105
3,0.205,0.034569,0.0361404,0.037527,0.0143208,0.036389576,0.03933759
3,0.205,0.034695,0.0352296,0.037687,0.0143424,0.036515167,0.039497028
3,0.205,0.034837,0.0347436,0.037863,0.0143064,0.036656703,0.039672407
3,0.205,0.035019,0.0343368,0.038047,0.0142776,0.036838107,0.039855755
3,0.205,0.035188,0.0350568,0.038209,0.0145584,0.037006551,0.040017178
3,0.205,0.035409,0.0355752,0.038348,0.0149364,0.037226819,0.040155681
3,0.205,0.03559,0.0368424,0.038513,0.0149832,0.037407217,0.040320089
3,0.205,0.03579,0.0376452,0.038675,0.0149472,0.037606548,0.040481506
3,0.205,0.03598,0.0371052,0.038846,0.014994,0.037795909,0.040651888
3,0.205,0.036154,0.0382068,0.039053,0.0146304,0.037969322,0.040858136
3,0.205,0.03629,0.0380232,0.03926,0.0148644,0.03810486,0.04106438
3,0.205,0.036431,0.0375408,0.039461,0.0148608,0.038245381,0.041264642
3,0.205,0.036601,0.037062,0.039633,0.0148428,0.0384148,0.041436008
3,0.205,0.036788,0.0351504,0.039778,0.0151704,0.038601158,0.041580472
3,0.205,0.036996,0.0352152,0.039921,0.0149436,0.03880844,0.041722941
3,0.205,0.037176,0.0361584,0.040088,0.0150372,0.038987816,0.041889319
3,0.205,0.037343,0.0379476,0.04027,0.0153036,0.039154234,0.042070638
3,0.205,0.037499,0.0383256,,,0.039309688,
3,0.205,0.037641,0.0378576,,,0.03945119,
3,0.205,0.037801,0.0370368,,,0.039610626,
3,0.205,0.03799,0.0373536,,,0.039798957,
3,0.205,0.038161,0.0359676,,,0.039969349,
3,0.205,0.038338,0.03573,,,0.040145717,
3,0.205,0.038477,0.0353808,,,0.040284219,
3,0.205,0.038626,0.0346932,,,0.040432683,
3,0.205,0.038808,0.035388,,,0.040614025,
3,0.205,0.038989,0.0361008,,,0.040794369,
3,0.205,0.039182,0.0363996,,,0.040986665,
3,0.205,0.039362,0.035964,,,0.041166006,
3,0.205,0.0395,0.0361548,,,0.041303499,
3,0.205,0.039622,0.0359928,,,0.041425049,
3,0.205,0.039806,0.0353448,,,0.041608368,
3,0.205,0.03999,0.0348444,,,0.041791684,
3,0.205,0.040176,0.034056,,,0.04197699,
4,0.24,0.014401,0.0261972,0.014383,-0.0003744,0.016964616,0.016946643
4,0.24,0.014624,0.0243792,0.014627,0.00225,0.017187276,0.017190271
4,0.24,0.014776,0.022806,0.014792,0.0015588,0.017339042,0.017355017
4,0.24,0.014877,0.0239868,0.014996,0.0014112,0.017439885,0.017558699
4,0.24,0.015027,0.0249696,0.015203,-0.0002232,0.01758965,0.017765372
4,0.24,0.015201,0.0268956,0.015365,0.0001044,0.017763375,0.017927114
4,0.24,0.015373,0.0290628,0.015648,0.0047232,0.017935101,0.018209657
4,0.24,0.015522,0.0305064,0.015662,0.0063108,0.018083861,0.018223634
4,0.24,0.015655,0.0323964,0.015714,0.0096912,0.018216646,0.01827555
4,0.24,0.015822,0.0355464,0.015766,0.01242,0.018383373,0.018327465
4,0.24,0.016013,0.0375264,0.015855,0.0166176,0.018574058,0.018416319
4,0.24,0.016172,0.0340992,0.015915,0.0202752,0.018732793,0.01847622
4,0.24,0.016276,0.0304884,0.015967,0.023886,0.018836618,0.018528134
4,0.24,0.016401,0.0260676,0.016041,0.0274356,0.018961407,0.018602011
4,0.24,0.016485,0.0222804,0.016116,0.0307512,0.019045265,0.018676886
4,0.24,0.016561,0.0186048,0.016279,0.032652,0.019121135,0.018839613
4,0.24,0.01668,0.0163152,0.016361,0.030186,0.019239931,0.018921475
4,0.24,0.016821,0.0143136,0.016467,0.0263844,0.019380688,0.019027295
4,0.24,0.017008,0.014112,0.01654,0.0223092,0.019567363,0.019100171
4,0.24,0.017171,0.0141156,0.016642,0.0179064,0.019730077,0.019201997
4,0.24,0.017363,0.0137268,0.016746,0.0160704,0.019921737,0.019305818
4,0.24,0.017536,0.0130212,0.016904,0.0136296,0.020094428,0.019463544
4,0.24,0.01767,0.0127224,0.017068,0.0109476,0.020228187,0.019627258
4,0.24,0.01782,0.0123876,0.017232,0.00999,0.020377915,0.019790969
4,0.24,0.018,0.013554,0.017395,0.0097596,0.020557586,0.01995368
4,0.24,0.018162,0.0154188,0.017559,0.0103824,0.020719287,0.020117387
4,0.24,0.018319,0.0179208,0.017723,0.0110556,0.020875996,0.020281091
4,0.24,0.018458,0.0209628,0.017865,0.01188,0.021014736,0.020422833
4,0.24,0.018621,0.0240912,0.01805,0.0124884,0.021177429,0.020607494
4,0.24,0.018784,0.0239832,0.018214,0.0145764,0.021340119,0.020771191
4,0.24,0.018976,0.0214776,0.018394,0.0144072,0.021531752,0.020950856
4,0.24,0.019037,0.0187776,0.018541,0.01449,0.021592634,0.02109758
4,0.24,0.019139,0.0149976,0.018699,0.014706,0.021694437,0.021255281
4,0.24,0.019246,0.012798,0.018868,0.0151056,0.021801229,0.021423959
4,0.24,0.01942,0.0125892,0.019036,0.0180684,0.021974889,0.021591636
4,0.24,0.019593,0.0148608,0.019106,0.0210996,0.022147548,0.021661501
4,0.24,0.019755,0.0189504,0.019158,0.0239076,0.022309227,0.0217134
4,0.24,0.019915,0.0215388,0.01924,0.0272628,0.022468907,0.021795241
4,0.24,0.020071,0.0216828,0.019307,0.0302652,0.022624593,0.02186211
4,0.24,0.020231,0.0206028,0.019404,0.0340164,0.022784269,0.021958921
4,0.24,0.020397,0.0217152,0.01953,0.0377568,0.02294993,0.022084673
4,0.24,0.02056,0.0225216,0.019687,0.0390528,0.023112595,0.022241362
4,0.24,0.020693,0.0252072,0.019798,0.0359784,0.02324532,0.022352141
4,0.24,0.020823,0.0280152,0.019885,0.0322308,0.023375049,0.022438967
4,0.24,0.020995,0.0309744,0.019947,0.0288,0.023546689,0.022500843
4,0.24,0.021133,0.0350316,0.019999,0.0256932,0.023684398,0.022552738
4,0.24,0.02127,0.0377028,0.020062,0.0226476,0.023821107,0.022615611
4,0.24,0.021433,0.0406764,0.02017,0.0197604,0.023983759,0.022723393
4,0.24,0.021609,0.0444888,0.020285,0.0176508,0.024159381,0.022838159
4,0.24,0.021808,0.0452412,0.02046,0.0173304,0.02435795,0.023012801
4,0.24,0.021971,0.0431388,0.020618,0.0184176,0.024520595,0.023170475
4,0.24,0.02214,0.0393084,0.020758,0.016848,0.024689224,0.023310184
4,0.24,0.02226,0.0372348,0.020898,0.0143892,0.024808958,0.023449892
4,0.24,0.022437,0.0344412,0.021048,0.0111348,0.024985565,0.023599577
4,0.24,0.022595,0.0308376,0.021204,0.0078696,0.025143212,0.023755247
4,0.24,0.022761,0.0273276,0.021368,0.0071352,0.025308838,0.023918898
4,0.24,0.022898,0.0245268,0.02154,0.0067716,0.025445528,0.02409053
4,0.24,0.023042,0.0221148,0.021695,0.0067392,0.0255892,0.024245195
4,0.24,0.023204,0.023148,0.021859,0.0074988,0.025750828,0.024408839
4,0.24,0.023373,0.025218,0.022023,0.0083592,0.025919439,0.024572481
4,0.24,0.023534,0.0277344,0.022186,0.0091584,0.026080065,0.024735122
4,0.24,0.023668,0.0300564,0.02235,0.009216,0.026213752,0.024898759
4,0.24,0.023828,0.0324576,0.022513,0.0098892,0.026373377,0.025061395
4,0.24,0.023993,0.0335304,0.022677,0.0109656,0.026537987,0.025225027
4,0.24,0.024178,0.0332856,0.022841,0.0113436,0.026722548,0.025388657
4,0.24,0.024325,0.0322056,0.023004,0.0115704,0.026869196,0.025551286
4,0.24,0.024477,0.0310788,0.023146,0.0093348,0.027020831,0.025692962
4,0.24,0.02464,0.0300852,0.023287,0.007812,0.027183436,0.025833637
4,0.24,0.024807,0.0310464,0.023451,0.0069444,0.02735003,0.025997258
4,0.24,0.02497,0.033048,0.023614,0.0069408,0.027512631,0.026159879
4,0.24,0.025141,0.034002,0.023778,0.0077832,0.02768321,0.026323494
4,0.24,0.025281,0.0354456,0.023942,0.008154,0.027822863,0.026487108
4,0.24,0.025431,0.0357624,0.024105,0.0080748,0.02797249,0.026649721
4,0.24,0.025604,0.03492,0.024269,0.007992,0.028145056,0.02681333
4,0.24,0.025777,0.0362448,0.024433,0.007956,0.028317621,0.026976937
4,0.24,0.025954,0.0359424,0.024596,0.0088092,0.028494172,0.027139543
4,0.24,0.026115,0.0352872,0.02476,0.0095328,0.028654761,0.027303144
4,0.24,0.026251,0.0355572,0.024924,0.0103104,0.028790413,0.027466744
4,0.24,0.026412,0.0364212,0.025082,0.010998,0.028950998,0.027624355
4,0.24,0.026583,0.0384012,0.025251,0.011826,0.029121555,0.027792937
4,0.24,0.02675,0.0400752,0.025415,0.0120528,0.02928812,0.027956529
4,0.24,0.026975,0.0393444,0.025584,0.0122112,0.02951253,0.028125107
4,0.24,0.02716,0.0371304,0.02575,0.0112968,0.029697041,0.028290689
4,0.24,0.027279,0.0370512,0.025906,0.010656,0.029815725,0.028446294
4,0.24,0.027431,0.0369972,0.026069,0.010854,0.02996732,0.028608879
4,0.24,0.027596,0.03744,0.026233,0.01152,0.030131877,0.028772459
4,0.24,0.027774,0.0361296,0.026397,0.0119124,0.030309397,0.028936037
4,0.24,0.027937,0.0343944,0.026566,0.0108,0.030471955,0.029104599
4,0.24,0.028104,0.034146,0.026727,0.0101412,0.0306385,0.02926518
4,0.24,0.028245,0.0340848,0.026888,0.009936,0.030779114,0.029425758
4,0.24,0.028417,0.0348552,0.027051,0.010206,0.03095064,0.029588329
4,0.24,0.028581,0.0363348,0.027215,0.0108972,0.031114186,0.029751895
4,0.24,0.028775,0.0349812,0.027379,0.0120024,0.031307646,0.029915458
4,0.24,0.028938,0.03447,0.027549,0.0119664,0.031470189,0.030085003
4,0.24,0.029084,0.0335556,0.027706,0.0123696,0.031615779,0.030241581
4,0.24,0.02924,0.0320256,0.027856,0.012672,0.031771338,0.030391175
4,0.24,0.029404,0.0318024,0.02803,0.0127872,0.031934872,0.030564702
4,0.24,0.029576,0.0313272,0.028198,0.0133776,0.03210638,0.030732243
4,0.24,0.029756,0.0319068,0.02839,0.0139104,0.032285863,0.030923715
4,0.24,0.029947,0.0307116,0.02856,0.0135036,0.032476312,0.031093244
4,0.24,0.03011,0.0293004,0.028718,0.0140328,0.032638838,0.031250805
4,0.24,0.030255,0.0284868,0.028876,0.0143892,0.032783415,0.031408363
4,0.24,0.030424,0.0284976,0.029045,0.0149364,0.03295192,0.031576889
4,0.24,0.030591,0.0298764,0.029209,0.015732,0.033118428,0.031740425
4,0.24,0.030762,0.0306864,0.029395,0.0151344,0.033288921,0.031925897
4,0.24,0.030936,0.0308088,0.029541,0.0149904,0.033462403,0.03207148
4,0.24,0.031084,0.0305064,0.0297,0.0149004,0.03360996,0.032230024
4,0.24,0.031245,0.030762,0.029855,0.0146808,0.033770477,0.032384578
4,0.24,0.031408,0.031788,0.030027,0.0152136,0.033932984,0.03255608
4,0.24,0.031573,0.03375,0.030191,0.015642,0.034097484,0.032719602
4,0.24,0.031761,0.033246,0.030376,0.01575,0.034284911,0.032904061
4,0.24,0.031907,0.033534,0.030518,0.0159264,0.034430463,0.033045643
4,0.24,0.032044,0.03312,0.030669,0.015912,0.034567042,0.033196197
4,0.24,0.032222,0.0312084,0.030845,0.015732,0.034744492,0.033371674
4,0.24,0.032384,0.0322596,0.031009,0.0164412,0.034905988,0.033535185
4,0.24,0.032577,0.0310464,0.03121,0.0160812,0.035098386,0.033735582
4,0.24,0.032735,0.030384,0.031396,0.0164412,0.03525589,0.033921021
4,0.24,0.032892,0.0297216,0.031548,0.0158508,0.035412396,0.03407256
4,0.24,0.033044,0.0290412,0.03171,0.015444,0.035563914,0.034234066
4,0.24,0.033212,0.0300996,0.031872,0.01566,0.03573138,0.034395571
4,0.24,0.033377,0.030798,0.032036,0.0155556,0.035895853,0.034559066
4,0.24,0.033583,0.0308736,0.032199,0.0160848,0.036101192,0.034721563
4,0.24,0.033772,0.0296892,0.032408,0.016002,0.036289582,0.034929914
4,0.24,0.033907,0.0295524,0.032601,0.0161244,0.036424144,0.035122311
4,0.24,0.034044,0.0293256,0.032809,0.0161568,0.036560699,0.035329657
4,0.24,0.034218,0.0287784,0.032973,0.0165564,0.03673413,0.035493139
4,0.24,0.034382,0.029376,0.033142,0.0169668,0.036897592,0.035661603
4,0.24,0.034601,0.0288792,0.033295,0.0173088,0.037115869,0.035814116
4,0.24,0.034783,0.0285516,0.033456,0.0179964,0.037297265,0.0359746
4,0.24,0.034976,0.02826,0.033628,0.0183384,0.037489622,0.036146047
4,0.24,0.035141,0.0287964,0.033821,0.0185364,0.037654069,0.036338423
4,0.24,0.035289,0.0289728,0.034007,0.0179892,0.037801571,0.036523819
4,0.24,0.035438,0.0290232,0.034175,0.0184428,0.037950068,0.036691271
4,0.24,0.035608,0.0290664,0.034329,0.0187848,0.038119492,0.036844766
4,0.24,0.035789,0.0275724,0.034491,0.018918,0.038299875,0.037006233
4,0.24,0.035968,0.028746,0.034648,0.0188784,0.038478262,0.037162713
4,0.24,0.036174,0.0282276,0.034818,0.0188532,0.038683554,0.037332149
4,0.24,0.036367,0.028818,0.035004,0.0187236,0.038875886,0.037517528
4,0.24,0.036562,0.028494,0.035177,0.0190188,0.039070209,0.037689948
4,0.24,0.036716,0.0276048,0.035325,0.01926,0.039223671,0.03783745
4,0.24,0.036867,0.0279144,0.035471,0.0191304,0.039374142,0.037982956
4,0.24,0.037021,0.028134,0.035651,0.018594,0.039527601,0.038162345
4,0.24,0.037193,0.0289008,0.035815,0.0192852,0.039698993,0.038325786
4,0.24,0.037372,0.0280692,0.036023,0.0190728,0.039877359,0.038533073
4,0.24,0.037568,0.03015,0.036194,0.0193536,0.04007266,0.038703485
4,0.24,0.037738,0.0293868,0.036361,0.0191844,0.040242052,0.038869907
4,0.24,0.037865,0.0315684,0.03652,0.0188388,0.040368595,0.039028355
4,0.24,0.037992,0.0335412,0.036678,0.0192348,0.040495138,0.039185804
4,0.24,0.038171,0.0331056,0.03683,0.0201528,0.04067349,0.039337272
4,0.24,0.038343,0.0342504,0.037005,0.020124,0.040844865,0.039511657
4,0.24,0.038511,0.0327636,0.037206,0.0198648,0.041012252,0.039711947
4,0.24,0.03865,0.0317376,0.037392,0.0198432,0.041150743,0.039897287
4,0.24,0.038817,0.0313524,0.037549,0.0197856,0.041317129,0.040053728
4,0.24,0.038979,0.03015,0.037704,0.02007,0.041478532,0.040208174
4,0.24,0.039177,0.0327636,0.03786,0.020214,0.041675798,0.040363613
4,0.24,0.039346,0.033354,0.038032,0.0187884,0.041844169,0.040534993
4,0.24,0.039515,0.0341892,0.038195,0.01872,0.042012537,0.040697403
4,0.24,0.03967,0.0344808,0.038381,0.01818,0.042166956,0.040882727
4,0.24,0.039818,0.0340344,0.038523,0.0186048,0.042314399,0.041024208
4,0.24,0.039988,0.0341532,0.038675,0.0193284,0.042483756,0.041175652
4,0.24,0.040161,0.0337032,0.03885,0.0192024,0.0426561,0.041350008
4,0.24,,,0.039014,0.0201816,,0.041513402
4,0.24,,,0.039214,0.01917,,0.04171266
4,0.24,,,0.039393,0.0190296,,0.041890994
4,0.24,,,0.03957,0.0182304,,0.042067331
4,0.24,,,0.039713,0.0183924,,0.042209794
4,0.24,,,0.039865,0.018828,,0.042361221
4,0.24,,,0.040029,0.0188424,,0.042524601
4,0.24,,,0.040204,0.0191304,,0.042698937
5,0.3,0.015415,0.0111384,0.015431,0.0051336,0.019423889,0.019439861
5,0.3,0.015577,0.0138672,0.015559,0.00567,0.019585606,0.019567638
5,0.3,0.015736,0.016146,0.01563,0.0072252,0.019744327,0.019638514
5,0.3,0.01579,0.01917,0.01573,0.0117108,0.019798232,0.019738338
5,0.3,0.015962,0.0201708,0.01583,0.0159192,0.019969926,0.019838161
5,0.3,0.015986,0.0235944,0.015922,0.0196812,0.019993884,0.019929998
5,0.3,0.015986,0.0168768,0.015999,0.0231156,0.019993884,0.02000686
5,0.3,0.016132,0.022014,0.016122,0.0267336,0.020139622,0.02012964
5,0.3,0.016186,0.0159696,0.016292,0.0283716,0.020193525,0.020299333
5,0.3,0.016191,0.0195228,0.016444,0.0241308,0.020198516,0.020451056
5,0.3,0.016334,0.0187236,0.016533,0.0205704,0.020341257,0.020539894
5,0.3,0.016374,0.0162,0.016659,0.0160272,0.020381184,0.020665662
5,0.3,0.016401,0.0123192,0.016828,0.0145548,0.020408135,0.020834349
5,0.3,0.016574,0.0146592,0.016997,0.0117216,0.020580818,0.021003033
5,0.3,0.016594,0.0176688,0.017165,0.0102312,0.020600782,0.021170717
5,0.3,0.016731,0.0123732,0.017334,0.0083664,0.020737529,0.021339396
5,0.3,0.016808,0.009378,0.017503,0.0060768,0.020814386,0.021508073
5,0.3,0.016969,0.0070236,0.017672,0.004788,0.020975085,0.021676747
5,0.3,0.016986,0.0038448,0.017838,0.0041112,0.020992054,0.021842424
5,0.3,0.017094,0.0038304,0.01801,0.0039348,0.021099851,0.022014087
5,0.3,0.017232,0.0023256,0.018178,0.0040932,0.02123759,0.022181756
5,0.3,0.017399,0.0032616,0.018347,0.0057888,0.021404272,0.02235042
5,0.3,0.01757,0.0057528,0.018516,0.0069192,0.021574944,0.022519082
5,0.3,0.017778,0.0064512,0.018685,0.0087624,0.021782541,0.02268774
5,0.3,0.017786,0.0041112,0.018846,0.0121392,0.021790526,0.022848413
5,0.3,0.017899,0.006912,0.019007,0.0162144,0.021903305,0.023009084
5,0.3,0.017958,0.0086328,0.01913,0.020322,0.02196219,0.02313183
5,0.3,0.018085,0.0101808,0.019244,0.0242064,0.02208894,0.023245594
5,0.3,0.018172,0.0122724,0.019314,0.0274788,0.022175768,0.023315449
5,0.3,0.018345,0.0136836,0.019391,0.0317916,0.022348424,0.023392288
5,0.3,0.018437,0.016056,0.019476,0.0359064,0.02244024,0.02347711
5,0.3,0.018593,0.0195732,0.01956,0.0394416,0.022595926,0.023560934
5,0.3,0.0186,0.0169452,0.019717,0.0417024,0.022602912,0.023717603
5,0.3,0.018775,0.0146412,0.019893,0.037962,0.022777558,0.023893229
5,0.3,0.018792,0.0112968,0.019959,0.0341604,0.022794523,0.023959088
5,0.3,0.018948,0.0137556,0.01999,0.0320328,0.022950205,0.023990021
5,0.3,0.018992,0.0127152,0.020024,0.0283788,0.022994114,0.024023949
5,0.3,0.019023,0.0112572,0.02008,0.024282,0.023025051,0.024079828
5,0.3,0.019182,0.0085032,0.020182,0.0207216,0.023183723,0.024181609
5,0.3,0.019197,0.0048348,0.020307,0.0188964,0.023198692,0.024306338
5,0.3,0.01938,0.0050904,0.020476,0.0196776,0.023381311,0.02447497
5,0.3,0.019392,0.008442,0.02065,0.0196092,0.023393286,0.024648589
5,0.3,0.019399,0.0021816,0.020819,0.0166428,0.023400272,0.024817216
5,0.3,0.019553,0.005598,0.020972,0.0135648,0.023553949,0.024969876
5,0.3,0.019588,0.007074,0.021126,0.0107136,0.023588875,0.025123531
5,0.3,0.019599,0.0107784,0.021295,0.0086112,0.023599852,0.025292151
5,0.3,0.019599,0.0025236,0.02146,0.0074772,0.023599852,0.025456777
5,0.3,0.019792,0.012078,0.021632,0.0065808,0.023792444,0.025628385
5,0.3,0.019799,0.0161856,0.021801,0.0064548,0.023799429,0.025796997
5,0.3,0.019975,0.015714,0.02197,0.0074484,0.023975054,0.025965607
5,0.3,0.020007,0.0195948,0.022139,0.00765,0.024006985,0.026134214
5,0.3,0.020128,0.0160704,0.022308,0.0077508,0.024127725,0.026302818
5,0.3,0.020195,0.0133308,0.022471,0.007884,0.024194581,0.026465435
5,0.3,0.02038,0.01179,0.022645,0.007776,0.024379179,0.026639022
5,0.3,0.020566,0.014184,0.022814,0.0082296,0.024564773,0.026807619
5,0.3,0.020599,0.0176472,0.022983,0.0082728,0.024597701,0.026976214
5,0.3,0.020708,0.0157536,0.023152,0.0074016,0.024706461,0.027144805
5,0.3,0.020806,0.0183384,0.023324,0.0071964,0.024804244,0.027316388
5,0.3,0.020979,0.0183528,0.023491,0.0069192,0.02497686,0.027482979
5,0.3,0.021123,0.018972,0.023658,0.0067788,0.025120538,0.027649568
5,0.3,0.021183,0.0209736,0.023827,0.0068832,0.025180403,0.02781815
5,0.3,0.021319,0.0211572,0.023996,0.0069084,0.025316097,0.027986729
5,0.3,0.021379,0.0227196,0.024165,0.007686,0.025375961,0.028155306
5,0.3,0.021532,0.022194,0.024334,0.00855,0.025528613,0.02832388
5,0.3,0.021565,0.02376,0.024504,0.0092088,0.025561538,0.028493449
5,0.3,0.021791,0.0240192,0.024672,0.0092664,0.02578702,0.028661021
5,0.3,0.021798,0.0217944,0.02484,0.00963,0.025794004,0.02882859
5,0.3,0.021971,0.0190404,0.025009,0.0109404,0.025966605,0.028997154
5,0.3,0.022006,0.0153792,0.025178,0.01242,0.026001523,0.029165715
5,0.3,0.022124,0.018216,0.025352,0.0127476,0.026119249,0.029339261
5,0.3,0.022212,0.0165492,0.025516,0.0121968,0.026207043,0.029502831
5,0.3,0.022387,0.01557,0.025673,0.011484,0.026381633,0.029659416
5,0.3,0.022621,0.0166248,0.025853,0.0101988,0.026615079,0.029838938
5,0.3,0.022797,0.0177552,0.026022,0.0109476,0.02679066,0.030007487
5,0.3,0.023032,0.0137448,0.026191,0.0106956,0.027025096,0.030176033
5,0.3,0.023205,0.014472,0.02636,0.0105084,0.027197677,0.030344577
5,0.3,0.023375,0.0126936,0.026529,0.0100908,0.027367263,0.030513118
5,0.3,0.023537,0.0134568,0.026698,0.0095868,0.027528866,0.030681657
5,0.3,0.023844,0.014598,0.026867,0.0095076,0.027835108,0.030850193
5,0.3,0.024017,0.0157176,0.027035,0.010206,0.028007677,0.031017729
5,0.3,0.024185,0.0159228,0.027204,0.0107244,0.028175256,0.031186261
5,0.3,0.024416,0.0145548,0.027388,0.0110592,0.028405672,0.031369747
5,0.3,0.024585,0.0149292,0.027569,0.0114408,0.028574243,0.031550239
5,0.3,0.02474,0.0160128,0.027726,0.0108756,0.028728847,0.031706796
5,0.3,0.024818,0.0173304,0.027893,0.0106272,0.028806646,0.031873323
5,0.3,0.024984,0.0177372,0.028061,0.0112896,0.028972218,0.032040844
5,0.3,0.025153,0.0177048,0.028233,0.0106668,0.02914078,0.032212351
5,0.3,0.025219,0.018576,0.028402,0.0118044,0.029206608,0.032380864
5,0.3,0.025385,0.0200772,0.028592,0.0107676,0.029372175,0.032570313
5,0.3,0.025573,0.0214344,0.028739,0.0108504,0.02955968,0.032716885
5,0.3,0.025699,0.0224892,0.028908,0.0109764,0.029685347,0.032885391
5,0.3,0.025841,0.0220752,0.029077,0.0111744,0.02982697,0.033053894
5,0.3,0.026003,0.0191628,0.029234,0.011862,0.029988538,0.03321043
5,0.3,0.02617,0.020016,0.029415,0.0112284,0.03015509,0.033390892
5,0.3,0.026366,0.0199944,0.029584,0.0115452,0.030350561,0.033559388
5,0.3,0.026497,0.0214056,0.029752,0.0108252,0.030481205,0.033726884
5,0.3,0.026568,0.023364,0.029921,0.0111096,0.030552012,0.033895374
5,0.3,0.026682,0.0231696,0.030087,0.0117684,0.030665701,0.034060871
5,0.3,0.026823,0.0224496,0.030259,0.0117612,0.030806314,0.034232347
5,0.3,0.027004,0.0217872,0.030428,0.0133596,0.030986815,0.03440083
5,0.3,0.027189,0.02133,0.030597,0.0128484,0.031171302,0.03456931
5,0.3,0.027382,0.0207864,0.030796,0.0124488,0.031363764,0.034767695
5,0.3,0.027588,0.0191736,0.030937,0.0111132,0.031569186,0.034908257
5,0.3,0.027767,0.020034,0.031105,0.009234,0.03174768,0.035075732
5,0.3,0.027924,0.0193284,0.031272,0.009144,0.031904234,0.035242209
5,0.3,0.028076,0.020214,0.031441,0.010134,0.032055801,0.035410676
5,0.3,0.02822,0.0209988,0.03161,0.0113184,0.032199388,0.035579141
5,0.3,0.028401,0.0197208,0.031779,0.0133308,0.032379867,0.035747604
5,0.3,0.028583,0.0214704,0.031953,0.0133884,0.03256134,0.035921048
5,0.3,0.028759,0.0223128,0.032116,0.0126468,0.032736827,0.036083525
5,0.3,0.028894,0.022914,0.032277,0.0119916,0.032871432,0.036244005
5,0.3,0.029008,0.0236916,0.032454,0.0111348,0.032985097,0.036420432
5,0.3,0.029187,0.0237492,0.032623,0.0110484,0.033163569,0.036588882
5,0.3,0.029371,0.0246348,0.032792,0.0118656,0.033347023,0.036757329
5,0.3,0.029584,0.0228816,0.032972,0.0125928,0.033559388,0.036936738
5,0.3,0.029776,0.0226764,0.033129,0.0134928,0.033750811,0.03709322
5,0.3,0.029963,0.0209808,0.033298,0.0147384,0.033937247,0.037261659
5,0.3,0.03012,0.021042,0.033467,0.0148608,0.034093771,0.037430097
5,0.3,0.030225,0.0201852,0.033636,0.0162576,0.034198451,0.037598531
5,0.3,0.0304,0.0182052,0.033866,0.0165456,0.034372916,0.037827758
5,0.3,0.03058,0.0189252,0.034035,0.0173484,0.034552362,0.037996187
5,0.3,0.030736,0.0194688,0.034204,0.0153504,0.034707881,0.038164613
5,0.3,0.030797,0.0207396,0.034398,0.0134892,0.034768692,0.038357951
5,0.3,0.030967,0.023364,0.034543,0.0133848,0.034938163,0.038502454
5,0.3,0.031119,0.0253548,0.03471,0.0139536,0.035089689,0.03866888
5,0.3,0.031234,0.0249876,0.034879,0.0151164,0.035204328,0.038837296
5,0.3,0.031405,0.0227232,0.035048,0.0157896,0.03537479,0.03900571
5,0.3,0.031571,0.0222804,0.035232,0.0153756,0.035540265,0.039189068
5,0.3,0.031656,0.0204228,0.035386,0.0155376,0.035624995,0.039342529
5,0.3,0.031808,0.0162468,0.035558,0.0144612,0.035776511,0.039513925
5,0.3,0.031811,0.0181332,0.035723,0.01332,0.035779502,0.039678342
5,0.3,0.031987,0.0202896,0.035884,0.0127944,0.035954939,0.039838772
5,0.3,0.032186,0.0194832,0.036061,0.0132732,0.036153299,0.040015142
5,0.3,0.032311,0.02133,0.03623,0.0150444,0.036277895,0.040183537
5,0.3,0.032435,0.0220824,0.036399,0.0143064,0.036401494,0.040351931
5,0.3,0.032502,0.0222084,0.036576,0.0142092,0.036468276,0.040528293
5,0.3,0.032631,0.0226332,0.036737,0.0137916,0.036596856,0.04068871
5,0.3,0.0328,0.0232416,0.036905,0.0139212,0.036765303,0.040856099
5,0.3,0.032979,0.0225216,0.037074,0.0146916,0.036943715,0.041024483
5,0.3,0.03315,0.0199548,0.037243,0.015156,0.03711415,0.041192863
5,0.3,0.03327,0.0186372,0.037435,0.015498,0.037233752,0.041384157
5,0.3,0.033423,0.018108,0.037627,0.0156168,0.037386243,0.041575447
5,0.3,0.033613,0.0162432,0.037803,0.0154728,0.037575608,0.041750793
5,0.3,0.033803,0.0164952,0.037965,0.0151812,0.03776497,0.041912189
5,0.3,0.034007,0.0168048,0.038133,0.0157356,0.037968282,0.042079561
5,0.3,0.03415,0.0189576,0.038302,0.0168012,0.038110797,0.042247926
5,0.3,0.034192,0.0217044,0.038471,0.0182664,0.038152654,0.042416288
5,0.3,0.034278,0.0210456,0.03864,0.0193896,0.038238361,0.042584648
5,0.3,0.034437,0.0220104,0.038824,0.0198936,0.038396818,0.042767948
5,0.3,0.034618,0.0220356,0.038986,0.0188388,0.038577197,0.042929329
5,0.3,0.03479,0.0212508,0.039142,0.0173916,0.038748604,0.043084732
5,0.3,0.034991,0.0203796,0.03931,0.0163836,0.038948908,0.043252085
5,0.3,0.03511,0.0199872,0.039484,0.01683,0.039067494,0.043425413
5,0.3,0.035212,0.0206892,0.039653,0.018306,0.039169138,0.043593758
5,0.3,0.03538,0.0208548,,,0.03933655,
5,0.3,0.035545,0.0224532,,,0.03950097,
5,0.3,0.035667,0.0230076,,,0.03962254,
5,0.3,0.035837,0.0231768,,,0.039791938,
5,0.3,0.03601,0.0226872,,,0.039964323,
5,0.3,0.036183,0.0196704,,,0.040136706,
5,0.3,0.036315,0.0216216,,,0.040268233,
5,0.3,0.03643,0.0227664,,,0.040382819,
5,0.3,0.036598,0.0228168,,,0.040550213,
5,0.3,0.036774,0.0242388,,,0.040725576,
5,0.3,0.036989,0.022122,,,0.040939793,
5,0.3,0.037142,0.0225216,,,0.041092234,
5,0.3,0.037313,0.0232848,,,0.041262606,
5,0.3,0.037449,0.02394,,,0.041398105,
5,0.3,0.037612,0.0247788,,,0.041560503,
5,0.3,0.037789,0.0244548,,,0.041736846,
5,0.3,0.037958,0.0240372,,,0.041905216,
5,0.3,0.037997,0.021402,,,0.04194407,
5,0.3,0.038176,0.0234396,,,0.042122399,
5,0.3,0.038182,0.0206712,,,0.042128377,
5,0.3,0.038368,0.0209592,,,0.042313677,
5,0.3,0.038397,0.0186012,,,0.042342567,
5,0.3,0.038515,0.0202788,,,0.042460122,
5,0.3,0.038597,0.0183888,,,0.042541811,
5,0.3,0.038797,0.0159876,,,0.042741051,
5,0.3,0.038974,0.0174816,,,0.042917375,
5,0.3,0.039054,0.0197424,,,0.042997069,
5,0.3,0.039201,0.0226512,,,0.043143505,
5,0.3,0.039371,0.024174,,,0.04331285,
5,0.3,0.039581,0.0232992,,,0.043522037,
5,0.3,0.039596,0.0205272,,,0.043536979,
