nu,RT,error,Q2,Ex
0.0104,0.0,4.259e-05,0,0.0104
0.0114,2.956e-05,1.733e-05,0,0.0114
0.0134,0.0001416,1.547e-05,0,0.0134
0.0153,0.00021,3.273e-05,0,0.0153
0.0173,0.0005654,2.927e-05,0,0.0173
0.0192,0.001324,5.65e-05,0,0.0192
0.0222,0.006071,6.723e-05,0,0.0222
0.0243,0.006734,8.217e-05,0,0.0243
0.0261,0.005138,8.843e-05,0,0.0261
0.0282,0.004064,8.808e-05,0,0.0282
0.0302,0.004033,7.792e-05,0,0.0302
0.0319,0.00327,8.824e-05,0,0.0319
0.0341,0.003533,7.905e-05,0,0.0341
0.0363,0.00333,8.406e-05,0,0.0363
0.0381,0.003033,8.82e-05,0,0.0381
0.0399,0.002602,0.0001032,0,0.0399
0.0419,0.002936,0.0001604,0,0.0419
0.0442,0.002535,0.0001732,0,0.0442
0.0462,0.00223,0.0002716,0,0.0462
0.0483,0.002495,0.0001979,0,0.0483
0.0504,0.002219,0.0001797,0,0.0504
0.0522,0.002225,0.0002141,0,0.0522
0.0544,0.001865,0.0002665,0,0.0544
0.0562,0.001658,0.0002855,0,0.0562
0.0581,0.002013,0.0002639,0,0.0581
0.0601,0.0016,0.0003051,0,0.0601
0.062,0.001812,0.0002873,0,0.062
0.0639,0.001515,0.0002961,0,0.0639
0.0661,0.001572,0.000371,0,0.0661
0.0683,0.001509,0.0003286,0,0.0683
0.0702,0.001451,0.0003752,0,0.0702
0.0723,0.00194,0.0003545,0,0.0723
0.0741,0.002013,0.0003762,0,0.0741
0.076,0.001978,0.0004065,0,0.076
0.0782,0.002292,0.0004807,0,0.0782
0.0799,0.002208,0.0005556,0,0.0799
0.082,0.001564,0.0005262,0,0.082
0.0838,0.0009189,0.0005304,0,0.0838
0.0862,0.00212,0.0006145,0,0.0862
0.088,0.001859,0.0005882,0,0.088
0.0901,0.002529,0.00057,0,0.0901
0.0921,0.002543,0.0004922,0,0.0921
0.0941,0.002423,0.0003606,0,0.0941
0.0961,0.002698,0.0004883,0,0.0961
0.0981,0.001906,0.0003498,0,0.0981
0.1001,0.001614,0.0003835,0,0.1001
0.1024,0.001798,0.0004654,0,0.1024
0.1042,0.001468,0.0006316,0,0.1042
0.1062,0.003889,0.0006529,0,0.1062
0.1083,0.003099,0.00111,0,0.1083
0.1105,0.002205,0.0009648,0,0.1105
0.1126,0.002548,0.0008025,0,0.1126
0.1145,0.001479,0.001112,0,0.1145
0.1167,0.0009878,0.0008423,0,0.1167
0.1195,0.0028,0.0006708,0,0.1195
0.1217,0.002916,0.0008782,0,0.1217
0.1241,0.003019,0.0008514,0,0.1241
0.1264,0.002501,0.0008112,0,0.1264
0.1289,0.003055,0.0009879,0,0.1289
0.1318,0.002538,0.001081,0,0.1318
0.1339,0.00142,0.000438,0,0.1339
0.1346,0.001092,0.0006838,0,0.1346
0.137,0.002051,0.00105,0,0.137
0.1397,0.002104,0.0009337,0,0.1397
0.1425,0.00127,0.001092,0,0.1425
0.1454,0.001737,0.001089,0,0.1454
0.1469,0.002076,0.0006408,0,0.1469
0.1482,0.0014,0.00103,0,0.1482
0.1514,0.003508,0.001079,0,0.1514
0.1543,0.002805,0.0011,0,0.1543
0.1576,0.003848,0.00146,0,0.1576
0.168,0.002828,0.0005498,0,0.168
0.1838,0.004406,0.0007821,0,0.1838
0.206,0.007178,0.0006742,0,0.206
0.2294,0.01124,0.0009272,0,0.2294
0.2541,0.01619,0.0008613,0,0.2541
0.2772,0.02094,0.001298,0,0.2772
0.301,0.02704,0.0006438,0,0.301
0.3017,0.02456,0.001516,0,0.3017
0.317,0.02916,0.0004746,0,0.317
0.3243,0.02781,0.002015,0,0.3243
0.343,0.03169,0.0004402,0,0.343
0.3492,0.03016,0.001755,0,0.3492
0.369,0.03204,0.0004736,0,0.369
0.3699,0.03016,0.001982,0,0.3699
0.3861,0.03049,0.001474,0,0.3861
0.389,0.0327,0.0004992,0,0.389
0.408,0.03159,0.0006109,0,0.408
0.4162,0.0286,0.00182,0,0.4162
0.439,0.03042,0.0005634,0,0.439
0.4456,0.02735,0.002335,0,0.4456
0.465,0.02855,0.0004973,0,0.465
0.4751,0.02745,0.002693,0,0.4751
0.49,0.02631,0.000524,0,0.49
0.5052,0.02438,0.001875,0,0.5052
0.5052,0.02438,0.001875,0,0.5052
0.514,0.02793,0.0004398,0,0.514
0.53,0.02596,0.0003401,0,0.53
0.54,0.02714,0.0003465,0,0.54
0.568,0.02624,0.000729,0,0.568
0.598,0.02788,0.0007675,0,0.598
0.616,0.02635,0.0006588,0,0.616
0.63,0.02655,0.0004043,0,0.63
0.636,0.02857,0.0005441,0,0.636
0.664,0.0294,0.0005681,0,0.664
0.684,0.0278,0.0008778,0,0.684
0.717,0.02837,0.0007668,0,0.717
0.73,0.02998,0.0001561,0,0.73
0.751,0.02907,0.001124,0,0.751
0.768,0.03203,0.0008214,0,0.768
0.788,0.03101,0.00118,0,0.788
0.817,0.03198,0.001223,0,0.817
0.84,0.0336,0.0008984,0,0.84
0.865,0.03349,0.00148,0,0.865
0.87,0.03163,0.0001861,0,0.87
0.895,0.03484,0.00134,0,0.895
0.908,0.03146,0.00136,0,0.908
0.93,0.03362,0.0003978,0,0.93
0.936,0.03323,0.001001,0,0.936
0.973,0.03705,0.001457,0,0.973
1.044,0.03729,0.001563,0,1.044
1.07,0.03433,0.0002289,0,1.07
1.081,0.03399,0.001619,0,1.081
1.119,0.03734,0.001675,0,1.119
1.163,0.03582,0.002488,0,1.163
1.19,0.03538,0.0005091,0,1.19
1.32,0.03783,0.0002823,0,1.32
1.43,0.03854,0.0006117,0,1.43
1.54,0.04052,0.0003294,0,1.54
1.7,0.044,0.0007272,0,1.7
1.83,0.04384,0.0007829,0,1.83
1.96,0.04779,0.0008385,0,1.96
2.06,0.05023,0.001322,0,2.06
2.18,0.05409,0.001865,0,2.18
2.28,0.0556,0.001951,0,2.28
2.39,0.05674,0.002045,0,2.39
2.5,0.06524,0.002674,0,2.5
2.59,0.06038,0.00277,0,2.59
