Z,A,E0,ThetaDeg,nu,cross,error,dataSet,normalization,normError,normCross,system_err,normCrossError,ThetaRad,sin2(T/2),cos2(T/2),tan2(T/2),nuel,Ex,Ep,R,Veff,Eeff,Ep_eff,F2foc,Q2,Q2eff,qv,W2,RT,RTerr,qvbin,qvcenter,Q2bin,Q2center
26,56,0.1546,180,0.0058,459,27.41719351,Hotta:1984,1,0,459,0.05,27.41719351,3.141592654,1,3.75E-33,2.67E+32,0.000910991,0.004889009,0.1488,4.433234524,0.0089,0.1635,0.1577,1.1184499,0.09201792,0.1031358,0.3212,0.788104389,2.115242695,0.126348624,"[0.270,0.340]",0.3,"[0.100,0.145]",0.12
26,56,0.1546,180,0.0158,4120,212.9600902,Hotta:1984,1,0,4120,0.05,212.9600902,3.141592654,1,3.75E-33,2.67E+32,0.000910991,0.014889009,0.1388,4.433234524,0.0089,0.1635,0.1477,1.1184499,0.08583392,0.0965958,0.3112,0.813409849,18.98649217,0.981399292,"[0.270,0.340]",0.3,"[0.070,0.100]",0.093
26,56,0.1546,180,0.0258,7080,363.1487299,Hotta:1984,1,0,7080,0.05,363.1487299,3.141592654,1,3.75E-33,2.67E+32,0.000910991,0.024889009,0.1288,4.433234524,0.0089,0.1635,0.1377,1.1184499,0.07964992,0.0900558,0.3012,0.838715309,32.62727295,1.673524397,"[0.270,0.340]",0.3,"[0.070,0.100]",0.093
26,56,0.1546,180,0.0357,10000,508.7592751,Hotta:1984,1,0,10000,0.05,508.7592751,3.141592654,1,3.75E-33,2.67E+32,0.000910991,0.034789009,0.1189,4.433234524,0.0089,0.1635,0.1278,1.1184499,0.07352776,0.0835812,0.2913,0.863767715,46.08371885,2.34455194,"[0.270,0.340]",0.3,"[0.070,0.100]",0.093
26,56,0.1546,180,0.0457,12500,635.8569021,Hotta:1984,1,0,12500,0.05,635.8569021,3.141592654,1,3.75E-33,2.67E+32,0.000910991,0.044789009,0.1089,4.433234524,0.0089,0.1635,0.1178,1.1184499,0.06734376,0.0770412,0.2813,0.889073175,57.60464857,2.930265071,"[0.270,0.340]",0.3,"[0.070,0.100]",0.093
26,56,0.1546,180,0.0556,14300,734.0170298,Hotta:1984,1,0,14300,0.05,734.0170298,3.141592654,1,3.75E-33,2.67E+32,0.000910991,0.054689009,0.099,4.433234524,0.0089,0.1635,0.1079,1.1184499,0.0612216,0.0705666,0.2714,0.91412558,65.89971796,3.382623443,"[0.270,0.340]",0.3,"[0.070,0.100]",0.093
26,56,0.1546,180,0.0656,14200,732.7079909,Hotta:1984,1,0,14200,0.05,732.7079909,3.141592654,1,3.75E-33,2.67E+32,0.000910991,0.064689009,0.089,4.433234524,0.0089,0.1635,0.0979,1.1184499,0.0550376,0.0640266,0.2614,0.93943104,65.43888077,3.376590906,"[0.223,0.270]",0.24,"[0.045,0.070]",0.056
26,56,0.1546,180,0.0756,12600,736.2479202,Hotta:1984,1,0,12600,0.05,736.2479202,3.141592654,1,3.75E-33,2.67E+32,0.000910991,0.074689009,0.079,4.433234524,0.0089,0.1635,0.0879,1.1184499,0.0488536,0.0574866,0.2514,0.9647365,58.06548576,3.392904216,"[0.223,0.270]",0.24,"[0.045,0.070]",0.056
26,56,0.1546,180,0.0855,10700,678.9322499,Hotta:1984,1,0,10700,0.05,678.9322499,3.141592654,1,3.75E-33,2.67E+32,0.000910991,0.084589009,0.0691,4.433234524,0.0089,0.1635,0.078,1.1184499,0.04273144,0.051012,0.2415,0.989788906,49.30957917,3.128772293,"[0.223,0.270]",0.24,"[0.045,0.070]",0.056
26,56,0.1546,180,0.0955,7540,558.4559069,Hotta:1984,1,0,7540,0.05,558.4559069,3.141592654,1,3.75E-33,2.67E+32,0.000910991,0.094589009,0.0591,4.433234524,0.0089,0.1635,0.068,1.1184499,0.03654744,0.044472,0.2315,1.015094366,34.74712402,2.573572501,"[0.223,0.270]",0.24,"[0.035,0.045]",0.04
26,56,0.1546,180,0.1055,6810,579.5698836,Hotta:1984,1,0,6810,0.05,579.5698836,3.141592654,1,3.75E-33,2.67E+32,0.000910991,0.104589009,0.0491,4.433234524,0.0089,0.1635,0.058,1.1184499,0.03036344,0.037932,0.2215,1.040399826,31.38301254,2.670873557,"[0.186,0.223]",0.205,"[0.035,0.045]",0.04
26,56,0.1546,180,0.1154,6170,877.0480318,Hotta:1984,1,0,6170,0.05,877.0480318,3.141592654,1,3.75E-33,2.67E+32,0.000910991,0.114489009,0.0392,4.433234524,0.0089,0.1635,0.0481,1.1184499,0.02424128,0.0314574,0.2116,1.065452231,28.43365453,4.041763492,"[0.186,0.223]",0.205,"[0.025,0.035]",0.026
26,56,0.1737,180,0.0061,514,38.7490645,Hotta:1984,1,0,514,0.05,38.7490645,3.141592654,1,3.75E-33,2.67E+32,0.001149156,0.004950844,0.1676,4.433234524,0.0089,0.1826,0.1765,1.105100841,0.11644848,0.1289156,0.3591,0.762887553,2.990138433,0.225418418,"[0.340,0.428]",0.38,"[0.100,0.145]",0.12
26,56,0.1737,180,0.0161,3850,210.4311051,Hotta:1984,1,0,3850,0.05,210.4311051,3.141592654,1,3.75E-33,2.67E+32,0.001149156,0.014950844,0.1576,4.433234524,0.0089,0.1826,0.1665,1.105100841,0.10950048,0.1216116,0.3491,0.788957013,22.3969513,1.224159796,"[0.340,0.428]",0.38,"[0.100,0.145]",0.12
26,56,0.1737,180,0.026,5940,320.7023542,Hotta:1984,1,0,5940,0.05,320.7023542,3.141592654,1,3.75E-33,2.67E+32,0.001149156,0.024850844,0.1477,4.433234524,0.0089,0.1826,0.1566,1.105100841,0.10262196,0.11438064,0.3392,0.814765779,34.55529629,1.865650652,"[0.270,0.340]",0.3,"[0.100,0.145]",0.12
26,56,0.1737,180,0.036,8660,452.3825815,Hotta:1984,1,0,8660,0.05,452.3825815,3.141592654,1,3.75E-33,2.67E+32,0.001149156,0.034850844,0.1377,4.433234524,0.0089,0.1826,0.1466,1.105100841,0.09567396,0.10707664,0.3292,0.840835239,50.37859695,2.631685882,"[0.270,0.340]",0.3,"[0.100,0.145]",0.12
26,56,0.1737,180,0.0459,10500,550.3180898,Hotta:1984,1,0,10500,0.05,550.3180898,3.141592654,1,3.75E-33,2.67E+32,0.001149156,0.044750844,0.1278,4.433234524,0.0089,0.1826,0.1367,1.105100841,0.08879544,0.09984568,0.3193,0.866644004,61.08259446,3.201414924,"[0.270,0.340]",0.3,"[0.070,0.100]",0.093
26,56,0.1737,180,0.0558,12300,635.9787732,Hotta:1984,1,0,12300,0.05,635.9787732,3.141592654,1,3.75E-33,2.67E+32,0.001149156,0.054650844,0.1179,4.433234524,0.0089,0.1826,0.1268,1.105100841,0.08191692,0.09261472,0.3094,0.892452769,71.55389636,3.699736523,"[0.270,0.340]",0.3,"[0.070,0.100]",0.093
26,56,0.1737,180,0.0658,13200,683.3220324,Hotta:1984,1,0,13200,0.05,683.3220324,3.141592654,1,3.75E-33,2.67E+32,0.001149156,0.064650844,0.1079,4.433234524,0.0089,0.1826,0.1168,1.105100841,0.07496892,0.08531072,0.2994,0.918522229,76.78954731,3.975150723,"[0.270,0.340]",0.3,"[0.070,0.100]",0.093
26,56,0.1737,180,0.0757,13300,691.0636729,Hotta:1984,1,0,13300,0.05,691.0636729,3.141592654,1,3.75E-33,2.67E+32,0.001149156,0.074550844,0.098,4.433234524,0.0089,0.1826,0.1069,1.105100841,0.0680904,0.07807976,0.2895,0.944330995,77.37128631,4.020186864,"[0.270,0.340]",0.3,"[0.070,0.100]",0.093
26,56,0.1737,180,0.0857,12500,654.120784,Hotta:1984,1,0,12500,0.05,654.120784,3.141592654,1,3.75E-33,2.67E+32,0.001149156,0.084550844,0.088,4.433234524,0.0089,0.1826,0.0969,1.105100841,0.0611424,0.07077576,0.2795,0.970400455,72.71737435,3.805275673,"[0.270,0.340]",0.3,"[0.070,0.100]",0.093
26,56,0.1737,180,0.0956,9820,525.0495215,Hotta:1984,1,0,9820,0.05,525.0495215,3.141592654,1,3.75E-33,2.67E+32,0.001149156,0.094450844,0.0781,4.433234524,0.0089,0.1826,0.087,1.105100841,0.05426388,0.0635448,0.2696,0.99620922,57.12676929,3.054417808,"[0.223,0.270]",0.24,"[0.045,0.070]",0.056
26,56,0.1737,180,0.1055,8010,441.1635184,Hotta:1984,1,0,8010,0.05,441.1635184,3.141592654,1,3.75E-33,2.67E+32,0.001149156,0.104350844,0.0682,4.433234524,0.0089,0.1826,0.0771,1.105100841,0.04738536,0.05631384,0.2597,1.022017986,46.59729348,2.566420218,"[0.223,0.270]",0.24,"[0.045,0.070]",0.056
26,56,0.1737,180,0.1155,6910,395.7515003,Hotta:1984,1,0,6910,0.05,395.7515003,3.141592654,1,3.75E-33,2.67E+32,0.001149156,0.114350844,0.0582,4.433234524,0.0089,0.1826,0.0671,1.105100841,0.04043736,0.04900984,0.2497,1.048087446,40.19816454,2.3022408,"[0.223,0.270]",0.24,"[0.045,0.070]",0.056
26,56,0.1737,180,0.1254,6650,434.0475204,Hotta:1984,1,0,6650,0.05,434.0475204,3.141592654,1,3.75E-33,2.67E+32,0.001149156,0.124250844,0.0483,4.433234524,0.0089,0.1826,0.0572,1.105100841,0.03355884,0.04177888,0.2398,1.073896211,38.68564315,2.525023682,"[0.223,0.270]",0.24,"[0.035,0.045]",0.04
26,56,0.1737,180,0.1353,8580,500.6046344,Hotta:1984,1,0,8580,0.05,500.6046344,3.141592654,1,3.75E-33,2.67E+32,0.001149156,0.134150844,0.0384,4.433234524,0.0089,0.1826,0.0473,1.105100841,0.02668032,0.03454792,0.2299,1.099704976,49.91320575,2.912212368,"[0.223,0.270]",0.24,"[0.025,0.035]",0.026
26,56,0.1922,180,0.0064,331,31.6686359,Hotta:1984,1,0,331,0.05,31.6686359,3.141592654,1,3.75E-33,2.67E+32,0.001405983,0.004994017,0.1858,4.433234524,0.0089,0.2011,0.1947,1.094756102,0.14284304,0.15661668,0.3958,0.735749437,2.35756296,0.225561338,"[0.340,0.428]",0.38,"[0.145,0.206]",0.16
26,56,0.1922,180,0.0163,3010,168.1524606,Hotta:1984,1,0,3010,0.05,168.1524606,3.141592654,1,3.75E-33,2.67E+32,0.001405983,0.014894017,0.1759,4.433234524,0.0089,0.2011,0.1848,1.094756102,0.13523192,0.14865312,0.3859,0.762290802,21.43886559,1.197673755,"[0.340,0.428]",0.38,"[0.145,0.206]",0.16
26,56,0.1922,180,0.0262,4580,249.0883377,Hotta:1984,1,0,4580,0.05,249.0883377,3.141592654,1,3.75E-33,2.67E+32,0.001405983,0.024794017,0.166,4.433234524,0.0089,0.2011,0.1749,1.094756102,0.1276208,0.14068956,0.376,0.788832168,32.62126392,1.77414332,"[0.340,0.428]",0.38,"[0.100,0.145]",0.12
26,56,0.1922,180,0.0362,6630,355.353697,Hotta:1984,1,0,6630,0.05,355.353697,3.141592654,1,3.75E-33,2.67E+32,0.001405983,0.034794017,0.156,4.433234524,0.0089,0.2011,0.1649,1.094756102,0.1199328,0.13264556,0.366,0.815641628,47.22248468,2.531023305,"[0.340,0.428]",0.38,"[0.100,0.145]",0.12
26,56,0.1922,180,0.0461,8760,463.2979603,Hotta:1984,1,0,8760,0.05,463.2979603,3.141592654,1,3.75E-33,2.67E+32,0.001405983,0.044694017,0.1461,4.433234524,0.0089,0.2011,0.155,1.094756102,0.11232168,0.124682,0.3561,0.842182993,62.39350916,3.299861362,"[0.340,0.428]",0.38,"[0.100,0.145]",0.12
26,56,0.1922,180,0.0561,10100,525.6814625,Hotta:1984,1,0,10100,0.05,525.6814625,3.141592654,1,3.75E-33,2.67E+32,0.001405983,0.054694017,0.1361,4.433234524,0.0089,0.2011,0.145,1.094756102,0.10463368,0.116638,0.3461,0.868992453,71.93772175,3.74419077,"[0.340,0.428]",0.38,"[0.100,0.145]",0.12
26,56,0.1922,180,0.066,11100,582.5409857,Hotta:1984,1,0,11100,0.05,582.5409857,3.141592654,1,3.75E-33,2.67E+32,0.001405983,0.064594017,0.1262,4.433234524,0.0089,0.2011,0.1351,1.094756102,0.09702256,0.10867444,0.3362,0.895533819,79.06026846,4.14917538,"[0.270,0.340]",0.3,"[0.100,0.145]",0.12
26,56,0.1922,180,0.0759,12400,656.5485511,Hotta:1984,1,0,12400,0.05,656.5485511,3.141592654,1,3.75E-33,2.67E+32,0.001405983,0.074494017,0.1163,4.433234524,0.0089,0.2011,0.1252,1.094756102,0.08941144,0.10071088,0.3263,0.922075184,88.31957918,4.676297722,"[0.270,0.340]",0.3,"[0.100,0.145]",0.12
26,56,0.1922,180,0.0859,11800,614.2808804,Hotta:1984,1,0,11800,0.05,614.2808804,3.141592654,1,3.75E-33,2.67E+32,0.001405983,0.084494017,0.1063,4.433234524,0.0089,0.2011,0.1152,1.094756102,0.08172344,0.09266688,0.3163,0.948884644,84.04605116,4.375244262,"[0.270,0.340]",0.3,"[0.070,0.100]",0.093
26,56,0.1922,180,0.0958,11200,577.4781381,Hotta:1984,1,0,11200,0.05,577.4781381,3.141592654,1,3.75E-33,2.67E+32,0.001405983,0.094394017,0.0964,4.433234524,0.0089,0.2011,0.1053,1.094756102,0.07411232,0.08470332,0.3064,0.975426009,79.77252313,4.113115012,"[0.270,0.340]",0.3,"[0.070,0.100]",0.093
26,56,0.1922,180,0.1058,9530,507.6191978,Hotta:1984,1,0,9530,0.05,507.6191978,3.141592654,1,3.75E-33,2.67E+32,0.001405983,0.104394017,0.0864,4.433234524,0.0089,0.2011,0.0953,1.094756102,0.06642432,0.07665932,0.2964,1.002235469,67.87787013,3.615541446,"[0.270,0.340]",0.3,"[0.070,0.100]",0.093
26,56,0.1922,180,0.1157,7910,431.2821003,Hotta:1984,1,0,7910,0.05,431.2821003,3.141592654,1,3.75E-33,2.67E+32,0.001405983,0.114294017,0.0765,4.433234524,0.0089,0.2011,0.0854,1.094756102,0.0588132,0.06869576,0.2865,1.028776835,56.33934446,3.071826903,"[0.270,0.340]",0.3,"[0.045,0.070]",0.056
26,56,0.1922,180,0.1256,6000,355.1056181,Hotta:1984,1,0,6000,0.05,355.1056181,3.141592654,1,3.75E-33,2.67E+32,0.001405983,0.124194017,0.0666,4.433234524,0.0089,0.2011,0.0755,1.094756102,0.05120208,0.0607322,0.2766,1.0553182,42.73528025,2.529256351,"[0.270,0.340]",0.3,"[0.045,0.070]",0.056
26,56,0.1922,180,0.1356,5620,347.8304185,Hotta:1984,1,0,5620,0.05,347.8304185,3.141592654,1,3.75E-33,2.67E+32,0.001405983,0.134194017,0.0566,4.433234524,0.0089,0.2011,0.0655,1.094756102,0.04351408,0.0526882,0.2666,1.08212766,40.0287125,2.477438402,"[0.223,0.270]",0.24,"[0.045,0.070]",0.056
26,56,0.1922,180,0.1455,4260,304.7835297,Hotta:1984,1,0,4260,0.05,304.7835297,3.141592654,1,3.75E-33,2.67E+32,0.001405983,0.144094017,0.0467,4.433234524,0.0089,0.2011,0.0556,1.094756102,0.03590296,0.04472464,0.2567,1.108669026,30.34204898,2.170834926,"[0.223,0.270]",0.24,"[0.035,0.045]",0.04
26,56,0.2065,180,0.0066,236,15.46738504,Hotta:1984,1,0,236,0.05,15.46738504,3.141592654,1,3.75E-33,2.67E+32,0.001622098,0.004977902,0.1999,4.433234524,0.0089,0.2154,0.2088,1.088056095,0.1651174,0.17990208,0.4242,0.712839346,1.940352588,0.127170257,"[0.340,0.428]",0.38,"[0.145,0.206]",0.16
26,56,0.2065,180,0.0166,2130,112.4199715,Hotta:1984,1,0,2130,0.05,112.4199715,3.141592654,1,3.75E-33,2.67E+32,0.001622098,0.014977902,0.1899,4.433234524,0.0089,0.2154,0.1988,1.088056095,0.1568574,0.17128608,0.4142,0.740220806,17.51250429,0.924298232,"[0.340,0.428]",0.38,"[0.145,0.206]",0.16
26,56,0.2065,180,0.0265,3350,174.5200562,Hotta:1984,1,0,3350,0.05,174.5200562,3.141592654,1,3.75E-33,2.67E+32,0.001622098,0.024877902,0.18,4.433234524,0.0089,0.2154,0.1889,1.088056095,0.14868,0.16275624,0.4043,0.767328452,27.54314055,1.434874757,"[0.340,0.428]",0.38,"[0.145,0.206]",0.16
26,56,0.2065,180,0.0364,5100,263.1539473,Hotta:1984,1,0,5100,0.05,263.1539473,3.141592654,1,3.75E-33,2.67E+32,0.001622098,0.034777902,0.1701,4.433234524,0.0089,0.2154,0.179,1.088056095,0.1405026,0.1542264,0.3944,0.794436097,41.9313483,2.163607808,"[0.340,0.428]",0.38,"[0.145,0.206]",0.16
26,56,0.2065,180,0.0464,6530,335.6877269,Hotta:1984,1,0,6530,0.05,335.6877269,3.141592654,1,3.75E-33,2.67E+32,0.001622098,0.044777902,0.1601,4.433234524,0.0089,0.2154,0.169,1.088056095,0.1322426,0.1456104,0.3844,0.821817557,53.68856949,2.759968431,"[0.340,0.428]",0.38,"[0.145,0.206]",0.16
26,56,0.2065,180,0.0563,8250,421.7822305,Hotta:1984,1,0,8250,0.05,421.7822305,3.141592654,1,3.75E-33,2.67E+32,0.001622098,0.054677902,0.1502,4.433234524,0.0089,0.2154,0.1591,1.088056095,0.1240652,0.13708056,0.3745,0.848925202,67.83012225,3.467823062,"[0.340,0.428]",0.38,"[0.100,0.145]",0.12
26,56,0.2065,180,0.0663,9360,483.8935833,Hotta:1984,1,0,9360,0.05,483.8935833,3.141592654,1,3.75E-33,2.67E+32,0.001622098,0.064677902,0.1402,4.433234524,0.0089,0.2154,0.1491,1.088056095,0.1158052,0.12846456,0.3645,0.876306662,76.95635688,3.978492232,"[0.340,0.428]",0.38,"[0.100,0.145]",0.12
26,56,0.2065,180,0.0762,10500,530.7626588,Hotta:1984,1,0,10500,0.05,530.7626588,3.141592654,1,3.75E-33,2.67E+32,0.001622098,0.074577902,0.1303,4.433234524,0.0089,0.2154,0.1392,1.088056095,0.1076278,0.11993472,0.3546,0.903414308,86.3292465,4.363841944,"[0.340,0.428]",0.38,"[0.100,0.145]",0.12
26,56,0.2065,180,0.0861,10700,542.1890814,Hotta:1984,1,0,10700,0.05,542.1890814,3.141592654,1,3.75E-33,2.67E+32,0.001622098,0.084477902,0.1204,4.433234524,0.0089,0.2154,0.1293,1.088056095,0.0994504,0.11140488,0.3447,0.930521953,87.9736131,4.457788082,"[0.340,0.428]",0.38,"[0.100,0.145]",0.12
26,56,0.2065,180,0.0961,10800,552.1095906,Hotta:1984,1,0,10800,0.05,552.1095906,3.141592654,1,3.75E-33,2.67E+32,0.001622098,0.094477902,0.1104,4.433234524,0.0089,0.2154,0.1193,1.088056095,0.0911904,0.10278888,0.3347,0.957903413,88.7957964,4.539352851,"[0.270,0.340]",0.3,"[0.100,0.145]",0.12
26,56,0.2065,180,0.106,10000,512.6099882,Hotta:1984,1,0,10000,0.05,512.6099882,3.141592654,1,3.75E-33,2.67E+32,0.001622098,0.104377902,0.1005,4.433234524,0.0089,0.2154,0.1094,1.088056095,0.083013,0.09425904,0.3248,0.985011059,82.21833,4.214593717,"[0.270,0.340]",0.3,"[0.070,0.100]",0.093
26,56,0.2065,180,0.116,8500,436.6062299,Hotta:1984,1,0,8500,0.05,436.6062299,3.141592654,1,3.75E-33,2.67E+32,0.001622098,0.114377902,0.0905,4.433234524,0.0089,0.2154,0.0994,1.088056095,0.074753,0.08564304,0.3148,1.012392519,69.8855805,3.589703509,"[0.270,0.340]",0.3,"[0.070,0.100]",0.093
26,56,0.2065,180,0.1259,7190,399.3948547,Hotta:1984,1,0,7190,0.05,399.3948547,3.141592654,1,3.75E-33,2.67E+32,0.001622098,0.124277902,0.0806,4.433234524,0.0089,0.2154,0.0895,1.088056095,0.0665756,0.0771132,0.3049,1.039500164,59.11497927,3.283757797,"[0.270,0.340]",0.3,"[0.070,0.100]",0.093
26,56,0.2211,180,0.0068,160,13.60147051,Hotta:1984,1,0,160,0.05,13.60147051,3.141592654,1,3.75E-33,2.67E+32,0.001858546,0.004941454,0.2143,4.433234524,0.0089,0.23,0.2232,1.082126885,0.18952692,0.205344,0.4532,0.687772735,1.508085649,0.12820114,"[0.428,0.523]",0.475,"[0.145,0.206]",0.16
26,56,0.2211,180,0.0167,1460,78.18567644,Hotta:1984,1,0,1460,0.05,78.18567644,3.141592654,1,3.75E-33,2.67E+32,0.001858546,0.014841454,0.2044,4.433234524,0.0089,0.23,0.2133,1.082126885,0.18077136,0.196236,0.4433,0.715458541,13.76128154,0.736941853,"[0.428,0.523]",0.475,"[0.145,0.206]",0.16
26,56,0.2211,180,0.0267,2650,137.5690736,Hotta:1984,1,0,2650,0.05,137.5690736,3.141592654,1,3.75E-33,2.67E+32,0.001858546,0.024841454,0.1944,4.433234524,0.0089,0.23,0.2033,1.082126885,0.17192736,0.187036,0.4333,0.743424001,24.97766855,1.29666216,"[0.428,0.523]",0.475,"[0.145,0.206]",0.16
26,56,0.2211,180,0.0366,3870,199.1262163,Hotta:1984,1,0,3870,0.05,199.1262163,3.141592654,1,3.75E-33,2.67E+32,0.001858546,0.034741454,0.1845,4.433234524,0.0089,0.23,0.1934,1.082126885,0.1631718,0.177928,0.4234,0.771109806,36.47682162,1.876871181,"[0.340,0.428]",0.38,"[0.145,0.206]",0.16
26,56,0.2211,180,0.0465,5110,262.0004771,Hotta:1984,1,0,5110,0.05,262.0004771,3.141592654,1,3.75E-33,2.67E+32,0.001858546,0.044641454,0.1746,4.433234524,0.0089,0.23,0.1835,1.082126885,0.15441624,0.16882,0.4135,0.798795612,48.1644854,2.469494746,"[0.340,0.428]",0.38,"[0.145,0.206]",0.16
26,56,0.2211,180,0.0565,6460,326.11961,Hotta:1984,1,0,6460,0.05,326.11961,3.141592654,1,3.75E-33,2.67E+32,0.001858546,0.054641454,0.1646,4.433234524,0.0089,0.23,0.1735,1.082126885,0.14557224,0.15962,0.4035,0.826761072,60.88895806,3.073851897,"[0.340,0.428]",0.38,"[0.145,0.206]",0.16
26,56,0.2211,180,0.0664,7570,384.9184979,Hotta:1984,1,0,7570,0.05,384.9184979,3.141592654,1,3.75E-33,2.67E+32,0.001858546,0.064541454,0.1547,4.433234524,0.0089,0.23,0.1636,1.082126885,0.13681668,0.150512,0.3936,0.854446877,71.35130225,3.628062891,"[0.340,0.428]",0.38,"[0.145,0.206]",0.16
26,56,0.2211,180,0.0764,8490,431.6065917,Hotta:1984,1,0,8490,0.05,431.6065917,3.141592654,1,3.75E-33,2.67E+32,0.001858546,0.074541454,0.1447,4.433234524,0.0089,0.23,0.1536,1.082126885,0.12797268,0.141312,0.3836,0.882412337,80.02279473,4.068123167,"[0.340,0.428]",0.38,"[0.100,0.145]",0.12
26,56,0.2211,180,0.0863,9020,460.4888707,Hotta:1984,1,0,9020,0.05,460.4888707,3.141592654,1,3.75E-33,2.67E+32,0.001858546,0.084441454,0.1348,4.433234524,0.0089,0.23,0.1437,1.082126885,0.11921712,0.132204,0.3737,0.910098142,85.01832844,4.340354107,"[0.340,0.428]",0.38,"[0.100,0.145]",0.12
26,56,0.2211,180,0.0963,9000,458.7166882,Hotta:1984,1,0,9000,0.05,458.7166882,3.141592654,1,3.75E-33,2.67E+32,0.001858546,0.094441454,0.1248,4.433234524,0.0089,0.23,0.1337,1.082126885,0.11037312,0.123004,0.3637,0.938063602,84.82981773,4.323650339,"[0.340,0.428]",0.38,"[0.100,0.145]",0.12
26,56,0.2211,180,0.1062,8810,450.6276179,Hotta:1984,1,0,8810,0.05,450.6276179,3.141592654,1,3.75E-33,2.67E+32,0.001858546,0.104341454,0.1149,4.433234524,0.0089,0.23,0.1238,1.082126885,0.10161756,0.113896,0.3538,0.965749408,83.03896602,4.247406521,"[0.340,0.428]",0.38,"[0.100,0.145]",0.12
26,56,0.2211,180,0.1161,8150,414.1645205,Hotta:1984,1,0,8150,0.05,414.1645205,3.141592654,1,3.75E-33,2.67E+32,0.001858546,0.114241454,0.105,4.433234524,0.0089,0.23,0.1139,1.082126885,0.092862,0.104788,0.3439,0.993435213,76.81811272,3.903722309,"[0.340,0.428]",0.38,"[0.100,0.145]",0.12
26,56,0.2211,180,0.1261,6940,353.9901129,Hotta:1984,1,0,6940,0.05,353.9901129,3.141592654,1,3.75E-33,2.67E+32,0.001858546,0.124241454,0.095,4.433234524,0.0089,0.23,0.1039,1.082126885,0.084018,0.095588,0.3339,1.021400673,65.41321501,3.336546306,"[0.270,0.340]",0.3,"[0.070,0.100]",0.093
26,56,0.2211,180,0.136,6080,315.6596268,Hotta:1984,1,0,6080,0.05,315.6596268,3.141592654,1,3.75E-33,2.67E+32,0.001858546,0.134141454,0.0851,4.433234524,0.0089,0.23,0.094,1.082126885,0.07526244,0.08648,0.324,1.049086479,57.30725465,2.975260956,"[0.270,0.340]",0.3,"[0.070,0.100]",0.093
26,56,0.2211,180,0.1459,5060,289.6377047,Hotta:1984,1,0,5060,0.05,289.6377047,3.141592654,1,3.75E-33,2.67E+32,0.001858546,0.144041454,0.0752,4.433234524,0.0089,0.23,0.0841,1.082126885,0.06650688,0.077372,0.3141,1.076772284,47.69320864,2.729990411,"[0.270,0.340]",0.3,"[0.070,0.100]",0.093
26,56,0.2211,180,0.1559,4430,260.4443319,Hotta:1984,1,0,4430,0.05,260.4443319,3.141592654,1,3.75E-33,2.67E+32,0.001858546,0.154041454,0.0652,4.433234524,0.0089,0.23,0.0741,1.082126885,0.05766288,0.068172,0.3041,1.104737744,41.7551214,2.454827245,"[0.270,0.340]",0.3,"[0.045,0.070]",0.056
26,56,0.2211,180,0.1658,4060,249.4674327,Hotta:1984,1,0,4060,0.05,249.4674327,3.141592654,1,3.75E-33,2.67E+32,0.001858546,0.163941454,0.0553,4.433234524,0.0089,0.23,0.0642,1.082126885,0.04890732,0.059064,0.2942,1.132423549,38.26767333,2.351364094,"[0.270,0.340]",0.3,"[0.045,0.070]",0.056
26,56,0.2356,180,0.0071,105,10.41933299,Hotta:1984,1,0,105,0.05,10.41933299,3.141592654,1,3.75E-33,2.67E+32,0.002109148,0.004990852,0.2285,4.433234524,0.0089,0.2445,0.2374,1.076978801,0.2153384,0.2321772,0.4819,0.661502499,1.123746651,0.111511339,"[0.428,0.523]",0.475,"[0.206,0.322]",0.265
26,56,0.2356,180,0.017,935,53.98668817,Hotta:1984,1,0,935,0.05,53.98668817,3.141592654,1,3.75E-33,2.67E+32,0.002109148,0.014890852,0.2186,4.433234524,0.0089,0.2445,0.2275,1.076978801,0.20600864,0.222495,0.472,0.689762505,10.00669637,0.577784381,"[0.428,0.523]",0.475,"[0.206,0.322]",0.265
26,56,0.2356,180,0.0269,1860,99.02019996,Hotta:1984,1,0,1860,0.05,99.02019996,3.141592654,1,3.75E-33,2.67E+32,0.002109148,0.024790852,0.2087,4.433234524,0.0089,0.2445,0.2176,1.076978801,0.19667888,0.2128128,0.4621,0.71802251,19.90636925,1.059748744,"[0.428,0.523]",0.475,"[0.206,0.322]",0.265
26,56,0.2356,180,0.0368,2910,152.2998687,Hotta:1984,1,0,2910,0.05,152.2998687,3.141592654,1,3.75E-33,2.67E+32,0.002109148,0.034690852,0.1988,4.433234524,0.0089,0.2445,0.2077,1.076978801,0.18734912,0.2031306,0.4522,0.746282515,31.14383576,1.629966356,"[0.428,0.523]",0.475,"[0.145,0.206]",0.16
26,56,0.2356,180,0.0468,3940,205.080472,Hotta:1984,1,0,3940,0.05,205.080472,3.141592654,1,3.75E-33,2.67E+32,0.002109148,0.044690852,0.1888,4.433234524,0.0089,0.2445,0.1977,1.076978801,0.17792512,0.1933506,0.4422,0.774827975,42.1672553,2.194842797,"[0.428,0.523]",0.475,"[0.145,0.206]",0.16
26,56,0.2356,180,0.0567,4940,254.1830049,Hotta:1984,1,0,4940,0.05,254.1830049,3.141592654,1,3.75E-33,2.67E+32,0.002109148,0.054590852,0.1789,4.433234524,0.0089,0.2445,0.1878,1.076978801,0.16859536,0.1836684,0.4323,0.803087981,52.86960436,2.720355244,"[0.428,0.523]",0.475,"[0.145,0.206]",0.16
26,56,0.2356,180,0.0666,5890,302.9376999,Hotta:1984,1,0,5890,0.05,302.9376999,3.141592654,1,3.75E-33,2.67E+32,0.002109148,0.064490852,0.169,4.433234524,0.0089,0.2445,0.1779,1.076978801,0.1592656,0.1739862,0.4224,0.831347986,63.03683596,3.242145007,"[0.340,0.428]",0.38,"[0.145,0.206]",0.16
26,56,0.2356,180,0.0765,6930,354.3137734,Hotta:1984,1,0,6930,0.05,354.3137734,3.141592654,1,3.75E-33,2.67E+32,0.002109148,0.074390852,0.1591,4.433234524,0.0089,0.2445,0.168,1.076978801,0.14993584,0.164304,0.4125,0.859607992,74.16727899,3.791989679,"[0.340,0.428]",0.38,"[0.145,0.206]",0.16
26,56,0.2356,180,0.0864,7870,402.7880957,Hotta:1984,1,0,7870,0.05,402.7880957,3.141592654,1,3.75E-33,2.67E+32,0.002109148,0.084290852,0.1492,4.433234524,0.0089,0.2445,0.1581,1.076978801,0.14060608,0.1546218,0.4026,0.887867997,84.2274871,4.310778797,"[0.340,0.428]",0.38,"[0.145,0.206]",0.16
26,56,0.2356,180,0.0964,8330,424.8861612,Hotta:1984,1,0,8330,0.05,424.8861612,3.141592654,1,3.75E-33,2.67E+32,0.002109148,0.094290852,0.1392,4.433234524,0.0089,0.2445,0.1481,1.076978801,0.13118208,0.1448418,0.3926,0.916413457,89.15056767,4.547280008,"[0.340,0.428]",0.38,"[0.100,0.145]",0.12
26,56,0.2356,180,0.1063,8240,419.6951274,Hotta:1984,1,0,8240,0.05,419.6951274,3.141592654,1,3.75E-33,2.67E+32,0.002109148,0.104190852,0.1293,4.433234524,0.0089,0.2445,0.1382,1.076978801,0.12185232,0.1351596,0.3827,0.944673462,88.18735625,4.491723753,"[0.340,0.428]",0.38,"[0.100,0.145]",0.12
26,56,0.2356,180,0.1162,8170,413.7973538,Hotta:1984,1,0,8170,0.05,413.7973538,3.141592654,1,3.75E-33,2.67E+32,0.002109148,0.114090852,0.1194,4.433234524,0.0089,0.2445,0.1283,1.076978801,0.11252256,0.1254774,0.3728,0.972933468,87.43819182,4.42860372,"[0.340,0.428]",0.38,"[0.100,0.145]",0.12
26,56,0.2356,180,0.1261,7790,399.0980456,Hotta:1984,1,0,7790,0.05,399.0980456,3.141592654,1,3.75E-33,2.67E+32,0.002109148,0.123990852,0.1095,4.433234524,0.0089,0.2445,0.1184,1.076978801,0.1031928,0.1157952,0.3629,1.001193473,83.37129918,4.271286593,"[0.340,0.428]",0.38,"[0.100,0.145]",0.12
26,56,0.2356,180,0.136,6770,347.8250279,Hotta:1984,1,0,6770,0.05,347.8250279,3.141592654,1,3.75E-33,2.67E+32,0.002109148,0.133890852,0.0996,4.433234524,0.0089,0.2445,0.1085,1.076978801,0.09386304,0.106113,0.353,1.029453479,72.45490314,3.72254486,"[0.340,0.428]",0.38,"[0.100,0.145]",0.12
26,56,0.2356,180,0.146,5750,297.6327435,Hotta:1984,1,0,5750,0.05,297.6327435,3.141592654,1,3.75E-33,2.67E+32,0.002109148,0.143890852,0.0896,4.433234524,0.0089,0.2445,0.0985,1.076978801,0.08443904,0.096333,0.343,1.057998939,61.53850709,3.185369513,"[0.340,0.428]",0.38,"[0.070,0.100]",0.093
26,56,0.2356,180,0.1559,5100,301.0398645,Hotta:1984,1,0,5100,0.05,301.0398645,3.141592654,1,3.75E-33,2.67E+32,0.002109148,0.153790852,0.0797,4.433234524,0.0089,0.2445,0.0886,1.076978801,0.07510928,0.0866508,0.3331,1.086258944,54.58198021,3.221833711,"[0.270,0.340]",0.3,"[0.070,0.100]",0.093
26,56,0.2356,180,0.1658,4870,297.5453747,Hotta:1984,1,0,4870,0.05,297.5453747,3.141592654,1,3.75E-33,2.67E+32,0.002109148,0.163690852,0.0698,4.433234524,0.0089,0.2445,0.0787,1.076978801,0.06577952,0.0769686,0.3232,1.114518949,52.12043992,3.184434461,"[0.270,0.340]",0.3,"[0.070,0.100]",0.093
26,56,0.2356,180,0.1757,4830,307.2820366,Hotta:1984,1,0,4830,0.05,307.2820366,3.141592654,1,3.75E-33,2.67E+32,0.002109148,0.173590852,0.0599,4.433234524,0.0089,0.2445,0.0688,1.076978801,0.05644976,0.0672864,0.3133,1.142778955,51.69234596,3.288639615,"[0.270,0.340]",0.3,"[0.045,0.070]",0.056
26,56,0.2519,180,0.0073,53,11.31470282,Hotta:1984,1,0,53,0.05,11.31470282,3.141592654,1,3.75E-33,2.67E+32,0.002409594,0.004890406,0.2446,4.433234524,0.0089,0.2608,0.2535,1.071911275,0.24645896,0.2644512,0.5143,0.629603808,0.648426483,0.138429301,"[0.428,0.523]",0.475,"[0.206,0.322]",0.265
26,56,0.2519,180,0.0173,487,42.63710239,Hotta:1984,1,0,487,0.05,42.63710239,3.141592654,1,3.75E-33,2.67E+32,0.002409594,0.014890406,0.2346,4.433234524,0.0089,0.2608,0.2435,1.071911275,0.23638296,0.2540192,0.5043,0.658801268,5.958182965,0.521642006,"[0.428,0.523]",0.475,"[0.206,0.322]",0.265
26,56,0.2519,180,0.0272,1040,72.13875519,Hotta:1984,1,0,1040,0.05,72.13875519,3.141592654,1,3.75E-33,2.67E+32,0.002409594,0.024790406,0.2247,4.433234524,0.0089,0.2608,0.2336,1.071911275,0.22640772,0.24369152,0.4944,0.687706754,12.72384042,0.882578855,"[0.428,0.523]",0.475,"[0.206,0.322]",0.265
26,56,0.2519,180,0.0371,1970,118.0137704,Hotta:1984,1,0,1970,0.05,118.0137704,3.141592654,1,3.75E-33,2.67E+32,0.002409594,0.034690406,0.2148,4.433234524,0.0089,0.2608,0.2237,1.071911275,0.21643248,0.23336384,0.4845,0.716612239,24.10189002,1.443834982,"[0.428,0.523]",0.475,"[0.206,0.322]",0.265
26,56,0.2519,180,0.047,2720,157.2800051,Hotta:1984,1,0,2720,0.05,157.2800051,3.141592654,1,3.75E-33,2.67E+32,0.002409594,0.044590406,0.2049,4.433234524,0.0089,0.2608,0.2138,1.071911275,0.20645724,0.22303616,0.4746,0.745517725,33.27773648,1.924236236,"[0.428,0.523]",0.475,"[0.206,0.322]",0.265
26,56,0.2519,180,0.0569,3940,218.2773465,Hotta:1984,1,0,3940,0.05,218.2773465,3.141592654,1,3.75E-33,2.67E+32,0.002409594,0.054490406,0.195,4.433234524,0.0089,0.2608,0.2039,1.071911275,0.196482,0.21270848,0.4647,0.77442321,48.20378005,2.670505888,"[0.428,0.523]",0.475,"[0.206,0.322]",0.265
26,56,0.2519,180,0.0668,4380,245.0734584,Hotta:1984,1,0,4380,0.05,245.0734584,3.141592654,1,3.75E-33,2.67E+32,0.002409594,0.064390406,0.1851,4.433234524,0.0089,0.2608,0.194,1.071911275,0.18650676,0.2023808,0.4548,0.803328695,53.5869433,2.998341899,"[0.428,0.523]",0.475,"[0.145,0.206]",0.16
26,56,0.2519,180,0.0768,5460,299.4294575,Hotta:1984,1,0,5460,0.05,299.4294575,3.141592654,1,3.75E-33,2.67E+32,0.002409594,0.074390406,0.1751,4.433234524,0.0089,0.2608,0.184,1.071911275,0.17643076,0.1919488,0.4448,0.832526155,66.80016219,3.663358301,"[0.428,0.523]",0.475,"[0.145,0.206]",0.16
26,56,0.2519,180,0.0867,6230,335.6445292,Hotta:1984,1,0,6230,0.05,335.6445292,3.141592654,1,3.75E-33,2.67E+32,0.002409594,0.084290406,0.1652,4.433234524,0.0089,0.2608,0.1741,1.071911275,0.16645552,0.18162112,0.4349,0.861431641,76.22069789,4.106430218,"[0.428,0.523]",0.475,"[0.145,0.206]",0.16
26,56,0.2519,180,0.0966,6920,366.218514,Hotta:1984,1,0,6920,0.05,366.218514,3.141592654,1,3.75E-33,2.67E+32,0.002409594,0.094190406,0.1553,4.433234524,0.0089,0.2608,0.1642,1.071911275,0.15648028,0.17129344,0.425,0.890337126,84.66247663,4.480486471,"[0.340,0.428]",0.38,"[0.145,0.206]",0.16
26,56,0.2519,180,0.1065,7290,389.3960067,Hotta:1984,1,0,7290,0.05,389.3960067,3.141592654,1,3.75E-33,2.67E+32,0.002409594,0.104090406,0.1454,4.433234524,0.0089,0.2608,0.1543,1.071911275,0.14650504,0.16096576,0.4151,0.919242612,89.18922755,4.764050623,"[0.340,0.428]",0.38,"[0.145,0.206]",0.16
26,56,0.2519,180,0.1164,7500,396.5677748,Hotta:1984,1,0,7500,0.05,396.5677748,3.141592654,1,3.75E-33,2.67E+32,0.002409594,0.113990406,0.1355,4.433234524,0.0089,0.2608,0.1444,1.071911275,0.1365298,0.15063808,0.4052,0.948148097,91.75846455,4.851793347,"[0.340,0.428]",0.38,"[0.145,0.206]",0.16
26,56,0.2519,180,0.1264,6840,367.6805679,Hotta:1984,1,0,6840,0.05,367.6805679,3.141592654,1,3.75E-33,2.67E+32,0.002409594,0.123990406,0.1255,4.433234524,0.0089,0.2608,0.1344,1.071911275,0.1264538,0.14020608,0.3952,0.977345557,83.68371967,4.498373914,"[0.340,0.428]",0.38,"[0.100,0.145]",0.12
26,56,0.2519,180,0.1363,6770,361.5401084,Hotta:1984,1,0,6770,0.05,361.5401084,3.141592654,1,3.75E-33,2.67E+32,0.002409594,0.133890406,0.1156,4.433234524,0.0089,0.2608,0.1245,1.071911275,0.11647856,0.1298784,0.3853,1.006251042,82.82730734,4.423248696,"[0.340,0.428]",0.38,"[0.100,0.145]",0.12
26,56,0.2519,180,0.1462,5850,318.484301,Hotta:1984,1,0,5850,0.05,318.484301,3.141592654,1,3.75E-33,2.67E+32,0.002409594,0.143790406,0.1057,4.433234524,0.0089,0.2608,0.1146,1.071911275,0.10650332,0.11955072,0.3754,1.035156528,71.57160235,3.89648406,"[0.340,0.428]",0.38,"[0.100,0.145]",0.12
26,56,0.2519,180,0.1561,5030,279.9665159,Hotta:1984,1,0,5030,0.05,279.9665159,3.141592654,1,3.75E-33,2.67E+32,0.002409594,0.153690406,0.0958,4.433234524,0.0089,0.2608,0.1047,1.071911275,0.09652808,0.10922304,0.3655,1.064062013,61.53934356,3.425239683,"[0.340,0.428]",0.38,"[0.100,0.145]",0.12
26,56,0.2519,180,0.1661,4150,240.2025187,Hotta:1984,1,0,4150,0.05,240.2025187,3.141592654,1,3.75E-33,2.67E+32,0.002409594,0.163690406,0.0858,4.433234524,0.0089,0.2608,0.0947,1.071911275,0.08645208,0.09879104,0.3555,1.093259473,50.77301705,2.938748573,"[0.340,0.428]",0.38,"[0.070,0.100]",0.093
26,56,0.2519,180,0.176,4310,251.1598097,Hotta:1984,1,0,4310,0.05,251.1598097,3.141592654,1,3.75E-33,2.67E+32,0.002409594,0.173590406,0.0759,4.433234524,0.0089,0.2608,0.0848,1.071911275,0.07647684,0.08846336,0.3456,1.122164959,52.73053096,3.072805133,"[0.340,0.428]",0.38,"[0.070,0.100]",0.093
26,56,0.2519,180,0.1859,4130,247.8129335,Hotta:1984,1,0,4130,0.05,247.8129335,3.141592654,1,3.75E-33,2.67E+32,0.002409594,0.183490406,0.066,4.433234524,0.0089,0.2608,0.0749,1.071911275,0.0665016,0.07813568,0.3357,1.151070444,50.52832781,3.031857903,"[0.270,0.340]",0.3,"[0.070,0.100]",0.093
26,56,0.2519,180,0.1958,4790,289.1439953,Hotta:1984,1,0,4790,0.05,289.1439953,3.141592654,1,3.75E-33,2.67E+32,0.002409594,0.193390406,0.0561,4.433234524,0.0089,0.2608,0.065,1.071911275,0.05652636,0.067808,0.3258,1.179975929,58.60307269,3.537521205,"[0.270,0.340]",0.3,"[0.045,0.070]",0.056
26,56,0.2712,180,0.0077,8,4.019950248,Hotta:1984,1,0,8,0.05,4.019950248,3.141592654,1,3.75E-33,2.67E+32,0.002790929,0.004909071,0.2635,4.433234524,0.0089,0.2801,0.2724,1.066711181,0.2858448,0.30519696,0.5525,0.589608667,0.113448275,0.057007053,"[0.523,0.609]",0.57,"[0.206,0.322]",0.265
26,56,0.2712,180,0.0177,212,23.52360517,Hotta:1984,1,0,212,0.05,23.52360517,3.141592654,1,3.75E-33,2.67E+32,0.002790929,0.014909071,0.2535,4.433234524,0.0089,0.2801,0.2624,1.066711181,0.2749968,0.29399296,0.5425,0.619578127,3.006379287,0.333589053,"[0.523,0.609]",0.57,"[0.206,0.322]",0.265
26,56,0.2712,180,0.0276,608,43.41842927,Hotta:1984,1,0,608,0.05,43.41842927,3.141592654,1,3.75E-33,2.67E+32,0.002790929,0.024809071,0.2436,4.433234524,0.0089,0.2801,0.2525,1.066711181,0.26425728,0.282901,0.5326,0.649247892,8.622068898,0.615718238,"[0.523,0.609]",0.57,"[0.206,0.322]",0.265
26,56,0.2712,180,0.0375,1070,67.40363492,Hotta:1984,1,0,1070,0.05,67.40363492,3.141592654,1,3.75E-33,2.67E+32,0.002790929,0.034709071,0.2337,4.433234524,0.0089,0.2801,0.2426,1.066711181,0.25351776,0.27180904,0.5227,0.678917658,15.17370678,0.955853264,"[0.428,0.523]",0.475,"[0.206,0.322]",0.265
26,56,0.2712,180,0.0474,1630,96.6760053,Hotta:1984,1,0,1630,0.05,96.6760053,3.141592654,1,3.75E-33,2.67E+32,0.002790929,0.044609071,0.2238,4.433234524,0.0089,0.2801,0.2327,1.066711181,0.24277824,0.26071708,0.5128,0.708587423,23.11508603,1.370965754,"[0.428,0.523]",0.475,"[0.206,0.322]",0.265
26,56,0.2712,180,0.0573,2570,144.9180803,Hotta:1984,1,0,2570,0.05,144.9180803,3.141592654,1,3.75E-33,2.67E+32,0.002790929,0.054509071,0.2139,4.433234524,0.0089,0.2801,0.2228,1.066711181,0.23203872,0.24962512,0.5029,0.738257188,36.44525834,2.055088278,"[0.428,0.523]",0.475,"[0.206,0.322]",0.265
26,56,0.2712,180,0.0673,3090,172.6245927,Hotta:1984,1,0,3090,0.05,172.6245927,3.141592654,1,3.75E-33,2.67E+32,0.002790929,0.064509071,0.2039,4.433234524,0.0089,0.2801,0.2128,1.066711181,0.22119072,0.23842112,0.4929,0.768226648,43.81939621,2.447995282,"[0.428,0.523]",0.475,"[0.206,0.322]",0.265
26,56,0.2712,180,0.0772,4030,216.8000231,Hotta:1984,1,0,4030,0.05,216.8000231,3.141592654,1,3.75E-33,2.67E+32,0.002790929,0.074409071,0.194,4.433234524,0.0089,0.2801,0.2029,1.066711181,0.2104512,0.22732916,0.483,0.797896414,57.14956852,3.074448579,"[0.428,0.523]",0.475,"[0.206,0.322]",0.265
26,56,0.2712,180,0.0871,4620,245.4587542,Hotta:1984,1,0,4620,0.05,245.4587542,3.141592654,1,3.75E-33,2.67E+32,0.002790929,0.084309071,0.1841,4.433234524,0.0089,0.2801,0.193,1.066711181,0.19971168,0.2162372,0.4731,0.827566179,65.5163788,3.48085903,"[0.428,0.523]",0.475,"[0.206,0.322]",0.265
26,56,0.2712,180,0.097,5540,292.8378391,Hotta:1984,1,0,5540,0.05,292.8378391,3.141592654,1,3.75E-33,2.67E+32,0.002790929,0.094209071,0.1742,4.433234524,0.0089,0.2801,0.1831,1.066711181,0.18897216,0.20514524,0.4632,0.857235945,78.56293042,4.152743461,"[0.428,0.523]",0.475,"[0.145,0.206]",0.16
26,56,0.2712,180,0.107,6010,317.9878142,Hotta:1984,1,0,6010,0.05,317.9878142,3.141592654,1,3.75E-33,2.67E+32,0.002790929,0.104209071,0.1642,4.433234524,0.0089,0.2801,0.1731,1.066711181,0.17812416,0.19394124,0.4532,0.887205405,85.22801657,4.509396123,"[0.428,0.523]",0.475,"[0.145,0.206]",0.16
26,56,0.2712,180,0.1169,6190,326.5061255,Hotta:1984,1,0,6190,0.05,326.5061255,3.141592654,1,3.75E-33,2.67E+32,0.002790929,0.114109071,0.1543,4.433234524,0.0089,0.2801,0.1632,1.066711181,0.16738464,0.18284928,0.4433,0.91687517,87.78060276,4.630194589,"[0.428,0.523]",0.475,"[0.145,0.206]",0.16
26,56,0.2712,180,0.1268,6450,340.743672,Hotta:1984,1,0,6450,0.05,340.743672,3.141592654,1,3.75E-33,2.67E+32,0.002790929,0.124009071,0.1444,4.433234524,0.0089,0.2801,0.1533,1.066711181,0.15664512,0.17175732,0.4334,0.946544935,91.4676717,4.832097724,"[0.428,0.523]",0.475,"[0.145,0.206]",0.16
26,56,0.2712,180,0.1367,6180,327.3301086,Hotta:1984,1,0,6180,0.05,327.3301086,3.141592654,1,3.75E-33,2.67E+32,0.002790929,0.133909071,0.1345,4.433234524,0.0089,0.2801,0.1434,1.066711181,0.1459056,0.16066536,0.4235,0.976214701,87.63879242,4.641879521,"[0.340,0.428]",0.38,"[0.145,0.206]",0.16
26,56,0.2712,180,0.1466,6380,335.8362696,Hotta:1984,1,0,6380,0.05,335.8362696,3.141592654,1,3.75E-33,2.67E+32,0.002790929,0.143809071,0.1246,4.433234524,0.0089,0.2801,0.1335,1.066711181,0.13516608,0.1495734,0.4136,1.005884466,90.47499929,4.762505683,"[0.340,0.428]",0.38,"[0.145,0.206]",0.16
26,56,0.2712,180,0.1566,5140,276.1340254,Hotta:1984,1,0,5140,0.05,276.1340254,3.141592654,1,3.75E-33,2.67E+32,0.002790929,0.153809071,0.1146,4.433234524,0.0089,0.2801,0.1235,1.066711181,0.12431808,0.1383694,0.4036,1.035853926,72.89051667,3.915866106,"[0.340,0.428]",0.38,"[0.100,0.145]",0.12
26,56,0.2712,180,0.1665,4690,251.9012703,Hotta:1984,1,0,4690,0.05,251.9012703,3.141592654,1,3.75E-33,2.67E+32,0.002790929,0.163709071,0.1047,4.433234524,0.0089,0.2801,0.1136,1.066711181,0.11357856,0.12727744,0.3937,1.065523692,66.5090512,3.572220573,"[0.340,0.428]",0.38,"[0.100,0.145]",0.12
26,56,0.2712,180,0.1764,4400,239.2404648,Hotta:1984,1,0,4400,0.05,239.2404648,3.141592654,1,3.75E-33,2.67E+32,0.002790929,0.173609071,0.0948,4.433234524,0.0089,0.2801,0.1037,1.066711181,0.10283904,0.11618548,0.3838,1.095193457,62.39655124,3.392677255,"[0.340,0.428]",0.38,"[0.100,0.145]",0.12
26,56,0.2712,180,0.1863,4360,270.4144967,Hotta:1984,1,0,4360,0.05,270.4144967,3.141592654,1,3.75E-33,2.67E+32,0.002790929,0.183509071,0.0849,4.433234524,0.0089,0.2801,0.0938,1.066711181,0.09209952,0.10509352,0.3739,1.124863222,61.82930986,3.834757272,"[0.340,0.428]",0.38,"[0.100,0.145]",0.12
26,56,0.2712,180,0.1962,4590,297.9433671,Hotta:1984,1,0,4590,0.05,297.9433671,3.141592654,1,3.75E-33,2.67E+32,0.002790929,0.193409071,0.075,4.433234524,0.0089,0.2801,0.0839,1.066711181,0.08136,0.09400156,0.364,1.154532988,65.09094777,4.22514513,"[0.340,0.428]",0.38,"[0.070,0.100]",0.093
26,56,0.2712,180,0.2061,4280,304.7704054,Hotta:1984,1,0,4280,0.05,304.7704054,3.141592654,1,3.75E-33,2.67E+32,0.002790929,0.203309071,0.0651,4.433234524,0.0089,0.2801,0.074,1.066711181,0.07062048,0.0829096,0.3541,1.184202753,60.69482711,4.321959594,"[0.340,0.428]",0.38,"[0.070,0.100]",0.093
26,56,0.2928,180,0.0082,7,3.020347662,Hotta:1984,1,0,7,0.05,3.020347662,3.141592654,1,3.75E-33,2.67E+32,0.003250542,0.004949458,0.2846,4.433234524,0.0089,0.3017,0.2935,1.061716277,0.33332352,0.3541958,0.5952,0.5415481,0.115709422,0.049926097,"[0.523,0.609]",0.57,"[0.322,0.438]",0.38
26,56,0.2928,180,0.0181,42,8.271033793,Hotta:1984,1,0,42,0.05,8.271033793,3.141592654,1,3.75E-33,2.67E+32,0.003250542,0.014849458,0.2747,4.433234524,0.0089,0.3017,0.2836,1.061716277,0.32172864,0.34224848,0.5853,0.572073225,0.694256532,0.136719506,"[0.523,0.609]",0.57,"[0.322,0.438]",0.38
26,56,0.2928,180,0.0281,170,15.53222457,Hotta:1984,1,0,170,0.05,15.53222457,3.141592654,1,3.75E-33,2.67E+32,0.003250542,0.024849458,0.2647,4.433234524,0.0089,0.3017,0.2736,1.061716277,0.31001664,0.33018048,0.5753,0.602906685,2.810085962,0.25674639,"[0.523,0.609]",0.57,"[0.322,0.438]",0.38
26,56,0.2928,180,0.038,389,28.62346066,Hotta:1984,1,0,389,0.05,28.62346066,3.141592654,1,3.75E-33,2.67E+32,0.003250542,0.034749458,0.2548,4.433234524,0.0089,0.3017,0.2637,1.061716277,0.29842176,0.31823316,0.5654,0.633431811,6.430137878,0.473143441,"[0.523,0.609]",0.57,"[0.206,0.322]",0.265
26,56,0.2928,180,0.0479,877,55.48713815,Hotta:1984,1,0,877,0.05,55.48713815,3.141592654,1,3.75E-33,2.67E+32,0.003250542,0.044649458,0.2449,4.433234524,0.0089,0.3017,0.2538,1.061716277,0.28682688,0.30628584,0.5555,0.663956936,14.49673758,0.917197812,"[0.523,0.609]",0.57,"[0.206,0.322]",0.265
26,56,0.2928,180,0.0578,1380,81.83520025,Hotta:1984,1,0,1380,0.05,81.83520025,3.141592654,1,3.75E-33,2.67E+32,0.003250542,0.054549458,0.235,4.433234524,0.0089,0.3017,0.2439,1.061716277,0.275232,0.29433852,0.5456,0.694482061,22.81128605,1.352729103,"[0.523,0.609]",0.57,"[0.206,0.322]",0.265
26,56,0.2928,180,0.0678,1860,105.5888252,Hotta:1984,1,0,1860,0.05,105.5888252,3.141592654,1,3.75E-33,2.67E+32,0.003250542,0.064549458,0.225,4.433234524,0.0089,0.3017,0.2339,1.061716277,0.26352,0.28227052,0.5356,0.725315521,30.74564641,1.745374561,"[0.523,0.609]",0.57,"[0.206,0.322]",0.265
26,56,0.2928,180,0.0777,2670,144.7696446,Hotta:1984,1,0,2670,0.05,144.7696446,3.141592654,1,3.75E-33,2.67E+32,0.003250542,0.074449458,0.2151,4.433234524,0.0089,0.3017,0.224,1.061716277,0.25192512,0.2703232,0.5257,0.755840647,44.13487952,2.393030271,"[0.523,0.609]",0.57,"[0.206,0.322]",0.265
26,56,0.2928,180,0.0876,3450,184.6950189,Hotta:1984,1,0,3450,0.05,184.6950189,3.141592654,1,3.75E-33,2.67E+32,0.003250542,0.084349458,0.2052,4.433234524,0.0089,0.3017,0.2141,1.061716277,0.24033024,0.25837588,0.5158,0.786365772,57.02821511,3.052993411,"[0.428,0.523]",0.475,"[0.206,0.322]",0.265
26,56,0.2928,180,0.0975,3980,210.6228857,Hotta:1984,1,0,3980,0.05,210.6228857,3.141592654,1,3.75E-33,2.67E+32,0.003250542,0.094249458,0.1953,4.433234524,0.0089,0.3017,0.2042,1.061716277,0.22873536,0.24642856,0.5059,0.816890898,65.78907135,3.481578909,"[0.428,0.523]",0.475,"[0.206,0.322]",0.265
26,56,0.2928,180,0.1074,4780,253.3317982,Hotta:1984,1,0,4780,0.05,253.3317982,3.141592654,1,3.75E-33,2.67E+32,0.003250542,0.104149458,0.1854,4.433234524,0.0089,0.3017,0.1943,1.061716277,0.21714048,0.23448124,0.496,0.847416023,79.01300529,4.187553706,"[0.428,0.523]",0.475,"[0.206,0.322]",0.265
26,56,0.2928,180,0.1173,5370,283.8243295,Hotta:1984,1,0,5370,0.05,283.8243295,3.141592654,1,3.75E-33,2.67E+32,0.003250542,0.114049458,0.1755,4.433234524,0.0089,0.3017,0.1844,1.061716277,0.2055456,0.22253392,0.4861,0.877941148,88.76565657,4.691592729,"[0.428,0.523]",0.475,"[0.206,0.322]",0.265
26,56,0.2928,180,0.1273,5680,295.0525377,Hotta:1984,1,0,5680,0.05,295.0525377,3.141592654,1,3.75E-33,2.67E+32,0.003250542,0.124049458,0.1655,4.433234524,0.0089,0.3017,0.1744,1.061716277,0.1938336,0.21046592,0.4761,0.908774608,93.88993097,4.877194084,"[0.428,0.523]",0.475,"[0.206,0.322]",0.265
26,56,0.2928,180,0.1372,5830,306.9010427,Hotta:1984,1,0,5830,0.05,306.9010427,3.141592654,1,3.75E-33,2.67E+32,0.003250542,0.133949458,0.1556,4.433234524,0.0089,0.3017,0.1645,1.061716277,0.18223872,0.1985186,0.4662,0.939299734,96.36941858,5.073048893,"[0.428,0.523]",0.475,"[0.145,0.206]",0.16
26,56,0.2928,180,0.1471,5640,296.3190848,Hotta:1984,1,0,5640,0.05,296.3190848,3.141592654,1,3.75E-33,2.67E+32,0.003250542,0.143849458,0.1457,4.433234524,0.0089,0.3017,0.1546,1.061716277,0.17064384,0.18657128,0.4563,0.969824859,93.22873427,4.898130002,"[0.428,0.523]",0.475,"[0.145,0.206]",0.16
26,56,0.2928,180,0.157,5670,299.3129633,Hotta:1984,1,0,5670,0.05,299.3129633,3.141592654,1,3.75E-33,2.67E+32,0.003250542,0.153749458,0.1358,4.433234524,0.0089,0.3017,0.1447,1.061716277,0.15904896,0.17462396,0.4464,1.000349985,93.7246318,4.947618567,"[0.428,0.523]",0.475,"[0.145,0.206]",0.16
26,56,0.2928,180,0.1669,4880,258.3815009,Hotta:1984,1,0,4880,0.05,258.3815009,3.141592654,1,3.75E-33,2.67E+32,0.003250542,0.163649458,0.1259,4.433234524,0.0089,0.3017,0.1348,1.061716277,0.14745408,0.16267664,0.4365,1.03087511,80.66599703,4.271024874,"[0.428,0.523]",0.475,"[0.145,0.206]",0.16
26,56,0.2928,180,0.1769,4920,263.3476789,Hotta:1984,1,0,4920,0.05,263.3476789,3.141592654,1,3.75E-33,2.67E+32,0.003250542,0.173649458,0.1159,4.433234524,0.0089,0.3017,0.1248,1.061716277,0.13574208,0.15060864,0.4265,1.06170857,81.32719373,4.353115387,"[0.340,0.428]",0.38,"[0.145,0.206]",0.16
26,56,0.2928,180,0.1868,4480,244.4994888,Hotta:1984,1,0,4480,0.05,244.4994888,3.141592654,1,3.75E-33,2.67E+32,0.003250542,0.183549458,0.106,4.433234524,0.0089,0.3017,0.1149,1.061716277,0.1241472,0.13866132,0.4166,1.092233695,74.05403006,4.041556359,"[0.340,0.428]",0.38,"[0.100,0.145]",0.12
26,56,0.2928,180,0.1967,4170,231.67488,Hotta:1984,1,0,4170,0.05,231.67488,3.141592654,1,3.75E-33,2.67E+32,0.003250542,0.193449458,0.0961,4.433234524,0.0089,0.3017,0.105,1.061716277,0.11255232,0.126714,0.4067,1.122758821,68.92975566,3.829566635,"[0.340,0.428]",0.38,"[0.100,0.145]",0.12
26,56,0.2928,180,0.2066,3960,223.1882613,Hotta:1984,1,0,3960,0.05,223.1882613,3.141592654,1,3.75E-33,2.67E+32,0.003250542,0.203349458,0.0862,4.433234524,0.0089,0.3017,0.0951,1.061716277,0.10095744,0.11476668,0.3968,1.153283946,65.458473,3.68928353,"[0.340,0.428]",0.38,"[0.100,0.145]",0.12
26,56,0.2928,180,0.2166,4630,319.3622551,Hotta:1984,1,0,4630,0.05,319.3622551,3.141592654,1,3.75E-33,2.67E+32,0.003250542,0.213349458,0.0762,4.433234524,0.0089,0.3017,0.0851,1.061716277,0.08924544,0.10269868,0.3868,1.184117406,76.53351767,5.279031706,"[0.340,0.428]",0.38,"[0.100,0.145]",0.12
26,56,0.2928,180,0.2265,5060,378.1137395,Hotta:1984,1,0,5060,0.05,378.1137395,3.141592654,1,3.75E-33,2.67E+32,0.003250542,0.223249458,0.0663,4.433234524,0.0089,0.3017,0.0752,1.061716277,0.07765056,0.09075136,0.3769,1.214642532,83.64138217,6.250188891,"[0.340,0.428]",0.38,"[0.070,0.100]",0.093
26,56,0.3122,180,0.0087,19,6.074742793,Hotta:1984,1,0,19,0.05,6.074742793,3.141592654,1,3.75E-33,2.67E+32,0.003692836,0.005007164,0.3035,4.433234524,0.0089,0.3211,0.3124,1.057827404,0.3790108,0.40124656,0.6335,0.495435613,0.357065539,0.114162174,"[0.609,0.702]",0.649,"[0.322,0.438]",0.38
26,56,0.3122,180,0.0186,12,5.035871325,Hotta:1984,1,0,12,0.05,5.035871325,3.141592654,1,3.75E-33,2.67E+32,0.003692836,0.014907164,0.2936,4.433234524,0.0089,0.3211,0.3025,1.057827404,0.36664768,0.388531,0.6236,0.526728978,0.225515077,0.094638743,"[0.609,0.702]",0.649,"[0.322,0.438]",0.38
26,56,0.3122,180,0.0285,49,8.366749668,Hotta:1984,1,0,49,0.05,8.366749668,3.141592654,1,3.75E-33,2.67E+32,0.003692836,0.024807164,0.2837,4.433234524,0.0089,0.3211,0.2926,1.057827404,0.35428456,0.37581544,0.6137,0.558022344,0.920853232,0.157235683,"[0.609,0.702]",0.649,"[0.322,0.438]",0.38
26,56,0.3122,180,0.0384,171,19.92743084,Hotta:1984,1,0,171,0.05,19.92743084,3.141592654,1,3.75E-33,2.67E+32,0.003692836,0.034707164,0.2738,4.433234524,0.0089,0.3211,0.2827,1.057827404,0.34192144,0.36309988,0.6038,0.589315709,3.213589851,0.374494675,"[0.523,0.609]",0.57,"[0.322,0.438]",0.38
26,56,0.3122,180,0.0483,416,36.50534207,Hotta:1984,1,0,416,0.05,36.50534207,3.141592654,1,3.75E-33,2.67E+32,0.003692836,0.044607164,0.2639,4.433234524,0.0089,0.3211,0.2728,1.057827404,0.32955832,0.35038432,0.5939,0.620609074,7.817856011,0.686042086,"[0.523,0.609]",0.57,"[0.322,0.438]",0.38
26,56,0.3122,180,0.0582,775,52.21649644,Hotta:1984,1,0,775,0.05,52.21649644,3.141592654,1,3.75E-33,2.67E+32,0.003692836,0.054507164,0.254,4.433234524,0.0089,0.3211,0.2629,1.057827404,0.3171952,0.33766876,0.584,0.65190244,14.56451541,0.981300602,"[0.523,0.609]",0.57,"[0.322,0.438]",0.38
26,56,0.3122,180,0.0681,1070,67.40363492,Hotta:1984,1,0,1070,0.05,67.40363492,3.141592654,1,3.75E-33,2.67E+32,0.003692836,0.064407164,0.2441,4.433234524,0.0089,0.3211,0.253,1.057827404,0.30483208,0.3249532,0.5741,0.683195805,20.10842772,1.266711328,"[0.523,0.609]",0.57,"[0.322,0.438]",0.38
26,56,0.3122,180,0.078,1510,92.2455961,Hotta:1984,1,0,1510,0.05,92.2455961,3.141592654,1,3.75E-33,2.67E+32,0.003692836,0.074307164,0.2342,4.433234524,0.0089,0.3211,0.2431,1.057827404,0.29246896,0.31223764,0.5642,0.714489171,28.37731389,1.733564394,"[0.523,0.609]",0.57,"[0.206,0.322]",0.265
26,56,0.3122,180,0.0879,2110,124.4437624,Hotta:1984,1,0,2110,0.05,124.4437624,3.141592654,1,3.75E-33,2.67E+32,0.003692836,0.084207164,0.2243,4.433234524,0.0089,0.3211,0.2332,1.057827404,0.28010584,0.29952208,0.5543,0.745782536,39.65306775,2.338662057,"[0.523,0.609]",0.57,"[0.206,0.322]",0.265
26,56,0.3122,180,0.0978,2790,159.3400452,Hotta:1984,1,0,2790,0.05,159.3400452,3.141592654,1,3.75E-33,2.67E+32,0.003692836,0.094107164,0.2144,4.433234524,0.0089,0.3211,0.2233,1.057827404,0.26774272,0.28680652,0.5444,0.777075901,52.43225546,2.994465216,"[0.523,0.609]",0.57,"[0.206,0.322]",0.265
26,56,0.3122,180,0.1077,3150,178.5,Hotta:1984,1,0,3150,0.05,178.5,3.141592654,1,3.75E-33,2.67E+32,0.003692836,0.104007164,0.2045,4.433234524,0.0089,0.3211,0.2134,1.057827404,0.2553796,0.27409096,0.5345,0.808369267,59.19770778,3.354536774,"[0.523,0.609]",0.57,"[0.206,0.322]",0.265
26,56,0.3122,180,0.1176,3810,211.9887969,Hotta:1984,1,0,3810,0.05,211.9887969,3.141592654,1,3.75E-33,2.67E+32,0.003692836,0.113907164,0.1946,4.433234524,0.0089,0.3211,0.2035,1.057827404,0.24301648,0.2613754,0.5246,0.839662632,71.60103702,3.983889158,"[0.523,0.609]",0.57,"[0.206,0.322]",0.265
26,56,0.3122,180,0.1275,4240,233.1372986,Hotta:1984,1,0,4240,0.05,233.1372986,3.141592654,1,3.75E-33,2.67E+32,0.003692836,0.123807164,0.1847,4.433234524,0.0089,0.3211,0.1936,1.057827404,0.23065336,0.24865984,0.5147,0.870955998,79.68199396,4.381331325,"[0.428,0.523]",0.475,"[0.206,0.322]",0.265
26,56,0.3122,180,0.1374,4580,249.4834664,Hotta:1984,1,0,4580,0.05,249.4834664,3.141592654,1,3.75E-33,2.67E+32,0.003692836,0.133707164,0.1748,4.433234524,0.0089,0.3211,0.1837,1.057827404,0.21829024,0.23594428,0.5048,0.902249363,86.07158781,4.688523599,"[0.428,0.523]",0.475,"[0.206,0.322]",0.265
26,56,0.3122,180,0.1473,4450,240.3897876,Hotta:1984,1,0,4450,0.05,240.3897876,3.141592654,1,3.75E-33,2.67E+32,0.003692836,0.143607164,0.1649,4.433234524,0.0089,0.3211,0.1738,1.057827404,0.20592712,0.22322872,0.4949,0.933542728,83.62850781,4.517626794,"[0.428,0.523]",0.475,"[0.206,0.322]",0.265
26,56,0.3122,180,0.1572,4650,250.0404967,Hotta:1984,1,0,4650,0.05,250.0404967,3.141592654,1,3.75E-33,2.67E+32,0.003692836,0.153507164,0.155,4.433234524,0.0089,0.3211,0.1639,1.057827404,0.193564,0.21051316,0.485,0.964836094,87.38709243,4.698991828,"[0.428,0.523]",0.475,"[0.206,0.322]",0.265
26,56,0.3122,180,0.1671,4360,240.2602755,Hotta:1984,1,0,4360,0.05,240.2602755,3.141592654,1,3.75E-33,2.67E+32,0.003692836,0.163407164,0.1451,4.433234524,0.0089,0.3211,0.154,1.057827404,0.18120088,0.1977976,0.4751,0.996129459,81.93714473,4.515192883,"[0.428,0.523]",0.475,"[0.145,0.206]",0.16
26,56,0.3122,180,0.177,4360,235.8474083,Hotta:1984,1,0,4360,0.05,235.8474083,3.141592654,1,3.75E-33,2.67E+32,0.003692836,0.173307164,0.1352,4.433234524,0.0089,0.3211,0.1441,1.057827404,0.16883776,0.18508204,0.4652,1.027422825,81.93714473,4.432262208,"[0.428,0.523]",0.475,"[0.145,0.206]",0.16
26,56,0.3122,180,0.1869,3790,211.0906204,Hotta:1984,1,0,3790,0.05,211.0906204,3.141592654,1,3.75E-33,2.67E+32,0.003692836,0.183207164,0.1253,4.433234524,0.0089,0.3211,0.1342,1.057827404,0.15647464,0.17236648,0.4553,1.05871619,71.22517856,3.967009796,"[0.428,0.523]",0.475,"[0.145,0.206]",0.16
26,56,0.3122,180,0.1968,3900,214.3501808,Hotta:1984,1,0,3900,0.05,214.3501808,3.141592654,1,3.75E-33,2.67E+32,0.003692836,0.193107164,0.1154,4.433234524,0.0089,0.3211,0.1243,1.057827404,0.14411152,0.15965092,0.4454,1.090009555,73.2924001,4.028266465,"[0.428,0.523]",0.475,"[0.145,0.206]",0.16
26,56,0.3122,180,0.2067,3600,200.8008964,Hotta:1984,1,0,3600,0.05,200.8008964,3.141592654,1,3.75E-33,2.67E+32,0.003692836,0.203007164,0.1055,4.433234524,0.0089,0.3211,0.1144,1.057827404,0.1317484,0.14693536,0.4355,1.121302921,67.65452317,3.773635805,"[0.428,0.523]",0.475,"[0.145,0.206]",0.16
26,56,0.3122,180,0.2166,3440,194.5893111,Hotta:1984,1,0,3440,0.05,194.5893111,3.141592654,1,3.75E-33,2.67E+32,0.003692836,0.212907164,0.0956,4.433234524,0.0089,0.3211,0.1045,1.057827404,0.11938528,0.1342198,0.4256,1.152596286,64.64765548,3.656901961,"[0.340,0.428]",0.38,"[0.100,0.145]",0.12
26,56,0.3122,180,0.2265,3660,207.5885353,Hotta:1984,1,0,3660,0.05,207.5885353,3.141592654,1,3.75E-33,2.67E+32,0.003692836,0.222807164,0.0857,4.433234524,0.0089,0.3211,0.0946,1.057827404,0.10702216,0.12150424,0.4157,1.183889652,68.78209856,3.901195382,"[0.340,0.428]",0.38,"[0.100,0.145]",0.12
26,56,0.3122,180,0.2364,4120,234.0021367,Hotta:1984,1,0,4120,0.05,234.0021367,3.141592654,1,3.75E-33,2.67E+32,0.003692836,0.232707164,0.0758,4.433234524,0.0089,0.3211,0.0847,1.057827404,0.09465904,0.10878868,0.4058,1.215183017,77.42684319,4.397584162,"[0.340,0.428]",0.38,"[0.100,0.145]",0.12
26,56,0.3331,180,0.0092,18,6.067124525,Hotta:1984,1,0,18,0.05,6.067124525,3.141592654,1,3.75E-33,2.67E+32,0.004200488,0.004999512,0.3239,4.433234524,0.0089,0.342,0.3328,1.054151295,0.43156436,0.4552704,0.6748,0.442350046,0.385079421,0.129795822,"[0.609,0.702]",0.649,"[0.438,0.650]",0.5
26,56,0.3331,180,0.0191,11,4.037635447,Hotta:1984,1,0,11,0.05,4.037635447,3.141592654,1,3.75E-33,2.67E+32,0.004200488,0.014899512,0.314,4.433234524,0.0089,0.342,0.3229,1.054151295,0.4183736,0.4417272,0.6649,0.474471051,0.235326313,0.086378351,"[0.609,0.702]",0.649,"[0.438,0.650]",0.5
26,56,0.3331,180,0.029,38,7.253275122,Hotta:1984,1,0,38,0.05,7.253275122,3.141592654,1,3.75E-33,2.67E+32,0.004200488,0.024799512,0.3041,4.433234524,0.0089,0.342,0.313,1.054151295,0.40518284,0.428184,0.655,0.506592057,0.812945444,0.155171499,"[0.609,0.702]",0.649,"[0.322,0.438]",0.38
26,56,0.3331,180,0.0389,51,9.354277097,Hotta:1984,1,0,51,0.05,9.354277097,3.141592654,1,3.75E-33,2.67E+32,0.004200488,0.034699512,0.2942,4.433234524,0.0089,0.342,0.3031,1.054151295,0.39199208,0.4146408,0.6451,0.538713062,1.091058359,0.200118867,"[0.609,0.702]",0.649,"[0.322,0.438]",0.38
26,56,0.3331,180,0.0488,153,16.83812638,Hotta:1984,1,0,153,0.05,16.83812638,3.141592654,1,3.75E-33,2.67E+32,0.004200488,0.044599512,0.2843,4.433234524,0.0089,0.342,0.2932,1.054151295,0.37880132,0.4010976,0.6352,0.570834067,3.273175076,0.360223108,"[0.609,0.702]",0.649,"[0.322,0.438]",0.38
26,56,0.3331,180,0.0587,309,25.27256418,Hotta:1984,1,0,309,0.05,25.27256418,3.141592654,1,3.75E-33,2.67E+32,0.004200488,0.054499512,0.2744,4.433234524,0.0089,0.342,0.2833,1.054151295,0.36561056,0.3875544,0.6253,0.602955073,6.610530055,0.540663576,"[0.609,0.702]",0.649,"[0.322,0.438]",0.38
26,56,0.3331,180,0.0686,549,46.8775266,Hotta:1984,1,0,549,0.05,46.8775266,3.141592654,1,3.75E-33,2.67E+32,0.004200488,0.064399512,0.2645,4.433234524,0.0089,0.342,0.2734,1.054151295,0.3524198,0.3740112,0.6154,0.635076078,11.74492233,1.002865044,"[0.609,0.702]",0.649,"[0.322,0.438]",0.38
26,56,0.3331,180,0.0785,896,67.13449188,Hotta:1984,1,0,896,0.05,67.13449188,3.141592654,1,3.75E-33,2.67E+32,0.004200488,0.074299512,0.2546,4.433234524,0.0089,0.342,0.2635,1.054151295,0.33922904,0.360468,0.6055,0.667197084,19.16839783,1.436228402,"[0.523,0.609]",0.57,"[0.322,0.438]",0.38
26,56,0.3331,180,0.0884,1300,77.93587107,Hotta:1984,1,0,1300,0.05,77.93587107,3.141592654,1,3.75E-33,2.67E+32,0.004200488,0.084199512,0.2447,4.433234524,0.0089,0.342,0.2536,1.054151295,0.32603828,0.3469248,0.5956,0.699318089,27.81129149,1.66730556,"[0.523,0.609]",0.57,"[0.322,0.438]",0.38
26,56,0.3331,180,0.0983,1800,100.1798383,Hotta:1984,1,0,1800,0.05,100.1798383,3.141592654,1,3.75E-33,2.67E+32,0.004200488,0.094099512,0.2348,4.433234524,0.0089,0.342,0.2437,1.054151295,0.31284752,0.3333816,0.5857,0.731439094,38.50794207,2.143177449,"[0.523,0.609]",0.57,"[0.322,0.438]",0.38
26,56,0.3331,180,0.1082,2230,122.6101546,Hotta:1984,1,0,2230,0.05,122.6101546,3.141592654,1,3.75E-33,2.67E+32,0.004200488,0.103999512,0.2249,4.433234524,0.0089,0.342,0.2338,1.054151295,0.29965676,0.3198384,0.5758,0.7635601,47.70706156,2.62303596,"[0.523,0.609]",0.57,"[0.206,0.322]",0.265
26,56,0.3331,180,0.1181,2630,141.7788771,Hotta:1984,1,0,2630,0.05,141.7788771,3.141592654,1,3.75E-33,2.67E+32,0.004200488,0.113899512,0.215,4.433234524,0.0089,0.342,0.2239,1.054151295,0.286466,0.3062952,0.5659,0.795681105,56.26438202,3.033118215,"[0.523,0.609]",0.57,"[0.206,0.322]",0.265
26,56,0.3331,180,0.128,3130,167.6074282,Hotta:1984,1,0,3130,0.05,167.6074282,3.141592654,1,3.75E-33,2.67E+32,0.004200488,0.123799512,0.2051,4.433234524,0.0089,0.342,0.214,1.054151295,0.27327524,0.292752,0.556,0.827802111,66.96103259,3.585676187,"[0.523,0.609]",0.57,"[0.206,0.322]",0.265
26,56,0.3331,180,0.1379,3540,187.8776197,Hotta:1984,1,0,3540,0.05,187.8776197,3.141592654,1,3.75E-33,2.67E+32,0.004200488,0.133699512,0.1952,4.433234524,0.0089,0.342,0.2041,1.054151295,0.26008448,0.2792088,0.5461,0.859923116,75.73228606,4.019322498,"[0.523,0.609]",0.57,"[0.206,0.322]",0.265
26,56,0.3331,180,0.1478,3900,207.1834936,Hotta:1984,1,0,3900,0.05,207.1834936,3.141592654,1,3.75E-33,2.67E+32,0.004200488,0.143599512,0.1853,4.433234524,0.0089,0.342,0.1942,1.054151295,0.24689372,0.2656656,0.5362,0.892044121,83.43387448,4.43233887,"[0.523,0.609]",0.57,"[0.206,0.322]",0.265
26,56,0.3331,180,0.1577,4160,219.7839849,Hotta:1984,1,0,4160,0.05,219.7839849,3.141592654,1,3.75E-33,2.67E+32,0.004200488,0.153499512,0.1754,4.433234524,0.0089,0.342,0.1843,1.054151295,0.23370296,0.2521224,0.5263,0.924165127,88.99613277,4.701904975,"[0.523,0.609]",0.57,"[0.206,0.322]",0.265
26,56,0.3331,180,0.1676,4080,219.4925967,Hotta:1984,1,0,4080,0.05,219.4925967,3.141592654,1,3.75E-33,2.67E+32,0.004200488,0.163399512,0.1655,4.433234524,0.0089,0.342,0.1744,1.054151295,0.2205122,0.2385792,0.5164,0.956286132,87.28466868,4.695671221,"[0.428,0.523]",0.475,"[0.206,0.322]",0.265
26,56,0.3331,180,0.1775,4270,226.9608997,Hotta:1984,1,0,4270,0.05,226.9608997,3.141592654,1,3.75E-33,2.67E+32,0.004200488,0.173299512,0.1556,4.433234524,0.0089,0.342,0.1645,1.054151295,0.20732144,0.225036,0.5065,0.988407138,91.3493959,4.855442876,"[0.428,0.523]",0.475,"[0.206,0.322]",0.265
26,56,0.3331,180,0.1874,3910,209.0364801,Hotta:1984,1,0,3910,0.05,209.0364801,3.141592654,1,3.75E-33,2.67E+32,0.004200488,0.183199512,0.1457,4.433234524,0.0089,0.342,0.1546,1.054151295,0.19413068,0.2114928,0.4966,1.020528143,83.64780749,4.471980369,"[0.428,0.523]",0.475,"[0.206,0.322]",0.265
26,56,0.3331,180,0.1973,3880,207.9927883,Hotta:1984,1,0,3880,0.05,207.9927883,3.141592654,1,3.75E-33,2.67E+32,0.004200488,0.193099512,0.1358,4.433234524,0.0089,0.342,0.1447,1.054151295,0.18093992,0.1979496,0.4867,1.052649148,83.00600845,4.449652357,"[0.428,0.523]",0.475,"[0.145,0.206]",0.16
26,56,0.3331,180,0.2072,3560,192.0104164,Hotta:1984,1,0,3560,0.05,192.0104164,3.141592654,1,3.75E-33,2.67E+32,0.004200488,0.202999512,0.1259,4.433234524,0.0089,0.342,0.1348,1.054151295,0.16774916,0.1844064,0.4768,1.084770154,76.16015209,4.107736661,"[0.428,0.523]",0.475,"[0.145,0.206]",0.16
26,56,0.3331,180,0.2171,3500,188.4807682,Hotta:1984,1,0,3500,0.05,188.4807682,3.141592654,1,3.75E-33,2.67E+32,0.004200488,0.212899512,0.116,4.433234524,0.0089,0.342,0.1249,1.054151295,0.1545584,0.1708632,0.4669,1.116891159,74.87655402,4.032225836,"[0.428,0.523]",0.475,"[0.145,0.206]",0.16
26,56,0.3331,180,0.227,3520,190.53871,Hotta:1984,1,0,3520,0.05,190.53871,3.141592654,1,3.75E-33,2.67E+32,0.004200488,0.222799512,0.1061,4.433234524,0.0089,0.342,0.115,1.054151295,0.14136764,0.15732,0.457,1.149012165,75.30442004,4.076252003,"[0.428,0.523]",0.475,"[0.145,0.206]",0.16
26,56,0.3331,180,0.2369,4200,229.6715045,Hotta:1984,1,0,4200,0.05,229.6715045,3.141592654,1,3.75E-33,2.67E+32,0.004200488,0.232699512,0.0962,4.433234524,0.0089,0.342,0.1051,1.054151295,0.12817688,0.1437768,0.4471,1.18113317,89.85186482,4.913431662,"[0.428,0.523]",0.475,"[0.100,0.145]",0.12
26,56,0.3331,180,0.2468,4510,242.0624919,Hotta:1984,1,0,4510,0.05,242.0624919,3.141592654,1,3.75E-33,2.67E+32,0.004200488,0.242599512,0.0863,4.433234524,0.0089,0.342,0.0952,1.054151295,0.11498612,0.1302336,0.4372,1.213254175,96.48378818,5.178515786,"[0.428,0.523]",0.475,"[0.100,0.145]",0.12
26,56,0.3331,180,0.2567,4000,260.5551765,Hotta:1984,1,0,4000,0.05,260.5551765,3.141592654,1,3.75E-33,2.67E+32,0.004200488,0.252499512,0.0764,4.433234524,0.0089,0.342,0.0853,1.054151295,0.10179536,0.1166904,0.4273,1.245375181,85.57320459,5.574135356,"[0.340,0.428]",0.38,"[0.100,0.145]",0.12
26,56,0.5553,180,0.2724,327,36.9179157,Hotta:1984,1,0,327,0.05,36.9179157,3.141592654,1,3.75E-33,2.67E+32,0.01157625,0.26082375,0.2829,4.433234524,0.0089,0.5642,0.2918,1.032311622,0.62837748,0.65853424,0.856,0.732993113,19.44158368,2.194931949,"[0.702,0.878]",0.756,"[0.650,1.050]",0.8
26,56,0.5553,180,0.2814,428,39.33141238,Hotta:1984,1,0,428,0.05,39.33141238,3.141592654,1,3.75E-33,2.67E+32,0.01157625,0.26982375,0.2739,4.433234524,0.0089,0.5642,0.2828,1.032311622,0.60838668,0.63822304,0.847,0.770193227,25.44647649,2.338424908,"[0.702,0.878]",0.756,"[0.438,0.650]",0.5
26,56,0.5553,180,0.2941,536,41.05423242,Hotta:1984,1,0,536,0.05,41.05423242,3.141592654,1,3.75E-33,2.67E+32,0.01157625,0.28252375,0.2612,4.433234524,0.0089,0.5642,0.2701,1.032311622,0.58017744,0.60956168,0.8343,0.822686721,31.86755,2.440854113,"[0.702,0.878]",0.756,"[0.438,0.650]",0.5
26,56,0.5553,180,0.3025,511,38.80003222,Hotta:1984,1,0,511,0.05,38.80003222,3.141592654,1,3.75E-33,2.67E+32,0.01157625,0.29092375,0.2528,4.433234524,0.0089,0.5642,0.2617,1.032311622,0.56151936,0.59060456,0.8259,0.857406828,30.38119039,2.306832027,"[0.702,0.878]",0.756,"[0.438,0.650]",0.5
26,56,0.5553,180,0.3139,460,37.17041835,Hotta:1984,1,0,460,0.05,37.17041835,3.141592654,1,3.75E-33,2.67E+32,0.01157625,0.30232375,0.2414,4.433234524,0.0089,0.5642,0.2503,1.032311622,0.53619768,0.56487704,0.8145,0.904526972,27.34901679,2.209944338,"[0.702,0.878]",0.756,"[0.438,0.650]",0.5
26,56,0.5553,180,0.3212,575,61.52985048,Hotta:1984,1,0,575,0.05,61.52985048,3.141592654,1,3.75E-33,2.67E+32,0.01157625,0.30962375,0.2341,4.433234524,0.0089,0.5642,0.243,1.032311622,0.51998292,0.5484024,0.8072,0.934700398,34.18627099,3.658219378,"[0.702,0.878]",0.756,"[0.438,0.650]",0.5
26,56,0.5553,180,0.3346,932,70.1983618,Hotta:1984,1,0,932,0.05,70.1983618,3.141592654,1,3.75E-33,2.67E+32,0.01157625,0.32302375,0.2207,4.433234524,0.0089,0.5642,0.2296,1.032311622,0.49021884,0.51816128,0.7938,0.990087234,55.4114862,4.173600382,"[0.702,0.878]",0.756,"[0.438,0.650]",0.5
26,56,0.5553,180,0.3414,988,73.4827871,Hotta:1984,1,0,988,0.05,73.4827871,3.141592654,1,3.75E-33,2.67E+32,0.01157625,0.32982375,0.2139,4.433234524,0.0089,0.5642,0.2228,1.032311622,0.47511468,0.50281504,0.787,1.018193987,58.74093172,4.368873866,"[0.702,0.878]",0.756,"[0.438,0.650]",0.5
26,56,0.5553,180,0.3549,903,70.69570355,Hotta:1984,1,0,903,0.05,70.69570355,3.141592654,1,3.75E-33,2.67E+32,0.01157625,0.34332375,0.2004,4.433234524,0.0089,0.5642,0.2093,1.032311622,0.44512848,0.47234824,0.7735,1.073994158,53.68730905,4.203169529,"[0.702,0.878]",0.756,"[0.438,0.650]",0.5
26,56,0.5553,180,0.3614,1010,80.11922366,Hotta:1984,1,0,1010,0.05,80.11922366,3.141592654,1,3.75E-33,2.67E+32,0.01157625,0.34982375,0.1939,4.433234524,0.0089,0.5642,0.2028,1.032311622,0.43069068,0.45767904,0.767,1.100860907,60.04892817,4.763439116,"[0.702,0.878]",0.756,"[0.438,0.650]",0.5
26,56,0.5553,180,0.3752,1030,79.29905422,Hotta:1984,1,0,1030,0.05,79.29905422,3.141592654,1,3.75E-33,2.67E+32,0.01157625,0.36362375,0.1801,4.433234524,0.0089,0.5642,0.189,1.032311622,0.40003812,0.4265352,0.7532,1.157901082,61.23801586,4.714676447,"[0.702,0.878]",0.756,"[0.322,0.438]",0.38
26,56,0.5553,180,0.381,1120,85.19178364,Hotta:1984,1,0,1120,0.05,85.19178364,3.141592654,1,3.75E-33,2.67E+32,0.01157625,0.36942375,0.1743,4.433234524,0.0089,0.5642,0.1832,1.032311622,0.38715516,0.41344576,0.7474,1.181874489,66.58891045,5.065025046,"[0.702,0.878]",0.756,"[0.322,0.438]",0.38
26,56,0.5553,180,0.3954,1300,98.418545,Hotta:1984,1,0,1300,0.05,98.418545,3.141592654,1,3.75E-33,2.67E+32,0.01157625,0.38382375,0.1599,4.433234524,0.0089,0.5642,0.1688,1.032311622,0.35516988,0.38094784,0.733,1.241394671,77.29069963,5.851414,"[0.702,0.878]",0.756,"[0.322,0.438]",0.38
26,56,0.5553,180,0.4006,1410,109.358173,Hotta:1984,1,0,1410,0.05,109.358173,3.141592654,1,3.75E-33,2.67E+32,0.01157625,0.38902375,0.1547,4.433234524,0.0089,0.5642,0.1636,1.032311622,0.34361964,0.36921248,0.7278,1.26288807,83.83068191,6.501822847,"[0.702,0.878]",0.756,"[0.322,0.438]",0.38
26,56,0.5553,180,0.4154,1800,139.8177385,Hotta:1984,1,0,1800,0.05,139.8177385,3.141592654,1,3.75E-33,2.67E+32,0.01157625,0.40382375,0.1399,4.433234524,0.0089,0.5642,0.1488,1.032311622,0.31074588,0.33581184,0.713,1.324061591,107.0178918,8.312777561,"[0.702,0.878]",0.756,"[0.322,0.438]",0.38
26,56,0.5553,180,0.42,1860,140.2640367,Hotta:1984,1,0,1860,0.05,140.2640367,3.141592654,1,3.75E-33,2.67E+32,0.01157625,0.40842375,0.1353,4.433234524,0.0089,0.5642,0.1442,1.032311622,0.30052836,0.32543056,0.7084,1.343074983,110.5851549,8.339311948,"[0.702,0.878]",0.756,"[0.322,0.438]",0.38
26,56,0.5553,180,0.4254,2070,159.2270392,Hotta:1984,1,0,2070,0.05,159.2270392,3.141592654,1,3.75E-33,2.67E+32,0.01157625,0.41382375,0.1299,4.433234524,0.0089,0.5642,0.1388,1.032311622,0.28853388,0.31324384,0.703,1.365395051,123.0705756,9.466745582,"[0.702,0.878]",0.756,"[0.206,0.322]",0.265
26,56,0.5553,180,0.4296,2260,170.7424962,Hotta:1984,1,0,2260,0.05,170.7424962,3.141592654,1,3.75E-33,2.67E+32,0.01157625,0.41802375,0.1257,4.433234524,0.0089,0.5642,0.1346,1.032311622,0.27920484,0.30376528,0.6988,1.382755104,134.3669086,10.15138999,"[0.609,0.702]",0.649,"[0.206,0.322]",0.265
,,0.1546,180,0,,,,,,,,,,,,,,,,,,,,,,,,,0,0.1,,,,
,,0.1737,180,0,,,,,,,,,,,,,,,,,,,,,,,,,0,0.1,,,,
,,0.1922,180,0,,,,,,,,,,,,,,,,,,,,,,,,,0,0.1,,,,
,,0.2065,180,0,,,,,,,,,,,,,,,,,,,,,,,,,0,0.1,,,,
,,0.2211,180,0,,,,,,,,,,,,,,,,,,,,,,,,,0,0.1,,,,
,,0.2356,180,0,,,,,,,,,,,,,,,,,,,,,,,,,0,0.1,,,,
,,0.2519,180,0,,,,,,,,,,,,,,,,,,,,,,,,,0,0.1,,,,
,,0.2712,180,0,,,,,,,,,,,,,,,,,,,,,,,,,0,0.1,,,,
,,0.2928,180,0,,,,,,,,,,,,,,,,,,,,,,,,,0,0.1,,,,
,,0.3122,180,0,,,,,,,,,,,,,,,,,,,,,,,,,0,0.1,,,,
,,0.3331,180,0,,,,,,,,,,,,,,,,,,,,,,,,,0,0.1,,,,
,,0.5553,180,0,,,,,,,,,,,,,,,,,,,,,,,,,0,0.1,,,,
