qv,q2,ex,nu,W2,RLTOT,RTTOT
0.475,0.22536,0.014,0.01616,0.685321205889,11.383196268291794,20.517435667965962
0.475,0.22533,0.015,0.01716,0.687227751889,8.510875301624184,32.68057915719301
0.475,0.2253,0.016,0.01816,0.689134297889,5.6942261041497115,43.25033170205362
0.475,0.22526,0.017,0.01916,0.6910508438890001,3.233393763182685,50.43838468902739
0.475,0.22522,0.018,0.02016,0.6929673898890001,1.485282889553928,53.23512871784051
0.475,0.22518,0.019,0.02116,0.694883935889,0.5210865172604102,52.04156491831655
0.475,0.22513,0.02,0.02216,0.696810481889,0.14012903916377129,47.43989355877252
0.475,0.22509,0.02101,0.02316,0.698727027889,0.11325836844998394,40.66392748876214
0.475,0.22504,0.02201,0.02416,0.700653573889,0.3805414604572581,33.293598975605335
0.475,0.22499,0.02301,0.02516,0.702580119889,0.9849225610040588,26.871740938423798
0.475,0.22494,0.02401,0.02616,0.704506665889,1.9794784447329583,22.278734852564988
0.475,0.22489,0.02501,0.02716,0.706433211889,-14.465739896462182,12.901265737058129
0.475,0.22483,0.02601,0.02816,0.708369757889,-10.587309158444404,5.438206961604301
0.475,0.22477,0.02701,0.02916,0.710306303889,-6.4569099670927965,-3.2727317574142987
0.475,0.22472,0.02801,0.03016,0.712232849889,-2.2456694332888585,-12.2352336210059
0.475,0.22465,0.02901,0.03116,0.714179395889,1.8737341550190463,-19.551385497166777
0.475,0.22459,0.03001,0.03216,0.716115941889,5.795888141453615,-23.245670852932385
0.475,0.22453,0.03101,0.03316,0.718052487889,9.213829519686987,-22.880978698388205
0.475,0.22446,0.03201,0.03416,0.719999033889,11.920070849275799,-18.42167021565605
0.475,0.22439,0.03301,0.03516,0.7219455798890001,14.0988391486699,-10.835162421766903
0.475,0.22432,0.03401,0.03616,0.7238921258890001,16.044397151039213,-0.6492294401042145
0.475,0.22424,0.03501,0.03716,0.725848671889,17.546471965610067,9.93226440901299
0.475,0.22417,0.03601,0.03816,0.727795217889,18.8580059214855,19.512380895806608
0.475,0.22409,0.03701,0.03916,0.729751763889,20.04027517064882,26.919353064729368
0.475,0.22401,0.03802,0.04016,0.731708309889,20.933779037532513,32.02598873251816
0.475,0.22393,0.03902,0.04116,0.7336648558890001,21.4492823633213,35.08400217238348
0.475,0.22385,0.04002,0.04216,0.735621401889,21.75752887214476,37.124097642616604
0.475,0.22376,0.04102,0.04316,0.7375879478890001,21.759975716672493,38.559086365118155
0.475,0.22367,0.04202,0.04416,0.739554493889,21.466432707941863,39.82199265529448
0.475,0.22359,0.04302,0.04516,0.7415110398890001,20.87701434595161,40.85802726211553
0.475,0.22349,0.04402,0.04616,0.7434875858890001,20.104129348649877,42.02732738279551
0.475,0.2234,0.04502,0.04716,0.745454131889,19.056695509818965,43.03510733315465
0.475,0.22331,0.04602,0.04816,0.747420677889,17.875925596231248,44.00850661601382
0.475,0.22321,0.04702,0.04916,0.749397223889,16.582741682544583,44.9313647068829
0.475,0.22311,0.04802,0.05016,0.7513737698890001,15.127313286653369,45.72702463646441
0.475,0.22301,0.04903,0.05116,0.753350315889,13.580227861677413,46.67823921131232
0.475,0.2229,0.05003,0.05216,0.7553368618890001,12.122188500266537,47.49634170045287
0.475,0.2228,0.05103,0.05316,0.757313407889,10.763427255730495,48.28518503440935
0.475,0.22269,0.05203,0.05416,0.759299953889,9.594698948426423,49.1443347081723
0.475,0.22258,0.05303,0.05516,0.761286499889,8.426394622135557,49.87649567342847
0.475,0.22247,0.05403,0.05616,0.763273045889,7.649022048884653,50.723275617357515
0.475,0.22236,0.05503,0.05716,0.7652595918890001,7.073072305099241,51.3562376561394
0.475,0.22224,0.05603,0.05816,0.767256137889,6.598879332975966,52.25482513969585
0.475,0.22212,0.05703,0.05916,0.769252683889,6.6169677840214,52.822332547704804
0.475,0.22201,0.05803,0.06016,0.771239229889,6.648000965410612,53.56265387282538
0.475,0.22188,0.05904,0.06116,0.773245775889,7.171772042841766,54.27011887414584
0.475,0.22176,0.06004,0.06216,0.7752423218890001,7.78934066166519,54.95334834548995
0.475,0.22164,0.06104,0.06316,0.7772388678890001,8.620897002840064,55.711398547855936
0.475,0.22151,0.06204,0.06416,0.779245413889,9.446495851242215,56.24279769629075
0.475,0.22138,0.06304,0.06516,0.7812519598890001,10.466795651015028,56.95161519467534
0.475,0.22125,0.06404,0.06616,0.783258505889,11.562162675276632,57.63924446468008
0.475,0.22111,0.06504,0.06716,0.785275051889,12.762543600192192,58.20385693954304
0.475,0.22098,0.06604,0.06816,0.787281597889,13.939068208258831,58.853105106815924
0.475,0.22084,0.06705,0.06916,0.789298143889,15.051233397930046,59.48183762471308
0.475,0.2207,0.06805,0.07016,0.7913146898890001,16.199761940789077,60.09456789715914
0.475,0.22056,0.06905,0.07116,0.793331235889,17.38495802646328,60.69258597242297
0.475,0.22042,0.07005,0.07216,0.795347781889,18.277113248397946,61.27715638655937
0.475,0.22027,0.07105,0.07316,0.797374327889,19.286001576190465,61.94588126941807
0.475,0.22012,0.07205,0.07416,0.799400873889,20.112372167567955,62.50350706392191
0.475,0.21998,0.07305,0.07516,0.8014174198890001,20.85701203419827,63.05497286553727
0.475,0.21982,0.07406,0.07616,0.803453965889,21.52858601972752,63.59025349024451
0.475,0.21967,0.07506,0.07716,0.805480511889,22.22891348651028,64.32170368939406
0.475,0.21952,0.07606,0.07816,0.807507057889,22.872692220793105,64.74671376339975
0.475,0.21936,0.07706,0.07916,0.809543603889,23.463578547884012,65.46251965273987
0.475,0.2192,0.07806,0.08016,0.8115801498889998,24.010324893579238,65.8740174923092
0.475,0.21904,0.07906,0.08116,0.813616695889,24.520128156074787,66.48226689430875
0.475,0.21887,0.08006,0.08216,0.8156632418890001,24.999604221721178,66.98439768726229
0.475,0.21871,0.08107,0.08316,0.817699787889,25.355069545885897,67.5892159726529
0.475,0.21854,0.08207,0.08416,0.8197463338890001,25.791548925829,68.08990039295168
0.475,0.21837,0.08307,0.08516,0.821792879889,26.213373802175305,68.6913173265406
0.475,0.2182,0.08407,0.08616,0.823839425889,26.624095520693043,69.19440293133377
0.475,0.21803,0.08507,0.08716,0.8258859718890001,27.026656532190415,69.70006560566253
0.475,0.21785,0.08607,0.08816,0.827942517889,27.52281634220446,70.20533149911789
0.475,0.21768,0.08708,0.08916,0.8299890638890001,27.915450783732812,70.71878596548922
0.475,0.2175,0.08808,0.09016,0.8320456098889999,28.304731437303193,71.23357670370596
0.475,0.21731,0.08908,0.09116,0.834112155889,28.691806261293422,71.65059512311709
0.475,0.21713,0.09008,0.09216,0.836168701889,29.078526619768702,72.17820405634703
0.475,0.21695,0.09108,0.09316,0.838225247889,29.464918002480285,72.71335370825837
0.475,0.21676,0.09208,0.09416,0.840291793889,29.85087278530577,73.15311335097648
0.475,0.21657,0.09309,0.09516,0.8423583398889999,30.237257629892067,73.80193082270563
0.475,0.21638,0.09409,0.09616,0.844424885889,30.62432521882942,74.06048819738197
0.475,0.21618,0.09509,0.09716,0.8465014318890001,31.01170729497121,74.525928877556
0.475,0.21599,0.09609,0.09816,0.848567977889,31.400625472390132,75.00595755099773
0.475,0.21579,0.09709,0.09916,0.850644523889,31.790109663604014,75.49421293131891
0.475,0.21559,0.0981,0.10016,0.852721069889,32.18078115730498,75.89478804834653
0.475,0.21539,0.0991,0.10116,0.854797615889,32.47270380418607,76.30823765339447
0.475,0.21519,0.1001,0.10216,0.8568741618890001,32.96592969556953,76.8350897143071
0.475,0.21498,0.1011,0.10316,0.858960707889,33.259995424512,77.27270538575831
0.475,0.21478,0.1021,0.10416,0.8610372538890001,33.655949940331496,77.72791082938784
0.475,0.21457,0.10311,0.10516,0.8631237998889999,34.052817769564285,77.99494963049656
0.475,0.21435,0.10411,0.10616,0.865220345889,34.350640238188674,78.47446970955934
0.475,0.21414,0.10511,0.10716,0.8673068918890001,34.75040757761454,78.87279543778277
0.475,0.21393,0.10611,0.10816,0.869393437889,35.151639495097605,79.18730816737515
0.475,0.21371,0.10711,0.10916,0.871489983889,35.55387925623009,79.51567447509723
0.475,0.21349,0.10812,0.11016,0.873586529889,35.85760557615882,79.9610724424827
0.475,0.21327,0.10912,0.11116,0.8756830758890001,36.16281622017756,80.42380991596728
0.475,0.21304,0.11012,0.11216,0.8777896218890001,36.669063585196675,80.60173425194807
0.475,0.21282,0.11112,0.11316,0.879886167889,36.87722804472196,80.70006215362228
0.475,0.21259,0.11212,0.11416,0.881992713889,37.18642026481112,81.41424543432076
0.475,0.21236,0.11313,0.11516,0.884099259889,37.59706516652532,81.14693459530827
0.475,0.21213,0.11413,0.11616,0.886205805889,37.909143003243635,81.89832073248107
0.475,0.2119,0.11513,0.11716,0.8883123518890002,38.22263108033188,82.66857183981328
0.475,0.21166,0.11613,0.11816,0.890428897889,38.53710307876026,82.35592893700232
0.475,0.21143,0.11714,0.11916,0.8925354438890001,38.853338987765014,83.16441470592981
0.475,0.21119,0.11814,0.12016,0.894651989889,39.170512684938146,82.99041414759112
0.475,0.21094,0.11914,0.12116,0.896778535889,39.58860960973543,82.93428377174423
0.475,0.2107,0.12014,0.12216,0.8988950818890001,39.808364450954834,83.79943250754722
0.475,0.21046,0.12115,0.12316,0.901011627889,40.02935152520367,83.68417788668884
0.475,0.21021,0.12215,0.12416,0.9031381738890001,40.45116658601037,83.48718751255646
0.475,0.20996,0.12315,0.12516,0.9052647198889999,40.674144198524296,84.50999514787691
0.475,0.20971,0.12415,0.12616,0.907391265889,40.89824112721544,84.45257860220154
0.475,0.20945,0.12516,0.12716,0.9095278118890001,41.12306327222613,84.5138250651944
0.475,0.2092,0.12616,0.12816,0.911654357889,41.44926818173844,84.39590857072616
0.475,0.20894,0.12716,0.12916,0.9137909038890001,41.776114153131495,84.49669959370502
0.475,0.20868,0.12816,0.13016,0.915927449889,41.90390168539016,84.41717062683892
0.475,0.20842,0.12916,0.13116,0.918063995889,42.23258093418844,85.55720513853593
0.475,0.20816,0.13017,0.13216,0.9202005418890001,42.46210125133803,85.71666922786389
0.475,0.20789,0.13117,0.13316,0.922347087889,42.59208690432133,85.7948896536953
0.475,0.20763,0.13217,0.13416,0.9244836338890001,42.82313814696681,85.79283324894494
0.475,0.20736,0.13318,0.13516,0.926630179889,43.054556693165694,85.00935973633314
0.475,0.20708,0.13418,0.13616,0.9287867258890001,43.286298432294274,86.14453340901527
0.475,0.20681,0.13518,0.13716,0.9309332718890002,43.41894256391669,85.39873819730128
0.475,0.20654,0.13618,0.13816,0.9330798178890001,43.55211738740036,85.57139854619744
0.475,0.20626,0.13719,0.13916,0.9352363638890001,43.785461095275245,85.86226894711135
0.475,0.20598,0.13819,0.14016,0.9373929098889999,43.919231795938586,85.97125734643197
0.475,0.2057,0.13919,0.14116,0.9395494558890001,44.053375278515055,86.29808799450402
0.475,0.20541,0.14019,0.14216,0.9417160018890002,44.18753438244166,85.54271860290902
0.475,0.20513,0.1412,0.14316,0.943872547889,44.322263164483594,85.90443519557593
0.475,0.20484,0.1422,0.14416,0.9460390938890001,44.456902703136436,86.18349441153697
0.475,0.20455,0.1432,0.14516,0.948205639889,44.59170301523399,85.47932168046827
0.475,0.20426,0.1442,0.14616,0.9503721858890001,44.72661153265217,85.7915777819463
0.475,0.20397,0.14521,0.14716,0.9525387318890002,44.76157642602338,85.21991313892067
0.475,0.20367,0.14621,0.14816,0.954715277889,44.79624646423908,85.56466913419999
0.475,0.20338,0.14721,0.14916,0.9568818238889999,44.73117164458963,84.92414547334764
0.475,0.20308,0.14822,0.15016,0.959058369889,44.86570159838593,85.39943301941375
0.475,0.20277,0.14922,0.15116,0.9612449158890001,44.79978589299707,84.79034615154379
0.475,0.20247,0.15022,0.15216,0.9634214618889999,44.93397959897702,85.19473801584681
0.475,0.20217,0.15122,0.15316,0.9655980078890001,44.96793514081801,84.6130417917855
0.475,0.20186,0.15223,0.15416,0.9677845538889999,44.90130181391432,84.74593971429859
0.475,0.20155,0.15323,0.15516,0.969971099889,44.93433791981079,84.49203517129645
0.475,0.20124,0.15423,0.15616,0.9721576458890001,44.96700028523036,84.4508968315553
0.475,0.20092,0.15524,0.15716,0.974354191889,44.798936284307274,84.22335588560081
0.475,0.20061,0.15624,0.15816,0.9765407378890001,44.730725235363934,84.0064882358478
0.475,0.20029,0.15724,0.15916,0.9787372838889999,44.6617040985584,83.70243321887101
0.475,0.19997,0.15825,0.16016,0.980933829889,44.692146073584446,83.70946684924992
0.475,0.19965,0.15925,0.16116,0.9831303758890001,44.52201511336898,83.32712961839279
0.475,0.19933,0.16025,0.16216,0.985326921889,44.45127684320323,83.05495910208555
0.475,0.199,0.16126,0.16316,0.987533467889,44.47957212749461,82.8940485582745
0.475,0.19868,0.16226,0.16416,0.989730013889,44.40751985080133,82.64085593341723
0.475,0.19835,0.16326,0.16516,0.991936559889,44.134434518788474,82.19806608195067
0.475,0.19801,0.16426,0.16616,0.9941531058890001,43.96027860804752,81.96532033004331
0.475,0.19768,0.16527,0.16716,0.996359651889,43.88569525343773,81.93882693531923
0.475,0.19735,0.16627,0.16816,0.998566197889,43.61032757946804,81.5197479444032
0.475,0.19701,0.16727,0.16916,1.000782743889,43.43380638501549,81.10938039042522
0.475,0.19667,0.16828,0.17016,1.002999289889,43.356450948122074,80.8055330553616
0.475,0.19633,0.16928,0.17116,1.005215835889,43.27824273626902,80.7077258969075
0.475,0.19599,0.17028,0.17216,1.007432381889,42.999165179641565,80.31548066869728
0.475,0.19564,0.17129,0.17316,1.009658927889,42.71884090671083,79.93019473949097
0.475,0.19529,0.17229,0.17416,1.011885473889,42.53761190317164,79.64956103147706
0.475,0.19494,0.17329,0.17516,1.0141120198890001,42.35546738838311,79.37310298424563
0.475,0.19459,0.1743,0.17616,1.016338565889,42.07239859544207,79.00034763892764
0.475,0.19424,0.1753,0.17716,1.0185651118890002,41.78839876812708,78.63082604873344
0.475,0.19388,0.1763,0.17816,1.020801657889,41.50307957079785,78.26602506427443
0.475,0.19353,0.17731,0.17916,1.023028203889,41.41720120023528,78.20159155621658
0.475,0.19317,0.17831,0.18016,1.025264749889,41.02999148906373,77.64097909209667
0.475,0.19281,0.17931,0.18116,1.0275012958890002,40.74183526343841,77.28178132070461
0.475,0.19244,0.18032,0.18216,1.029747841889,40.4523352730408,76.92552607037942
0.475,0.19208,0.18132,0.18316,1.031984387889,40.262293540348765,76.76781875847374
0.475,0.19171,0.18233,0.18416,1.034230933889,39.87091214122775,76.31217461865162
0.475,0.19134,0.18333,0.18516,1.036477479889,39.578600826338516,75.9561826154706
0.475,0.19097,0.18433,0.18616,1.038724025889,39.18537080721872,75.59941603392363
0.475,0.1906,0.18534,0.18716,1.0409705718889999,38.99123521946021,75.44145606930823
0.475,0.19022,0.18634,0.18816,1.043227117889,38.69578414495336,75.08384847815604
0.475,0.18984,0.18734,0.18916,1.045483663889,38.29945172657016,74.62421525190585
0.475,0.18946,0.18835,0.19016,1.047740209889,37.802256965285046,74.26215799931087
0.475,0.18908,0.18935,0.19116,1.0499967558890002,37.70422069728665,74.19728760436992
0.475,0.1887,0.19035,0.19216,1.052253301889,37.20536555592553,73.72922453613718
0.475,0.18831,0.19136,0.19316,1.054519847889,36.90527260086092,73.35948896704357
0.475,0.18793,0.19236,0.19416,1.056776393889,36.70485126355197,73.28392330693313
0.475,0.18754,0.19337,0.19516,1.059042939889,36.30323956380307,72.9059367323469
0.475,0.18715,0.19437,0.19616,1.0613094858890002,35.900910658883994,72.6232961338479
0.475,0.18675,0.19537,0.19716,1.063586031889,35.49744001939824,72.23747711062315
0.475,0.18636,0.19638,0.19816,1.065852577889,35.393769795389275,72.24451875911316
0.475,0.18596,0.19738,0.19916,1.068129123889,34.88902006841381,71.8477001620864
0.475,0.18556,0.19838,0.20016,1.070405669889,34.48368329692167,71.5449114063579
0.475,0.18516,0.19939,0.20116,1.0726822158890001,34.07779740934493,71.23586234635441
0.475,0.18476,0.20039,0.20216,1.074958761889,33.8714017180464,71.12027494154172
0.475,0.18435,0.2014,0.20316,1.077245307889,33.464066477015045,70.7995266817743
0.475,0.18394,0.2024,0.20416,1.079531853889,32.956300419213946,70.57165758187175
0.475,0.18353,0.2034,0.20516,1.081818399889,32.548147252731724,70.33642358558136
0.475,0.18312,0.20441,0.20616,1.0841049458890002,32.4396518588037,70.19359344379045
0.475,0.18271,0.20541,0.20716,1.086391491889,31.93086022785574,69.94294882541288
0.475,0.18229,0.20642,0.20816,1.088688037889,31.521342042059402,69.7857592987304
0.475,0.18188,0.20742,0.20916,1.090974583889,31.112099265286815,69.41884648913401
0.475,0.18146,0.20842,0.21016,1.093271129889,30.802225776508564,69.44494306443374
0.475,0.18104,0.20943,0.21116,1.095567675889,30.39224938341067,69.1624060475384
0.475,0.18061,0.21043,0.21216,1.097874221889,29.9817421915969,68.9724054603954
0.475,0.18019,0.21144,0.21316,1.1001707678889998,29.871714568204958,68.97211162514286
0.475,0.17976,0.21244,0.21416,1.102477313889,29.361261439375816,68.86400569324033
0.475,0.17933,0.21344,0.21516,1.104783859889,28.8509158579458,68.64664729210782
0.475,0.1789,0.21445,0.21616,1.107090405889,28.540732256794584,68.41993434483302
0.475,0.17847,0.21545,0.21716,1.1093969518890001,28.430765514876114,68.58377838322195
0.475,0.17803,0.21646,0.21816,1.111713497889,28.020595975022296,68.33918630536647
0.475,0.17759,0.21746,0.21916,1.114030043889,27.41075718209904,68.18493140701892
0.475,0.17715,0.21846,0.22016,1.1163465898890002,27.001305632069126,68.02096513737342
0.475,0.17671,0.21947,0.22116,1.1186631358890002,26.99229796688014,68.04725249584288
0.475,0.17627,0.22047,0.22216,1.120979681889,26.38379089573864,67.96377192201908
0.475,0.17582,0.22148,0.22316,1.123306227889,26.075376414504717,67.77138645809609
0.475,0.17538,0.22248,0.22416,1.125622773889,25.568043314089298,67.76831635251281
0.475,0.17493,0.22349,0.22516,1.127949319889,25.56092189978798,67.85628001212608
0.475,0.17448,0.22449,0.22616,1.1302758658890002,25.154533800587522,67.7344375171233
0.475,0.17402,0.22549,0.22716,1.132612411889,24.64848351017281,67.70353594050975
0.475,0.17357,0.2265,0.22816,1.1349389578890001,24.743735161496446,67.86218509250902
0.475,0.17311,0.2275,0.22916,1.137275503889,24.139444495306815,67.71181902801618
0.475,0.17265,0.22851,0.23016,1.1396120498890001,23.63611943240976,67.65181791041395
0.475,0.17219,0.22951,0.23116,1.141948595889,23.233815129773575,67.68227702220902
0.475,0.17173,0.23052,0.23216,1.144285141889,23.232585996936542,67.80330366832194
0.475,0.17126,0.23152,0.23316,1.1466316878890002,22.832059706252767,67.81547524566994
0.475,0.17079,0.23253,0.23416,1.148978233889,22.332725199148992,67.91838591836276
0.475,0.17032,0.23353,0.23516,1.151324779889,21.934634819315296,67.91217944704103
0.475,0.16985,0.23453,0.23616,1.1536713258890001,21.937839821886154,68.09701071027084
0.475,0.16938,0.23554,0.23716,1.156017871889,21.542390294728,68.0730454249714
0.475,0.1689,0.23654,0.23816,1.158374417889,21.04793730325764,68.14072888199007
0.475,0.16843,0.23755,0.23916,1.160720963889,21.155330146942287,68.3996736972651
0.475,0.16795,0.23855,0.24016,1.163077509889,20.763826043801863,68.35058030788204
0.475,0.16747,0.23956,0.24116,1.1654340558890002,20.273867948388215,68.39338791576446
0.475,0.16698,0.24056,0.24216,1.1678006018890001,19.8851279118854,68.62844585325801
0.475,0.1665,0.24157,0.24316,1.1701571478889998,20.098397962079616,68.85568509448785
0.475,0.16601,0.24257,0.24416,1.172523693889,19.512982572923647,68.97557393184397
0.475,0.16552,0.24358,0.24516,1.1748902398890002,19.229292140324834,69.08822677987628
0.475,0.16503,0.24458,0.24616,1.177256785889,18.747363591063184,69.19389755442971
0.475,0.16454,0.24559,0.24716,1.1796233318890001,18.867231856472692,69.49284752614903
0.475,0.16404,0.24659,0.24816,1.181999877889,18.488602853304474,69.68529989306688
0.475,0.16354,0.2476,0.24916,1.184376423889,18.011850130284436,69.77152317966684
0.475,0.16304,0.2486,0.25016,1.186752969889,18.137002546538135,70.15180167848011
0.475,0.16254,0.2496,0.25116,1.189129515889,17.76408664813498,70.42642532035242
0.475,0.16204,0.25061,0.25216,1.191506061889,17.29312659569259,70.4956891907961
0.475,0.16153,0.25161,0.25316,1.193892607889,17.023858041418134,70.7597321853973
0.475,0.16103,0.25262,0.25416,1.196269153889,17.156880739048937,71.11916067539121
0.475,0.16052,0.25362,0.25516,1.1986556998890001,16.791647799045315,71.47394370451804
0.475,0.16001,0.25463,0.25616,1.201042245889,16.328459426603512,71.62455693635275
0.475,0.15949,0.25563,0.25716,1.2034387918890002,16.067075216793356,71.87108716794745
0.475,0.15898,0.25664,0.25816,1.2058253378889998,16.208016078485525,72.3143014411442
0.475,0.15846,0.25764,0.25916,1.208221883889,15.85079288216938,72.55404817705266
0.475,0.15794,0.25865,0.26016,1.2106184298890001,15.595660324473283,72.99088469586567
0.475,0.15742,0.25965,0.26116,1.213014975889,15.742618280352328,73.3251381930022
0.475,0.1569,0.26066,0.26216,1.215411521889,15.29166357847862,73.75713591344538
0.475,0.15637,0.26166,0.26316,1.217818067889,14.942590366207877,74.08690922737006
0.475,0.15584,0.26267,0.26416,1.220224613889,14.695606097084237,74.51506717733574
0.475,0.15531,0.26367,0.26516,1.222631159889,14.850698008874314,74.94193793499144
0.475,0.15478,0.26468,0.26616,1.225037705889,14.607850066997344,75.36784747933271
0.475,0.15425,0.26568,0.26716,1.227444251889,14.167042933893388,75.79311902201735
0.475,0.15371,0.26669,0.26816,1.229860797889,14.428096928261219,76.21776040454851
0.475,0.15318,0.26769,0.26916,1.232267343889,14.091308239361386,76.74271240807138
0.475,0.15264,0.2687,0.27016,1.2346838898890002,13.856341416895155,77.16766569309402
0.475,0.1521,0.2697,0.27116,1.2371004358890003,13.423320187299396,77.69324267445481
0.475,0.15155,0.27071,0.27216,1.239526981889,13.692082946593292,78.31944629085483
0.475,0.15101,0.27172,0.27316,1.2419435278889999,13.26284673544287,78.74718428203487
0.475,0.15046,0.27272,0.27416,1.244370073889,13.035325386855302,79.37615290985559
0.475,0.14991,0.27373,0.27516,1.2467966198890001,12.909595805505525,79.90694183992454
0.475,0.14936,0.27473,0.27616,1.2492231658890003,12.985606468081823,80.43983095149743
0.475,0.14881,0.27574,0.27716,1.2516497118890002,12.76330226357095,80.97509158505709
0.475,0.14825,0.27674,0.27816,1.254086257889,12.542542555293767,81.71273582206922
0.475,0.14769,0.27775,0.27916,1.2565228038890002,12.623359645955496,82.3532912715279
0.475,0.14713,0.27875,0.28016,1.2589593498890002,12.505686842426076,82.89700333224609
0.475,0.14657,0.27976,0.28116,1.2613958958890001,12.089453839207998,83.64410656485707
0.475,0.14601,0.28076,0.28216,1.2638324418890001,11.874586737863137,84.29482415816746
0.475,0.14544,0.28177,0.28316,1.266278987889,12.060954885708632,85.03918907098472
0.475,0.14488,0.28277,0.28416,1.268715533889,11.848588428855773,85.67777400673832
0.475,0.14431,0.28378,0.28516,1.2711620798890002,11.537300580114245,86.42042681758757
0.475,0.14374,0.28478,0.28616,1.2736086258890003,11.927055433404167,87.1675008952513
0.475,0.14316,0.28579,0.28716,1.2760651718890001,11.5177242481499,87.9190510329581
0.475,0.14259,0.2868,0.28816,1.278511717889,11.309286660590441,88.76545598245691
0.475,0.14201,0.2878,0.28916,1.280968263889,11.201573424341042,89.51665584171995
0.475,0.14143,0.28881,0.29016,1.2834248098890002,11.294516731725889,90.27287490567426
0.475,0.14085,0.28981,0.29116,1.285881355889,11.088009303115541,91.13421536496956
0.475,0.14027,0.29082,0.29216,1.2883379018889998,10.88194062097745,91.9907632663031
0.475,0.13968,0.29182,0.29316,1.290804447889,11.076174135596375,92.76260640196153
0.475,0.13909,0.29283,0.29416,1.2932709938890001,10.870617186647625,93.62982281136327
0.475,0.1385,0.29384,0.29516,1.295737539889,10.565148553898325,94.49244834745885
0.475,0.13791,0.29484,0.29616,1.298204085889,10.459644075779945,95.3805012144323
0.475,0.13732,0.29585,0.29716,1.300670631889,10.553976757233613,96.27398164316429
0.475,0.13672,0.29685,0.29816,1.303147177889,10.347991934450693,97.17299986246276
0.475,0.13613,0.29786,0.29916,1.305613723889,10.241605145786888,98.17728514482967
0.475,0.13553,0.29886,0.30016,1.3080902698890002,10.434628570632778,98.9870602241205
0.475,0.13493,0.29987,0.30116,1.310566815889,10.12694825149956,100.00212266858433
0.475,0.13432,0.30088,0.30216,1.313053361889,9.918386696348897,101.03259245652124
0.475,0.13372,0.30188,0.30316,1.315529907889,9.908868987744789,101.95795082463883
0.475,0.13311,0.30289,0.30416,1.318016453889,9.898171709143206,102.9885120961687
0.475,0.1325,0.30389,0.30516,1.320502999889,9.78618229488784,103.92391045150346
0.475,0.13189,0.3049,0.30616,1.322989545889,9.572750164422903,104.963974025161
0.475,0.13128,0.3059,0.30716,1.3254760918889998,9.757723223094946,105.90851175663518
0.475,0.13066,0.30691,0.30816,1.327972637889,9.540876840977578,106.96763866117922
0.475,0.13004,0.30792,0.30916,1.3304691838890002,9.322111681968089,108.02083198693697
0.475,0.12942,0.30892,0.31016,1.332965729889,9.101270334230502,109.08784083159058
0.475,0.1288,0.30993,0.31116,1.335462275889,9.33819462650795,110.14839558100901
0.475,0.12818,0.31093,0.31216,1.337958821889,9.03272584522318,111.4122082539543
0.475,0.12755,0.31194,0.31316,1.340465367889,8.924587369846897,112.48936593356882
0.475,0.12693,0.31295,0.31416,1.342961913889,9.103844060332047,113.55876870781057
0.475,0.1263,0.31395,0.31516,1.345468459889,8.89008926675422,114.63086916181958
0.475,0.12567,0.31496,0.31616,1.347975005889,8.673280073085333,115.71491253938292
0.475,0.12503,0.31596,0.31716,1.350491551889,8.44309031473463,116.79094488840666
0.475,0.1244,0.31697,0.31816,1.352998097889,8.619679955260363,117.87772873736104
0.475,0.12376,0.31798,0.31916,1.355514643889,8.28254354638678,118.95570422350313
0.475,0.12312,0.31898,0.32016,1.3580311898890003,8.141689327321266,120.0440198714612
0.475,0.12248,0.31999,0.32116,1.3605477358890001,8.196961021175376,121.132234736696
0.475,0.12184,0.32099,0.32216,1.363064281889,8.048204474053929,122.21989536849084
0.475,0.12119,0.322,0.32316,1.365590827889,7.895009341723636,123.29695794896223
0.475,0.12054,0.32301,0.32416,1.368117373889,7.877450245343496,124.38251215374564
0.475,0.11989,0.32401,0.32516,1.3706439198890001,7.69537961108901,125.4660674917954
0.475,0.11924,0.32502,0.32616,1.373170465889,7.508653375828871,125.53712524470407
0.475,0.11859,0.32603,0.32716,1.375697011889,7.327131338641049,126.62517984034494
0.475,0.11793,0.32703,0.32816,1.378233557889,7.330325384341997,127.69008669365314
0.475,0.11728,0.32804,0.32916,1.380760103889,7.018788195341475,128.76058068815618
0.475,0.11662,0.32904,0.33016,1.3832966498890003,6.821667779427372,129.82685610766745
0.475,0.11596,0.33005,0.33116,1.385833195889,6.799193973797955,130.88802183146123
0.475,0.11529,0.33106,0.33216,1.388379741889,6.590813860316995,131.94384012044523
0.475,0.11463,0.33206,0.33316,1.390916287889,6.367268241001874,132.9931928545516
0.475,0.11396,0.33307,0.33416,1.393462833889,6.137557735265581,134.02610622888665
0.475,0.11329,0.33408,0.33516,1.396009379889,6.102021772526204,135.06177877518232
0.475,0.11262,0.33508,0.33616,1.3985559258890001,5.870571089676815,136.0897039790463
0.475,0.11195,0.33609,0.33716,1.401102471889,5.623124741747059,137.1093865702348
0.475,0.11127,0.3371,0.33816,1.403659017889,5.5690349800622805,138.1204486769531
0.475,0.11059,0.3381,0.33916,1.4062155638890002,5.30876613283753,138.12224690405185
0.475,0.10991,0.33911,0.34016,1.4087721098890003,5.042264640192151,139.11432925638394
0.475,0.10923,0.34012,0.34116,1.4113286558890001,4.969487479926901,140.09626542409532
0.475,0.10855,0.34112,0.34216,1.413885201889,4.700402698786348,141.06764967452736
0.475,0.10786,0.34213,0.34316,1.416451747889,4.404291418595822,142.02800544156577
0.475,0.10718,0.34314,0.34416,1.419008293889,4.122517898681007,142.9771371238085
0.475,0.10649,0.34414,0.34516,1.4215748398890002,3.923664910104705,142.91448692512816
0.475,0.1058,0.34515,0.34616,1.424141385889,3.7184494212333803,143.8398735029914
0.475,0.1051,0.34616,0.34716,1.426717931889,3.41610646019166,144.76277392643738
0.475,0.10441,0.34716,0.34816,1.429284477889,3.2082543595437905,145.6635148840712
0.475,0.10371,0.34817,0.34916,1.4318610238890002,2.8733370294579075,145.55133272540405
0.475,0.10301,0.34918,0.35016,1.4344375698890002,2.6422322885651397,146.4264186642319
0.475,0.10231,0.35018,0.35116,1.4370141158890002,2.3150374791084314,147.2987369286292
0.475,0.10161,0.35119,0.35216,1.439590661889,2.0718677615397603,147.14831350092427
0.475,0.1009,0.3522,0.35316,1.442177207889,1.8319180028513067,147.98466075025033
0.475,0.10019,0.3532,0.35416,1.4447637538890001,1.4762364013475597,148.81842486651033
0.475,0.09948,0.35421,0.35516,1.447350299889,1.21499805945321,148.61984725788702
0.475,0.09877,0.35522,0.35616,1.4499368458889998,0.8583991691016131,149.42925076545916
0.475,0.09806,0.35622,0.35716,1.452523391889,0.5866577910335042,150.21704484359594
0.475,0.09734,0.35723,0.35816,1.455119937889,0.30897459631611035,150.00292387428345
0.475,0.09663,0.35824,0.35916,1.4577064838890001,-0.062323466133193506,150.76906081466703
0.475,0.09591,0.35924,0.36016,1.460303029889,-0.3490431175945563,150.5245096447958
0.475,0.09519,0.36025,0.36116,1.4628995758889998,-0.7398268260201437,151.27089725208702
0.475,0.09446,0.36126,0.36216,1.465506121889,-1.025433123000548,151.0182145376643
0.475,0.09374,0.36226,0.36316,1.4681026678890001,-1.3132981195283353,151.75938613907667
0.475,0.09301,0.36327,0.36416,1.470709213889,-1.7152362591488064,151.47369362716321
0.475,0.09228,0.36428,0.36516,1.473315759889,-2.0097114542196515,152.20342176568346
0.475,0.09155,0.36529,0.36616,1.4759223058889999,-2.416259512309434,151.92005440653526
0.475,0.09082,0.36629,0.36716,1.478528851889,-2.7243847422016554,152.6422269862406
0.475,0.09008,0.3673,0.36816,1.4811453978890001,-3.0247080621286297,152.36872210339502
0.475,0.08934,0.36831,0.36916,1.4837619438890002,-3.4255202189704868,152.0865376144112
0.475,0.0886,0.36931,0.37016,1.486378489889,-3.7362179789139187,152.81683370410207
0.475,0.08786,0.37032,0.37116,1.4889950358889998,-4.036162019628682,152.54395532140578
0.475,0.08712,0.37133,0.37216,1.491611581889,-4.4446758703789495,152.28844028165915
0.475,0.08637,0.37233,0.37316,1.494238127889,-4.742172432984226,153.04417421933078
0.475,0.08563,0.37334,0.37416,1.496854673889,-5.145629875224067,152.8138772477481
0.475,0.08488,0.37435,0.37516,1.499481219889,-5.436490035870811,152.60109915455615
0.475,0.08413,0.37536,0.37616,1.5021077658889999,-5.73277934835467,152.40813044791926
0.475,0.08337,0.37636,0.37716,1.504744311889,-6.114666027547791,152.2491297559339
0.475,0.08262,0.37737,0.37816,1.5073708578890002,-6.399074741927906,153.10918437045126
0.475,0.08186,0.37838,0.37916,1.5100074038890001,-6.677106923834071,153.01159874134186
0.475,0.0811,0.37939,0.38016,1.512643949889,-7.036666103446624,152.94540583219043
0.475,0.08034,0.38039,0.38116,1.5152804958889998,-7.286664358293738,152.9254052737232
0.475,0.07958,0.3814,0.38216,1.517917041889,-7.535963436023549,152.9536937059992
0.475,0.07881,0.38241,0.38316,1.520563587889,-7.864211783318996,153.03714934391783
0.475,0.07804,0.38341,0.38416,1.523210133889,-8.089223521501408,153.180497506685
0.475,0.07727,0.38442,0.38516,1.525856679889,-8.289686356076272,153.3898650675834
0.475,0.0765,0.38543,0.38616,1.528503225889,-8.584231459813308,153.67172768046171
0.475,0.07573,0.38644,0.38716,1.531149771889,-8.751432062069652,154.0329221056723
0.475,0.07495,0.38744,0.38816,1.533806317889,-8.910324991832603,154.48257368973688
0.475,0.07418,0.38845,0.38916,1.5364528638890003,-9.038237338731996,155.02582188710863
0.475,0.0734,0.38946,0.39016,1.5391094098890001,-9.154513036261779,155.6739282430443
0.475,0.07262,0.39047,0.39116,1.541765955889,-9.336936678859638,156.43348875954376
0.475,0.07183,0.39147,0.39216,1.544432501889,-9.403912727528368,157.31704547998308
0.475,0.07105,0.39248,0.39316,1.547089047889,-9.433181395648862,158.32630618333317
0.475,0.07026,0.39349,0.39416,1.5497555938890002,-9.443051256954204,158.48190791937358
0.475,0.06947,0.3945,0.39516,1.5524221398890001,-9.421369375507929,159.78771163600976
0.475,0.06868,0.3955,0.39616,1.5550886858889998,-9.356072244546958,161.25667724972823
0.475,0.06789,0.39651,0.39716,1.557755231889,-9.26502093036611,162.89828317394898
0.475,0.06709,0.39752,0.39816,1.560431777889,-9.125403683630385,164.73380523466668
0.475,0.06629,0.39853,0.39916,1.5631083238890002,-8.955209843540796,165.7690841165361
0.475,0.06549,0.39953,0.40016,1.565784869889,-8.73203662407759,168.01840509603744
0.475,0.06469,0.40054,0.40116,1.568461415889,-8.473397658200119,170.4936486448406
0.475,0.06389,0.40155,0.40216,1.571137961889,-8.166721166459611,172.2107086122484
0.475,0.06308,0.40256,0.40316,1.573824507889,-7.807877082701889,175.19626088462388
0.475,0.06228,0.40357,0.40416,1.5765010538890003,-7.296854401226156,178.44382977345566
0.475,0.06147,0.40457,0.40516,1.5791875998890001,-6.817644589071861,180.99443964641355
0.475,0.06066,0.40558,0.40616,1.581874145889,-6.2887531449145175,184.85367367549665
0.475,0.05984,0.40659,0.40716,1.5845706918890001,-5.594757699380962,189.05503309700592
0.475,0.05903,0.4076,0.40816,1.5872572378890002,-4.926967972149724,192.5879391687509
0.475,0.05821,0.4086,0.40916,1.589953783889,-4.104125525454176,197.50401926233977
0.475,0.05739,0.40961,0.41016,1.592650329889,-3.1961900116025763,201.80870057105395
0.475,0.05657,0.41062,0.41116,1.595346875889,-2.3226545803325713,207.52337603997685
0.475,0.05575,0.41163,0.41216,1.598043421889,-1.2599043223669284,212.6691801692616
0.475,0.05492,0.41264,0.41316,1.600749967889,-0.12114559736603425,219.29569835722975
0.475,0.05409,0.41364,0.41416,1.603456513889,1.1150574632246446,225.40528134858087
0.475,0.05326,0.41465,0.41516,1.6061630598889998,2.5427017411199646,233.02261232866758
0.475,0.05243,0.41566,0.41616,1.608869605889,3.964902690415503,240.1740157197135
0.475,0.0516,0.41667,0.41716,1.611576151889,5.486896616272878,248.88662280720123
0.475,0.05076,0.41768,0.41816,1.6142926978890002,7.216937639728654,257.2239780862652
0.475,0.04993,0.41868,0.41916,1.616999243889,9.050135044547613,267.14666907262824
0.475,0.04909,0.41969,0.42016,1.6197157898889998,10.902340733611025,276.75806378115027
0.475,0.04825,0.4207,0.42116,1.622432335889,13.074456741791915,288.0542569702138
0.475,0.0474,0.42171,0.42216,1.625158881889,15.282075984652273,299.114333896776
0.475,0.04656,0.42272,0.42316,1.6278754278890002,17.607431648926344,311.8837158652497
0.475,0.04571,0.42372,0.42416,1.630601973889,20.174583612377173,324.4918486733114
0.475,0.04486,0.42473,0.42516,1.633328519889,22.881280919943006,337.92995120933176
0.475,0.04401,0.42574,0.42616,1.6360550658889998,25.733081161889945,353.2359237788433
0.475,0.04316,0.42675,0.42716,1.638781611889,28.73439156571198,368.44896394079535
0.475,0.0423,0.42776,0.42816,1.6415181578890001,32.00247523998786,385.674543428937
0.475,0.04144,0.42877,0.42916,1.644254703889,35.43427600064962,402.89724395996285
0.475,0.04059,0.42977,0.43016,1.646981249889,39.12237341284643,421.08856525691283
0.475,0.03972,0.43078,0.43116,1.649727795889,42.9114271547451,441.5108692691145
0.475,0.03886,0.43179,0.43216,1.6524643418890002,46.96919684093172,461.9938634614707
0.475,0.038,0.4328,0.43316,1.655200887889,51.31583791180095,484.65847197841504
0.475,0.03713,0.43381,0.43416,1.657947433889,55.87541594142597,507.6444416659069
0.475,0.03626,0.43482,0.43516,1.660693979889,60.64639397366985,531.9223839175829
0.475,0.03539,0.43582,0.43616,1.663440525889,65.7351149459783,558.5459979268489
0.475,0.03451,0.43683,0.43716,1.666197071889,71.0664652118024,585.67534114726
0.475,0.03364,0.43784,0.43816,1.668943617889,76.61428792229236,615.1636237372877
0.475,0.03276,0.43885,0.43916,1.6717001638890001,82.62311836117134,645.2849447773478
0.475,0.03188,0.43986,0.44016,1.674456709889,88.7840798260115,676.996024387423
0.475,0.031,0.44087,0.44116,1.677213255889,95.40505441588232,711.3601288875798
0.475,0.03012,0.44187,0.44216,1.6799698018890001,102.29502593773364,746.4424483980692
0.475,0.02923,0.44288,0.44316,1.682736347889,109.5862269329725,784.450847266271
0.475,0.02834,0.44389,0.44416,1.685502893889,117.16702820015139,823.327523684391
0.475,0.02746,0.4449,0.44516,1.688259439889,125.12199633006152,863.9897557873628
0.475,0.02656,0.44591,0.44616,1.691035985889,133.6356121169869,907.9758911791141
0.475,0.02567,0.44692,0.44716,1.693802531889,142.43823410317128,952.8980489446258
0.475,0.02478,0.44793,0.44816,1.6965690778890001,151.66409203967197,1000.9895120367
0.475,0.02388,0.44893,0.44916,1.6993456238890001,161.45313908370736,1050.5172498398751
0.475,0.02298,0.44994,0.45016,1.7021221698890001,171.58859249746018,1103.3954677312286
0.475,0.02208,0.45095,0.45116,1.7048987158889999,182.28124256945156,1157.7106279692962
0.475,0.02117,0.45196,0.45216,1.7076852618890002,193.57579555876436,1215.764646086027
0.475,0.02027,0.45297,0.45316,1.7104618078890002,205.31757360361226,1275.232559576194
0.475,0.01936,0.45398,0.45416,1.713248353889,217.68693004126254,1338.6446710505115
0.475,0.01845,0.45499,0.45516,1.716034899889,230.66210663616076,1403.885661237262
0.475,0.01754,0.45599,0.45616,1.718821445889,244.2552800794685,1473.0559166043531
0.475,0.01663,0.457,0.45716,1.7216079918890002,258.5788931069663,1545.2585910333146
0.475,0.01571,0.45801,0.45816,1.7244045378890003,273.58834023530073,1619.8758188781503
0.475,0.01479,0.45902,0.45916,1.727201083889,289.45725390048466,1698.7640539266868
0.475,0.01388,0.46003,0.46016,1.7299876298890002,306.1529803121433,1779.735964479216
0.475,0.01295,0.46104,0.46116,1.732794175889,323.72740644050356,1865.808694925101
0.475,0.01203,0.46205,0.46216,1.735590721889,342.3563281407813,1955.200348516868
0.475,0.01111,0.46306,0.46316,1.7383872678890002,362.1000905055756,2048.3336285890546
0.475,0.01018,0.46407,0.46416,1.741193813889,383.1267107244086,2144.688063147507
0.475,0.00925,0.46507,0.46516,1.7440003598890002,405.60159009371125,2246.067677185405
0.475,0.00832,0.46608,0.46616,1.746806905889,430.0400855529151,2351.6061477146286
0.475,0.00738,0.46709,0.46716,1.7496234518890001,456.51742361611105,2461.83982763908
0.475,0.00645,0.4681,0.46816,1.7524299978890001,484.5326433170412,2576.127083024592
0.475,0.00551,0.46911,0.46916,1.7552465438890001,517.2234464892972,2694.4277912821854
0.475,0.00457,0.47012,0.47016,1.7580630898890002,554.5471115236433,2818.4923598101013
0.475,0.00363,0.47113,0.47116,1.760879635889,599.52080949831,2947.474204669299
0.475,0.00269,0.47214,0.47216,1.763696181889,657.1620560461743,3081.5306252446317
0.475,0.00174,0.47315,0.47316,1.766522727889,744.5621275370358,3221.3269515496213
0.475,0.00079,0.47416,0.47416,1.769349273889,932.670902998012,3366.563421937113
0.475,0.0,0.475,0.475,1.7717155725290001,,127.40000000000002
