qvcenter,Q2center,bin,nu,Ex,W2,RL,RLerr,RT,RTerr,Chi2,num_points
0.148,,W2bin,0.047089075983537065,0.047038272002856214,0.949034420786586,0.5770878914804635,0.11671228106694768,0.11876286254849554,0.1130675673837716,1.597227688633229,4
0.148,,W2bin,0.05718589959685727,0.05713781262765857,0.969034420786586,0.39751177491841583,0.09819878833422814,0.23490213423972162,0.11080347373195483,0.44423888539975126,4
0.148,,W2bin,0.06718133550539018,0.06713645653594053,0.989034420786586,0.28551317492552714,0.07851262609977817,0.16132037165598329,0.08226449515299196,1.2170583206958092,3
0.167,,Exbin,0.007482152572748646,0.0074103257098785,0.866563808617903,-8.481560873422053,0.5249992346999475,14.120087520107997,0.8734176887215811,524.1423946768938,5
0.167,,Exbin,0.017481508393245804,0.0174103257098785,0.885577680314015,0.2535742440128792,0.03392196916882157,-0.22774674687238974,0.03071615426768975,829.745871794141,5
0.167,,Exbin,0.02748034822636214,0.0274103257098785,0.9047905296104292,0.5531009969937567,0.07094186872081494,0.0799034561070339,0.06307242149650577,0.02000604182463114,4
0.167,,W2bin,0.03544054963814758,0.03537181966635024,0.9202290767489212,0.5082713766561054,0.04370267649827668,0.1434357486201756,0.04341227831308109,0.15084375675900258,5
0.167,,W2bin,0.04565691455129628,0.04559032269065241,0.9402290767489212,0.3978538077894393,0.04916046688365452,0.22186155131599147,0.04765496026286215,5.903423965336343,5
0.167,,W2bin,0.05576828523362709,0.05570433993765709,0.9602290767489212,0.29135564127564567,0.050207135446233155,0.27078963399848405,0.05020889585517471,14.302885016591166,6
0.167,,W2bin,0.06577783374743584,0.06571702810837568,0.9802290767489212,0.20659060247678254,0.059865698417448,0.27978930923041245,0.06673554672464967,0.32648339503651397,4
0.205,,Exbin,0.006491410481771709,0.0063830680336519,0.8505547913129697,-0.0018303044615575995,0.00011413782993665337,0.0031949388902075227,0.00018963431028766199,966.8422533901645,7
0.205,,Exbin,0.016490817429485105,0.0163830680336519,0.8695489470725233,-0.013591933615845783,0.002813998359300861,0.02885913351184221,0.0030257812696751177,1012.8461052869422,6
0.205,,W2bin,0.046714008950628494,0.04661118921713977,0.9281744078015056,0.41028191974907413,0.02130000361371587,0.18710697202874682,0.011014419796042311,0.5854424679372858,6
0.205,,W2bin,0.056814638251780125,0.05671451710004308,0.9481744078015056,0.3741074184944746,0.023020670732674695,0.21300571282900707,0.016628933914346153,0.43483171758873485,6
0.205,,W2bin,0.06681376630503177,0.06671683527316631,0.9681744078015057,0.371940684221409,0.02235254193458636,0.20556592637594948,0.011705875902584052,1.191685064251154,6
0.205,,W2bin,0.07671439292737292,0.07662112902634356,0.9881744078015056,0.2583446319553485,0.06323768844699693,0.2705787262761936,0.07162916817528246,0.018632455560654373,3
0.205,,W2bin,0.08651937302075263,0.08643023943614571,1.0081744078015056,0.19046171909041557,0.04958963115678897,0.27051405288440555,0.04918127475617695,0.4960952425068945,4
0.205,,W2bin,0.09623142618748892,0.09614687293472549,1.0281744078015056,0.15702318345216285,0.04479497663831112,0.21113890073056235,0.043379225069277744,1.055339574333909,4
0.205,,W2bin,0.10585314554061698,0.10577361007750002,1.0481744078015056,0.061906208080568674,0.04602776268250544,0.22012223823558424,0.04557930135241237,1.0098984066185095,4
0.205,,W2bin,0.11538700579005823,0.1153129135901611,1.0681744078015056,-0.04067700785928715,0.06297930806280322,0.24870575893023777,0.06299792986044613,9.407077956359325,5
0.24,,Exbin,0.007466785290887401,0.0073182845843868,0.8368237414820539,0.0995444153844432,0.004152432919408487,-0.010198576330904777,0.00043931149896267013,1445.5467019492353,9
0.24,,Exbin,0.017466141904407095,0.0173182845843868,0.8558373073681724,0.0008486430392069715,8.849287792214391e-05,-0.0005079605634695941,9.186280299422063e-05,1374.8479371266783,8
0.24,,Exbin,0.02746498253043228,0.0273182845843868,0.8750498509019496,0.3782436668275191,0.01423192037118593,0.08264558587132233,0.008308188741384158,5.134533478948594,7
0.24,,W2bin,0.03644642524249864,0.03630120862396638,0.8924779579450669,0.3846722680202051,0.015217896370636658,0.12654969040566882,0.008003842593969334,2.4717461412506525,8
0.24,,W2bin,0.04665235653473088,0.04650932855404527,0.9124779579450668,0.3528550591431301,0.019621262756782144,0.1947753104342072,0.015182340342700298,1.9258869151115054,6
0.24,,W2bin,0.0567536116768268,0.05661327924714509,0.9324779579450668,0.2696399577031297,0.0629641437922791,0.3118353301470469,0.07564543184041836,1.7324799283282921,5
0.24,,W2bin,0.12477824897394629,0.12466978387600697,1.0724779579450672,0.02627666338278133,0.018959048892703202,0.21598486731693384,0.01586316749168664,34.18416943805435,7
0.24,,W2bin,0.14342841811179452,0.1433328616081533,1.1124779579450672,0.2010202921880771,0.03546475473911333,-0.01753959578131808,0.027471063676945958,3.320191153070284,6
0.24,,W2bin,0.15263394284391973,0.15254541962752488,1.1324779579450672,0.20736816917492376,0.03911255312508351,-0.025354455389403563,0.028387869653004886,2.4755626627569858,6
0.24,,W2bin,0.16176243485883546,0.161681317974529,1.1524779579450672,0.25944273828241166,0.04726211813501769,-0.056579893525217716,0.03209116021676465,1.574030048255699,7
0.3,,W2bin,0.07127016936570174,0.07105102037638947,0.929177410812946,0.23807693633999025,0.020837402970862572,0.2845379235518303,0.019527457299558224,1.2319974914758938,6
0.3,,W2bin,0.0781400577582162,0.07792355761432632,0.943095503981407,0.2180727830264096,0.023025616542545545,0.3031669422856576,0.02070263304991212,2.661841914897892,6
0.3,,W2bin,0.08416108222458207,0.08394710392673581,0.9553714524944232,0.21693014572686753,0.02365127619783267,0.3127090956212208,0.021137118373290485,2.058482382450568,6
0.3,,W2bin,0.08981065364446306,0.08959921176450598,0.9669559988909482,0.21673715635215468,0.02412045972542565,0.31616254045337583,0.021312346353146272,2.084541715676816,6
0.3,,W2bin,0.09551878535632119,0.09531007349118208,0.97872545547021,0.2181151737401184,0.04048242775175247,0.3075490676856745,0.045706468106735,1.6892250195928151,6
0.3,,W2bin,0.10083504600925519,0.10062902798694498,0.9897455312811724,0.21789438480926424,0.02357926249181944,0.2980465145013771,0.019999896747540054,2.412421323235312,6
0.3,,W2bin,0.10594932950771996,0.1057460406462221,1.0004002734425292,0.22677697757037085,0.022111990022531034,0.28797308796629456,0.021053858659670792,1.3985102165068652,6
0.3,,W2bin,0.11090944863182195,0.11070893561857649,1.0107838105170657,0.19188563637005315,0.02713786665473876,0.308448679861267,0.020422179394852528,1.8834724030445398,6
0.3,,W2bin,0.11569565098200718,0.11549793686850571,1.020849917252832,0.18291265236345314,0.024301918449643075,0.30733501597477164,0.019478485068042124,2.3534632112422953,6
0.3,,W2bin,0.12058672644422186,0.12039199470608268,1.0311839202855322,0.13293150677360793,0.035291606132631624,0.32276573785299656,0.03558831190369308,7.386166440209159,7
0.3,,W2bin,0.12546704157659672,0.12527540871656526,1.0415428760533798,0.16799162014136773,0.020679759657112454,0.24707682925239402,0.016311529257656814,7.855438923913942,6
0.3,,W2bin,0.13016371627719348,0.12997518176517023,1.051557016689192,0.1325768871873369,0.02312555423859464,0.2607474112175834,0.016549199176737604,6.683625292156165,6
0.3,,W2bin,0.13485716620115717,0.13467184164374799,1.061608353610923,0.09881500088480837,0.020972878274682118,0.2661634072739006,0.016455156623147765,7.009360396427588,6
0.3,,W2bin,0.14013815422554632,0.13995657738776904,1.0729706175580749,0.07409814666185845,0.0294365848108343,0.2768700796821724,0.02803457437078756,5.7368840125812826,6
0.3,,W2bin,0.1462912464306062,0.14611421777262767,1.0862796046355887,0.061355285019397264,0.02969269041945756,0.24714255547748226,0.025552093367292698,4.352874740422723,6
0.3,,W2bin,0.15357855637489803,0.15340716703489227,1.102139821158287,0.05221457137569969,0.026990626667432033,0.22942696954283553,0.021577056723269695,3.416979238389459,6
0.3,,W2bin,0.16139007901604174,0.16122503903107385,1.1192588873510414,0.020158882400612952,0.0300366973650698,0.22283141611045149,0.02119659606977231,6.523048926510922,6
0.3,,W2bin,0.1692854978041337,0.16912719539859464,1.1366858260581492,0.04278590726434484,0.026453660453827302,0.19061911575081067,0.01986211833808059,6.557367227862122,6
0.3,,W2bin,0.17685781622618058,0.17670627794250024,1.1535167372972674,0.06789184926139505,0.030204109899438333,0.1515046746643635,0.022241781934973438,13.210308737386159,6
0.3,,W2bin,0.18876038311872356,0.1886200752303576,1.1802042466640357,0.12784915040840966,0.040451874024564946,0.11081685251708134,0.03176273312309517,12.29260417549206,6
0.3,,W2bin,0.20404665571109348,0.20392184338960861,1.2148941958239112,0.2431143186133432,0.12627907368798838,0.053211918711337895,0.09720015469015206,0.5002623484555195,6
0.35,,Exbin,0.006492919303070721,0.0061769002922284,0.7700826422765763,-3.3805587799506555e-06,1.8746321045792031e-07,4.217275941438078e-06,2.2401830385369804e-07,2504.742420213646,12
0.35,,Exbin,0.016492326172937055,0.0161769002922284,0.7890768280621149,0.00406880068208084,0.00021166005428649242,0.0006812516974487816,9.330500670097902e-05,2010.7826982944737,12
0.35,,Exbin,0.02649121704752133,0.0261769002922284,0.8082699944953169,0.12773443858924258,0.006110426525567693,0.08203141879829348,0.004575443405816262,54.03374349388028,11
0.35,,W2bin,0.028157640049206956,0.027843558307457484,0.8114881820259199,0.07003117975932269,0.005310597072227025,0.07234560352374785,0.00538521686113353,28.615370225681374,7
0.35,,W2bin,0.037824460568871676,0.03751202485202173,0.8302662525290001,0.11684019025485569,0.01112037269287771,0.13639871795978806,0.009365721026507057,7.017094220213118,6
0.35,,W2bin,0.04217968719615783,0.0418681506659976,0.838787471830167,0.15907799744867962,0.01247573618275613,0.1418463327290285,0.010392996016671655,14.488631099727225,6
0.35,,W2bin,0.0460452410241754,0.045734584589203146,0.8463823996129268,0.2009047405876486,0.024585425260835864,0.1094469967386256,0.026870454330752063,2.9917174227968246,6
0.35,,W2bin,0.051157175783863806,0.05084780164691641,0.8564720727516877,0.171381550970409,0.013581017059314525,0.1679887711028622,0.012538621998517059,2.679144057475485,6
0.35,,W2bin,0.056473838178450086,0.05616594077838891,0.8670212720660238,0.16981928794419837,0.016629376506791034,0.19150499039902977,0.013646237105645555,2.1058269338546394,6
0.35,,W2bin,0.062027455294101475,0.061721256237930226,0.8781010008615868,0.1541987487031466,0.01891711519303871,0.22965740486353636,0.01611451419736925,4.432642855593348,6
0.35,,W2bin,0.06783153009618881,0.06752727609379709,0.8897463254800729,0.17297536933973293,0.019994145431289623,0.23947346982928025,0.016738409635392297,2.1202354471446276,6
0.35,,W2bin,0.07361964076791028,0.07331749962191564,0.9014267164402552,0.18684812324790992,0.021144412577141086,0.250000161507443,0.017471508021151872,1.234039368796365,6
0.35,,W2bin,0.07965670114734957,0.07935694796248885,0.9136808764779324,0.17940808129101987,0.02279824813874912,0.2777965877432393,0.01907498572741839,1.7667023830861033,6
0.35,,W2bin,0.0853779500010804,0.08508063346304287,0.9253612674381144,0.18212715974985688,0.024312023847971494,0.293083525043597,0.020313984937496504,2.315462525241198,6
0.35,,W2bin,0.09171922345711281,0.09142480502809834,0.9383839803821272,0.199244812128324,0.02322073769991918,0.3043935095791331,0.022105374210942847,3.1407299878631245,6
0.35,,W2bin,0.10018959770027369,0.09989937419571497,0.9559045668224004,0.18878398031430946,0.027585550328872017,0.3335257084360412,0.023677589285710298,1.1400356746532192,6
0.35,,W2bin,0.10935846615385436,0.10907320087168276,0.9750316888756748,0.17837602230058466,0.022328781747448647,0.351208614388585,0.017918232713507027,1.4743495257951031,6
0.35,,W2bin,0.11725548718670697,0.1169748401450774,0.991640387262658,0.17416309049466644,0.026808442282896798,0.35164839471498416,0.02502041057348056,3.128168824926213,6
0.35,,W2bin,0.1256515569163067,0.12537617298839165,1.0094354628095596,0.18774719183836283,0.026095874418645693,0.320417602216729,0.023281872169590257,4.33886526741323,6
0.35,,W2bin,0.13589677700289438,0.13562830819715724,1.031340709826448,0.1741791508511031,0.02107973813726519,0.3124274619686086,0.01625702935983855,1.8321677349230714,6
0.35,,W2bin,0.14723660354504375,0.1469764203417896,1.055831099388518,0.15111849745766928,0.02019561191680292,0.29420284672954466,0.015288559563662544,1.038585209623056,6
0.35,,W2bin,0.15714062799105155,0.15688822426609833,1.077431016388518,0.11670738334473645,0.022798981142077974,0.2808644143065956,0.01702164713596484,1.668196719829306,6
0.35,,W2bin,0.16422575262015615,0.1639792247971923,1.093003499529,0.08417516005025197,0.021434505462420997,0.27716320156226065,0.017398446631222104,1.564805646988469,6
0.35,,W2bin,0.17078918569607693,0.1705483322978685,1.1075189317409595,0.0603689949164098,0.019565069863976353,0.27506088357185754,0.017048018100539193,1.9426147893901615,6
0.35,,W2bin,0.17727411910186108,0.17703909062905118,1.1219453749364616,0.0468806694121619,0.01875359130941132,0.2638353612735367,0.016069686390865555,2.462352569710828,6
0.35,,W2bin,0.18422524531021078,0.18399670152889325,1.137502310724502,0.06030966496983823,0.019784175719239672,0.2382075101351308,0.014806256110140048,2.4505482947844786,6
0.35,,W2bin,0.1904797587428665,0.19025726293157472,1.1515827903696318,0.07310642364462401,0.015503003567319993,0.22262774185575493,0.01076437027951882,4.000714419995057,6
0.35,,W2bin,0.1955548177790628,0.1953373778146404,1.1630655203696318,0.06252000250898587,0.02014829508187087,0.2247948570122601,0.014328208240924378,2.51371708202153,6
0.35,,W2bin,0.20077420056524808,0.20056209888425078,1.1749285251155284,0.049920437848098,0.018211838372531642,0.2245516662078312,0.01364770450299028,2.5190077663301738,6
0.35,,W2bin,0.2074083067275,0.207203193215733,1.190085656584832,0.05305643603511676,0.020714615426572658,0.22516219490401548,0.013742520441605942,1.9569143892163352,5
0.35,,W2bin,0.2141816616763056,0.21398391737077233,1.205651747219448,0.0627027881533863,0.01902938755146316,0.22733811552015948,0.013738408875764824,1.8080812107033826,7
0.35,,W2bin,0.22004536761321558,0.21985419406826862,1.2192014407501444,0.052765115544878796,0.024388625190161776,0.2447238952900128,0.014786006855504564,0.8830351506874263,6
0.35,,W2bin,0.2262848107286045,0.22610082386997926,1.233694894529,0.063107636984926,0.025321907300702017,0.24814803323432377,0.013710334731510078,1.0128416443889945,6
0.35,,W2bin,0.23208193986352932,0.23190481029762916,1.247230685262965,0.08056087186236799,0.026970345239243566,0.24923798845038575,0.0184146641867135,0.44800974165019186,6
0.35,,W2bin,0.23876637413451263,0.23859736674252413,1.2629216882629652,0.0893132033670244,0.04184059701056865,0.2656416653691333,0.022467891817789715,0.676233092514194,6
0.35,,W2bin,0.24739457605697213,0.24723639364192376,1.283307600912816,0.04729907984478792,0.058088530526982374,0.32313339466899027,0.03950583099572501,0.6178315193827818,6
0.45,,Exbin,0.011376634450897427,0.0108543898399767,0.6993344282127231,0.0025984246090802964,0.00010559964184051433,-0.00019302722459557477,1.2497104056551054e-05,929.4782023237746,7
0.45,,Exbin,0.02137578930177142,0.0208543898399767,0.7184257988083557,-0.011919963548644608,0.0007686958284409305,0.021584969020014298,0.0008183710534416183,607.2875894521981,7
0.45,,Exbin,0.03137442819641478,0.0308543898399767,0.7377161350079213,0.02512406727630779,0.004105905792428545,0.03944285494603027,0.0029661271213312712,46.307013433664,4
0.45,,W2bin,0.028670920455218574,0.028150463176373403,0.732480545305308,0.02185885188898157,0.012246187149655821,0.16908805943435243,0.011083403974542381,6.971539284722488,6
0.45,,W2bin,0.03747855855736504,0.03695960480990174,0.7495911040271269,0.023505277568406212,0.004248249114087387,0.060951253922749055,0.003066149217054408,6.228291771254394,6
0.45,,W2bin,0.04600800095904767,0.04549088486587309,0.7663090888489448,0.041707143380537465,0.006666846083045284,0.08371714582694016,0.005674518502920029,1.2005085820767492,6
0.45,,W2bin,0.053055497690180475,0.052540183266614145,0.7802321903326701,0.05151624518522331,0.0089453538919306,0.10989459683221278,0.007607831427619756,26.995701529986004,6
0.45,,W2bin,0.06007957073965797,0.059566307066803326,0.7942078555024839,0.06868878205002626,0.010982088889755078,0.1223710757691547,0.008752147478523703,7.825717726464403,6
0.45,,W2bin,0.07371974053442376,0.07321118663767415,0.8216293068943736,0.0550862913229767,0.011688020826276168,0.17069692082768853,0.008468608217959485,1.9181083950862095,6
0.45,,W2bin,0.0804542490281347,0.07994837456883629,0.8353052079124315,0.07567285284339562,0.013314132976930631,0.18210085672279644,0.009227676747271011,1.8176155792554907,6
0.45,,W2bin,0.08751486259685393,0.08701204868048612,0.8497407390510221,0.08042522399752895,0.015097492056058856,0.20741869449980488,0.010499213087307021,2.2172753937585923,6
0.45,,W2bin,0.09463782701880141,0.09413836139170242,0.8644047765726643,0.08980825822877388,0.01679675538531421,0.2282200152517847,0.011569943013819639,1.8671337163981092,6
0.45,,W2bin,0.1015229461029884,0.1010269658566393,0.8786756095322088,0.10150652301756277,0.017957623798687074,0.24018132554981012,0.012148381652973224,1.506336214069175,6
0.45,,W2bin,0.10818286315113157,0.10769048707993979,0.8925698735233799,0.10055125031417832,0.0215107459323438,0.26030155069443833,0.01772367548909567,2.915928883838042,6
0.45,,W2bin,0.11349560136105985,0.11300626455458467,0.903717190809,0.12962701471264484,0.020886653267065874,0.258749794898825,0.013471014943557187,1.0534696596214528,6
0.45,,W2bin,0.11860200046552338,0.11811572218391554,0.914484766609,0.10350191961940887,0.021561017748773097,0.2815620104576299,0.014381452239501548,2.180843052801389,6
0.45,,W2bin,0.1244919078279133,0.12400932450125512,0.9269692493104732,0.09750377935586864,0.025652934005247614,0.3017139919968674,0.020775631279371844,1.5951119560471638,6
0.45,,W2bin,0.13074020174751488,0.13026173392807897,0.9402892255104732,0.08963215140131955,0.026366100243702183,0.3138757773358923,0.021281699635156737,1.5670130365821608,6
0.45,,W2bin,0.14339925661355635,0.14292974449212034,0.967514870727463,0.1086395830119396,0.027560850817875994,0.31261072520713173,0.021427226568755123,0.8441492853303383,6
0.45,,W2bin,0.15019589400939737,0.14973153144160017,0.9822645332260406,0.11349538229154675,0.030051286947615104,0.31649913815467773,0.02169506914758539,2.122935894719305,6
0.45,,W2bin,0.15708865744639444,0.15662976076634003,0.9973171606037124,0.12312401190540634,0.028515610121146513,0.3121977819140756,0.021361661310322976,3.993282745849383,6
0.45,,W2bin,0.16320138127973383,0.16274753708214232,1.0107458126155726,0.10191905290533537,0.026087895300347747,0.31774603654493416,0.01619734258007398,3.5523555194497223,6
0.45,,W2bin,0.16866864879592292,0.16821948696011915,1.0228198138390363,0.10469665731100779,0.029815057883994026,0.3251516901675443,0.021981907005686502,4.295803228781407,6
0.45,,W2bin,0.1739615864504268,0.17351710464929385,1.034565775296552,0.11476460354812233,0.026700279185418774,0.3106219854205804,0.015908287462969045,4.477332074117765,6
0.45,,W2bin,0.17893070313679116,0.17849074664187398,1.0456441143025592,0.10602521754582307,0.02497898894865455,0.3195046942202547,0.01621443776824179,6.516393052159596,7
0.45,,W2bin,0.18424371514068183,0.18380873811042195,1.0575437757702266,0.09817373998364577,0.029642502613465245,0.31160640146263974,0.020929526423034413,6.036845858275314,6
0.45,,W2bin,0.19076226687108988,0.1903335981928434,1.0722206338386728,0.09573120538704434,0.02500919525764491,0.30552497680351504,0.016184189756279607,3.517574806075847,6
0.45,,W2bin,0.19725117233733724,0.19682900113716675,1.0869151459623951,0.06264155027442328,0.03110886667106975,0.3220531177866904,0.023364330399417176,1.0373308375769517,6
0.45,,W2bin,0.20397606687488656,0.20356085877251426,1.1022329307765493,0.06828468296867377,0.02543280496390463,0.303659827019844,0.013240418132427295,4.127142130581866,6
0.45,,W2bin,0.21050462240995016,0.2100963974035666,1.1171900257498577,0.07281341477901011,0.029899575051891957,0.2882620352841656,0.021304316178872615,2.517940403239354,6
0.45,,W2bin,0.21639565236063596,0.21599391734791348,1.130759696744327,0.057858340815676375,0.027136425169234837,0.29130960019183083,0.015290608364813135,2.3079101955702246,6
0.45,,W2bin,0.22232451474505444,0.22192949225207495,1.144486591232397,0.061641549994159196,0.025649829324518026,0.2839399185860554,0.01502722314256238,2.675313133162369,6
0.45,,W2bin,0.22872776211247314,0.22834019300812453,1.159390778771093,0.06162766729062127,0.03044711328487458,0.2724471124927624,0.02002592899050073,2.220321654083357,6
0.45,,W2bin,0.2362521549965858,0.23587361473868923,1.177009339719754,0.04985314899473954,0.031358551812903215,0.27229048962044866,0.0199716745082384,2.1716817012107836,6
0.45,,W2bin,0.24396415806929117,0.24359517501218916,1.1951846979197542,0.04473351032991005,0.03373881332418907,0.276865511986419,0.019754401495836262,1.8623673549321664,6
0.45,,W2bin,0.2509640092781721,0.25060396663419043,1.211784664236891,0.05359943807861995,0.03462938909555035,0.27564236158884997,0.0203712574250889,2.769406157492983,6
0.45,,W2bin,0.2579752401575467,0.25762440596964725,1.2285098520800275,0.03994876918686753,0.0387750505864984,0.2884692912471258,0.020705451395729536,1.732236967604575,6
0.45,,W2bin,0.264997685643242,0.2646563289640077,1.2453603429283575,0.0108406794547914,0.03977471687763743,0.30281141374548837,0.02208970338667127,1.21781531769637,6
0.45,,W2bin,0.2722162208960658,0.2718848716554676,1.2627841539055642,0.026185607256045098,0.03522949117622425,0.3007366008121886,0.01597837595653069,1.288921751040461,6
0.45,,W2bin,0.27927367314434803,0.2789523680288756,1.27991990128487,0.030512458825718937,0.04953873725628927,0.32625650030619324,0.02326832262275421,2.403015114869193,6
0.45,,W2bin,0.28539735395076626,0.28508497232357677,1.2948691351379935,0.08260028194285102,0.04768416103883844,0.3049492842209138,0.02267652852222225,2.3909976116536433,6
0.45,,W2bin,0.291197863004662,0.2908941124298474,1.3090986029774283,0.18688010826792661,0.07163115398361748,0.28041648351409987,0.04375777878041677,4.651185515464703,6
0.45,,W2bin,0.2975048795252654,0.2972107107401588,1.3246469675239614,0.10642026412582305,0.050263136215026614,0.339165476637138,0.024350500745972774,6.200005843695827,6
0.45,,W2bin,0.3042634546952264,0.3039797816023423,1.3413968412465824,0.18262766346895162,0.08433170127633235,0.31858858281632996,0.047246759688525944,6.382272296878218,6
0.45,,W2bin,0.31101576917543794,0.3107428174830383,1.358222428787881,0.1232392442189864,0.057951272112852066,0.37066011179244,0.024229214105371405,3.5913944748534186,6
0.45,,W2bin,0.3189341436613745,0.31867406463983095,1.378069802073192,0.1450315996033587,0.04958801762413851,0.38991493839277785,0.02129699336774873,3.995123895957334,6
0.45,,W2bin,0.3293565036890177,0.3291138612927762,1.4043845586228652,0.21317337140825282,0.06252229505020365,0.39050040078076564,0.029300022037353286,1.1752681912310774,6
0.45,,W2bin,0.3416188372693588,0.34139742762542946,1.4356231151087346,0.2572312798091147,0.07545918985759786,0.42345808838622473,0.03159218844575622,0.16078736049993686,6
0.45,,W2bin,0.3581612946476894,0.35796975865040903,1.478241880338652,0.312263387971856,0.1386689918821192,0.48388045486018616,0.05814534087409186,0.25839095380529997,6
0.55,,Exbin,0.012606507690975377,0.0118262756845521,0.6016718381466317,-0.006719251584902283,0.00034316071938229106,0.008593794323411914,0.0004088957281776603,1034.3138622892116,7
0.55,,Exbin,0.022605599077536453,0.0218262756845521,0.620787682165209,-0.000200958942023234,4.0136753323802884e-05,0.0008273434008884735,4.091211033333958e-05,467.3060987115176,6
0.55,,W2bin,0.024256576930065665,0.02347745319671459,0.6239631864651713,-0.12838575514930883,0.0061528261639556036,0.18938655894242534,0.0069984932287778705,760.4427022513373,7
0.55,,W2bin,0.04181842931730528,0.041042300151702266,0.6580792098212385,0.00494683469422194,0.0007790026548022556,0.0130951381275233,0.0006623119184980975,7.2306661923538496,6
0.55,,W2bin,0.05150121839009569,0.05072742107212622,0.6771530033897248,0.011642849927306468,0.0015530771299791198,0.02110163443912104,0.0010964437844320388,7.666895633283054,6
0.55,,W2bin,0.05940011380061261,0.05862857711393055,0.6928516420006101,0.014737939881851368,0.002099170245720717,0.03178731282608751,0.0016355058543692995,3.8187069518486187,6
0.55,,W2bin,0.06745798469334108,0.06668908594785102,0.7089948135722377,0.01765347108462523,0.0029150120946372263,0.04562201581789905,0.002332163722471813,1.1241747035390948,6
0.55,,W2bin,0.07576503279038105,0.07499920438263821,0.7257731319453862,0.02156059554456072,0.004032655925269956,0.06148060610973789,0.00258087850832542,1.2125276163119256,6
0.55,,W2bin,0.08278018137814647,0.08201722319987059,0.7400495992024343,0.027508008348354148,0.0060116598921181085,0.07512789250037188,0.00499127077013142,3.120640338855757,6
0.55,,W2bin,0.08823190445118356,0.08747135222623809,0.7512123188623333,0.03150083923833647,0.0057999255528671835,0.08426079988229572,0.004313738164883681,2.0502084199331105,6
0.55,,W2bin,0.0931410584154383,0.0923828039565414,0.7613149598970049,0.02992884321666994,0.008081230502028499,0.10126348824755384,0.006775987835909579,1.5762452939702702,6
0.55,,W2bin,0.09882524879661159,0.09806981025720327,0.7730727776569983,0.042669794408709834,0.008679622404002149,0.10487641718768557,0.007041368850250641,4.369379541741185,6
0.55,,W2bin,0.10447143776224699,0.10371896140878259,0.7848159624841045,0.04619229544870158,0.009345690909469555,0.11799754352187519,0.005961411995082521,5.500522434280671,6
0.55,,W2bin,0.10974382544232963,0.10899426372507426,0.7958392664102184,0.046248198881851915,0.009346296830544354,0.12884960034370976,0.006488123703906049,1.06348145127819,6
0.55,,W2bin,0.11554716890668548,0.11480098121767551,0.8080369483945151,0.05009466923414943,0.00989193163268065,0.14092848501194719,0.007246883285187674,2.8616145890306606,6
0.55,,W2bin,0.1283534871311124,0.12761535997705292,0.8351920630496571,0.0631784929598516,0.014147579005015698,0.16604976231735186,0.011316144759434207,3.3006383239935033,7
0.55,,W2bin,0.13492567228856778,0.1341920104575224,0.8492553902019446,0.06938589531139426,0.015556934053954731,0.17741016185743905,0.01220880503981109,2.7751744486150547,6
0.55,,W2bin,0.14127389920766487,0.14054476220436007,0.8629215075888841,0.06821733572524868,0.016710968881934768,0.19179433486370825,0.013116502729137327,2.943262276944868,6
0.55,,W2bin,0.14758388142693646,0.1468594481149487,0.8765851669422322,0.06962453480729262,0.018350933907109006,0.2045025004682121,0.014274956711097431,2.4680303297166652,6
0.55,,W2bin,0.15414581093581547,0.1534264870981177,0.8908788584864209,0.06669784103239305,0.020024199306921203,0.22390487500426604,0.015526829443308318,0.9780209172822316,6
0.55,,W2bin,0.16089961392179297,0.16018578104273448,0.9056804351956668,0.0811379665962362,0.022710870657752926,0.23179756107567825,0.016329075689527905,0.8147270489269027,6
0.55,,W2bin,0.1681473744471954,0.1674396960056002,0.921666044991872,0.0852305410534968,0.024960300800923974,0.23848237412711504,0.01652029216735758,0.34652779135320533,6
0.55,,W2bin,0.17546059950148718,0.1747594058926423,0.9379025306585388,0.08318883732300143,0.021684881481042105,0.24618919628742475,0.012871443939107554,0.511341859609012,6
0.55,,W2bin,0.18186986329720767,0.18117457992399977,0.9522200341956668,0.07290904329835407,0.0226646836995248,0.2609561966830306,0.013558779717681872,1.8015140627665924,6
0.55,,W2bin,0.18782848367231997,0.18713888515989366,0.965604551529,0.0779608242615023,0.023426726675165436,0.26427875397338074,0.013790069012425325,0.9519057179955683,6
0.55,,W2bin,0.19382689787609275,0.1931432072815403,0.9791501787710596,0.07482608301659245,0.021577734955599146,0.2707320659953748,0.014457548884920422,1.6503555690807539,6
0.55,,W2bin,0.20004193728129838,0.19936456385017812,0.9932608964377262,0.1037732489991987,0.02839049186540754,0.25674660466830335,0.018821356044891453,1.310234440751184,6
0.55,,W2bin,0.20662020218342103,0.20594973229009725,1.0082804444058078,0.06560911235666243,0.031014861752155887,0.283073240812047,0.019438454514124206,0.8944732737082737,6
0.55,,W2bin,0.21371230310863443,0.2130495261933221,1.0245701385782924,0.07928803402458588,0.029843592460594714,0.2669960962851348,0.01928974239541642,1.395147444582272,6
0.55,,W2bin,0.22105773781644988,0.22040320235288824,1.0415477596460343,0.10447136498923788,0.027402062256045145,0.2573811979653163,0.018327567136603985,0.8970381709798086,6
0.55,,W2bin,0.22841068143762844,0.22776467475630935,1.0586508125328575,0.09664859802645832,0.025877951357614608,0.26784660039870506,0.014307302984664436,1.0691506606729215,7
0.55,,W2bin,0.2418160243957569,0.24118628487777702,1.0901101054993294,0.08573868179517641,0.03204964621452525,0.2578906042025611,0.01905063864239789,3.7506012886860063,6
0.55,,W2bin,0.24717581230577446,0.24655283635518052,1.1027888865971711,0.08080226038380588,0.03212998841354723,0.25644982653585974,0.018859771605632944,3.970851744984288,6
0.55,,W2bin,0.2525642532864759,0.25194822652142407,1.1155933638148785,0.062258169093687234,0.032903166624419125,0.2629770798261782,0.019219880579086385,4.431477002963836,6
0.55,,W2bin,0.2582236685034095,0.25761510173762825,1.129104277739758,0.07634022830322287,0.03324433288392216,0.25887503642546816,0.018936423353091293,3.236359546822217,6
0.55,,W2bin,0.27031299924968055,0.26972092185109414,1.158180117582349,0.06469913924338323,0.03372546630719991,0.2576563749768272,0.018603923919339672,1.0015932953396218,6
0.55,,W2bin,0.2757269216179087,0.27514247313872264,1.1712958096882886,0.07582931775741057,0.03480858722222966,0.25897771890319815,0.01873369147694811,0.30766710306278583,6
0.55,,W2bin,0.2811565342798422,0.2805798887676954,1.1845083890739532,0.06772293229148446,0.035515699803764,0.2608421529426241,0.018818553180897823,1.197406147164676,6
0.55,,W2bin,0.28666656623369746,0.2860979948151881,1.1979769409247991,0.07306655622147659,0.03564922715975438,0.25594892045897416,0.01844581757467734,0.6513638169279347,6
0.55,,W2bin,0.2981051617604834,0.29755385212600066,1.226130958878232,0.03960244991227611,0.03538491861112353,0.27836969347725776,0.019259294283578973,1.0265047225605692,6
0.55,,W2bin,0.3034421116980067,0.3028990870060348,1.2393564186191934,0.046363858801282874,0.04027932701708756,0.27445352813879803,0.019675294113303238,0.6250444058927811,6
0.55,,W2bin,0.3088319304313366,0.3082974219543165,1.2527707075061487,0.03888596625567415,0.041714862751467206,0.2811149350968077,0.019992024493324212,0.4838006189073725,6
0.55,,W2bin,0.3142558535971386,0.3137300665837289,1.2663285290933624,0.05737743461091201,0.04231983939006567,0.2751172122019944,0.019729585036559315,0.7553331892995111,7
0.55,,W2bin,0.319661929214751,0.3191449860572589,1.2799002861385205,0.0602618822865602,0.04374120676953565,0.27315676498426533,0.019592390434071533,0.8677764676088731,6
0.55,,W2bin,0.32489571798972194,0.3243874805496114,1.2930952101077977,0.06920207633838339,0.03985489540878326,0.2842252027547457,0.015201982105390916,0.5912962534106581,6
0.55,,W2bin,0.3297515694867851,0.3292515355503465,1.305386308822147,0.08859507681709468,0.03987905738761459,0.2805076539011504,0.015620459849185916,1.4670133925423623,6
0.55,,W2bin,0.33439218219448474,0.33390010186313407,1.3171766659701212,0.10338340643792916,0.04981524038607845,0.27854849258380543,0.020346536844588356,0.9167402241358918,6
0.55,,W2bin,0.33933226209867884,0.3388487707729291,1.329775205742234,0.1029928407939062,0.052999447302406216,0.288848299131008,0.021043361950634686,1.6540993350400521,6
0.55,,W2bin,0.3441684852479229,0.34369352437199774,1.3421561630848986,0.11250230586512504,0.04979962885703007,0.310277504162962,0.016707860620106593,0.5748339106809546,6
0.55,,W2bin,0.3553242392766648,0.35486941604846267,1.370893817464209,0.1471911450591679,0.06278179530765574,0.31070337893831607,0.02246015831000783,3.522601092425163,6
0.55,,W2bin,0.3605143852343341,0.3600691498578048,1.3843486720438385,0.08618209488042693,0.0709906137407335,0.34841283678565727,0.02506080409536962,2.8694008559576445,6
0.55,,W2bin,0.3656191281282156,0.3651834584562167,1.3976346817947274,0.19245468756543915,0.0677607658427341,0.3235595059360279,0.02312772051893015,1.8792287472819615,6
0.55,,W2bin,0.37131051722458464,0.3708856711321204,1.4125089885863138,0.14691829949390875,0.08860017089409154,0.3473286168368239,0.026217159858308584,0.7226039438178935,6
0.55,,W2bin,0.3782219023800998,0.37781042477055743,1.4306588279927888,0.12887811222146264,0.10201476559279736,0.3817644531567594,0.02864030870791068,0.35752372739876603,6
0.55,,W2bin,0.38555370481530826,0.3851566783802749,1.4500171443821572,0.12432471637074702,0.10652073166801604,0.402253692819507,0.029516913834490094,1.884785955327819,6
0.649,,Exbin,0.027513187952422413,0.0264281753262938,0.5115419608396718,-0.0001357388435765797,2.6076956975665835e-05,0.00040052762270413215,2.432002644717599e-05,38.87030760823848,4
0.649,,W2bin,0.02692800092351033,0.0258429060827784,0.5104119721837461,-8.709030820096458e-10,9.435217245039495e-11,9.99851250038171e-10,7.971694103853318e-11,1195.7792771262032,7
0.649,,W2bin,0.04090923299156035,0.03982658574935496,0.5375968454063385,-0.0012148596999838803,4.50436716911568e-05,0.001450509107919576,5.378012342479492e-05,571.6252498360632,6
0.649,,W2bin,0.048922472589458255,0.047841682999346796,0.5533539011011239,-0.00044437456708481247,0.0002217273774453443,0.00284592518920528,0.00018130071389709803,54.54694211187171,6
0.649,,W2bin,0.056890377981367646,0.05581176414225043,0.5691491488752864,0.0010925631588752655,0.0002558440078645592,0.0027048767832261148,0.0001866076602796643,106.81995621264004,6
0.649,,W2bin,0.06530716104982137,0.06423120142021536,0.5859721396527854,0.0018274944999736918,0.00039928958641337326,0.004871338038288396,0.00024501947321334944,36.43631665040033,6
0.649,,W2bin,0.07316180940367001,0.07208865653754647,0.6017993736734386,0.0033393962958779217,0.0006746242160545482,0.006932520627119304,0.00048418587686326964,9.44887374123653,6
0.649,,W2bin,0.08071138961587365,0.07964123461697518,0.6171281862808349,0.004444455278857056,0.000927890471752249,0.010794179757757727,0.000559831294376557,13.322196634609595,6
0.649,,W2bin,0.08865773686181011,0.08759105505173244,0.6333857383115401,0.007348323059421123,0.0013377018376526085,0.01310915819156845,0.0009535328382270718,5.929582410605428,6
0.649,,W2bin,0.0968343503063408,0.09577158253808783,0.6502462266582137,0.00872116745216069,0.0019929765946510095,0.020182570607002587,0.0014413609930806516,11.54676092566875,6
0.649,,W2bin,0.10494725570690189,0.10388871252891312,0.6671075019171737,0.009766820197622591,0.0027461974399552004,0.02658513581233391,0.0018744042428243861,7.253885267350976,6
0.649,,W2bin,0.11429047046812324,0.11323721342486755,0.6866888593638996,0.017243435175930355,0.003109842309040562,0.034813523376596454,0.0018583649441406226,9.303537726298215,6
0.649,,W2bin,0.12358041320308566,0.12253285886514803,0.7063316711310432,0.02022119659135569,0.004933980953671788,0.046774659730323596,0.0034941808337493802,1.8707657916893348,6
0.649,,W2bin,0.13259911206794495,0.13155752004491425,0.7255660804048615,0.024757496234549217,0.006310597390628195,0.05741773495367291,0.004205906427721422,1.1921682533219689,6
0.649,,W2bin,0.14434344563242474,0.1433102471401088,0.7508573683537849,0.031995065499113434,0.006432055251684786,0.07334375451606957,0.0039845150150048395,1.5018139760058373,6
0.649,,W2bin,0.158088604652041,0.15706613379969775,0.7808077681551984,0.03315264347156615,0.010268653651372207,0.09793173576325324,0.007457694716593132,1.0994329384896804,6
0.649,,W2bin,0.17126526930909336,0.1702539978598644,0.8098741710614179,0.05489037336774257,0.010771911290309796,0.1168161044056943,0.006410392566872407,3.539025184879473,6
0.649,,W2bin,0.18370447352656483,0.1827045969779403,0.8376324511010533,0.06097753084188234,0.012602267438747868,0.13470191122326033,0.007413775957488892,4.190650741760255,6
0.649,,W2bin,0.1964458769839147,0.19545850012610508,0.8663859297836365,0.06489643823465849,0.01360124222575687,0.15048407821348045,0.00829743880194999,2.028033445714431,7
0.649,,W2bin,0.2089266661396253,0.20795234566788906,0.8948660739908677,0.07826377138145393,0.016366218774279725,0.16649853299643882,0.009228571274897233,1.250572556118009,6
0.649,,W2bin,0.2205206450171161,0.21955917353564997,0.921601711732054,0.06861811607664711,0.017680993239968607,0.18509364122075525,0.008367005525068099,1.6609853588024508,6
0.649,,W2bin,0.23268323804705726,0.23173599137332065,0.9499375114213168,0.0733668345196378,0.024207223138649776,0.2009940103686872,0.015618536820729872,2.2490054524319754,6
0.649,,W2bin,0.2456008152865955,0.24466951247665708,0.98035621052124,0.09221654072502433,0.020661535671560247,0.19538007098631202,0.010900844309594,2.260264393715925,6
0.649,,W2bin,0.2580740970026657,0.2571590069790248,1.0100453765067057,0.07715964874937614,0.022228147375213815,0.2105292951625225,0.011703628209423762,2.0610210903744095,6
0.649,,W2bin,0.2710121597314076,0.2701147350615985,1.0411695975466162,0.04940504521493921,0.023888283259230383,0.228786322445937,0.0126211864126682,1.3209121350299378,6
0.649,,W2bin,0.28630795586699287,0.2854325302211423,1.0783975174721183,0.08162912313483112,0.02466376831688541,0.21661684135846312,0.012147122515939655,1.90411230170896,6
0.649,,W2bin,0.3046336870910503,0.30378620827277636,1.12361603281565,0.0672529918123431,0.02608121445949434,0.22696522679197478,0.010430912978505638,0.08144138275568058,6
0.649,,W2bin,0.3242299022367211,0.3234142254787399,1.1727125781561438,0.06845524850904437,0.02881420168333907,0.22860548669166117,0.01288679507978864,0.09097235086827953,6
0.649,,W2bin,0.34157832028348245,0.3407924517178928,1.2168184020313733,0.1090077014247035,0.031210529627721334,0.22502867299420962,0.010624186835004821,0.8623544954076445,6
0.649,,W2bin,0.35631801850393396,0.3555586963680141,1.2547649051910534,0.09730459151097773,0.035857753754565035,0.22635778896084338,0.009352848879657406,1.6697109691213825,6
0.649,,W2bin,0.3729039391300776,0.3721758293052928,1.2979839657065195,0.1319136658866408,0.03680551384099497,0.22469337815502965,0.01322196791612163,0.0400378812189062,6
0.649,,W2bin,0.39176044237788143,0.3910695424638829,1.3477879578435572,0.1823671115831181,0.043055070167716064,0.23467413420511732,0.011471723913100562,0.28586653446271926,6
0.649,,W2bin,0.4099636261816265,0.40931038787778756,1.3965410001776148,0.17635955070935383,0.05085181387983629,0.25441331772349807,0.01515962800551039,0.6535403489966626,6
0.756,,W2bin,0.050072122210576775,0.04860366653568647,0.4052900805974399,8.808410706155784e-05,2.5328205042538926e-05,0.0003678235653608273,1.5665601627022174e-05,228.16132291549744,7
0.756,,W2bin,0.06782562761816824,0.06636257346641403,0.4406984484951617,0.00036051137377353235,5.4195082686898194e-05,0.0005176415194930978,2.9450156770489125e-05,535.6209018658346,6
0.756,,W2bin,0.0801537359367025,0.0786953896521539,0.465657016470686,0.00027323680216399115,7.159521941887674e-05,0.0008666630987016391,3.358186098264204e-05,108.78843859966514,6
0.756,,W2bin,0.09017686407200987,0.0887229235650173,0.4861731229097358,-1.6366134459439018e-05,0.00012749680843808698,0.0018932317269227945,6.787634786483603e-05,18.5729155361745,6
0.756,,W2bin,0.10197315090923131,0.10052505981616128,0.5105760544814713,0.0007089298433499308,0.00022071667200664383,0.0027568450144595698,0.00010218706127838427,9.075135263788315,6
0.756,,W2bin,0.11494645615197652,0.11350562739014002,0.5377352228170653,0.0014047008973361867,0.00037454268657306745,0.004448282041819319,0.00016866207907785896,37.2297851862205,6
0.756,,W2bin,0.12617819874444225,0.12474435898788325,0.5615203545084801,0.0024547006462943438,0.0005932770721583806,0.006851166624499106,0.0002599351301364466,8.120765667055373,6
0.756,,W2bin,0.13886001074847487,0.1374348449317896,0.5886795228440742,0.0052322776905482146,0.0009218419638677168,0.009535065687184091,0.0003704429203728806,12.427101147006315,6
0.756,,W2bin,0.15410696837115478,0.15269332987776857,0.6217579952985651,0.008599653276451782,0.0013148491939797293,0.014783340384727747,0.00066061629987564,0.9477243249981002,6
0.756,,W2bin,0.16880915572786803,0.16740776898914084,0.6540948995310634,0.014132266437064124,0.0023645467791261233,0.023013960118326585,0.0009077428449674475,3.549104421763388,6
0.756,,W2bin,0.1842312163150136,0.18284388012822272,0.6884797156449829,0.015453091870229946,0.003309870991784405,0.03419400771424353,0.0013361363565693627,12.932304793263405,6
,0.02,W2bin,0.04725607486178646,0.04720446215888453,0.949034420786586,0.5919850074219265,0.08789659202897042,0.11191703706934371,0.07067106612754329,1.4999382837486506,4
,0.02,W2bin,0.05791395375204548,0.057862341049143555,0.969034420786586,0.487853930941685,0.061879907045321626,0.15326424623563192,0.051030297808190586,1.3707429560743205,6
,0.02,W2bin,0.0685718326423045,0.06852021993940258,0.989034420786586,0.31536561968310106,0.08286441333407052,0.16414027161600545,0.08788124974433796,1.2149191612910832,3
,0.026,Exbin,0.007477422223650999,0.0074103257098785,0.8683879492931034,-8.12829858188582,0.5031134628507573,13.52995645918731,0.8368911774306615,524.170265127027,5
,0.026,Exbin,0.017477422223651,0.0174103257098785,0.8871534092931034,0.08177881192171621,0.03433370996964874,-0.07186944755318933,0.031068199810268735,1120.9524304820213,6
,0.026,Exbin,0.027477422223651,0.0274103257098785,0.9059188692931034,0.550026157278121,0.07061063165241463,0.08007762322064782,0.06272731896853258,0.02000604182463097,4
,0.026,W2bin,0.03510324512158036,0.03503614860780786,0.9202290767489212,0.45148948383137394,0.041264247232156624,0.14520745035736557,0.04286499047430847,16.993270337381368,7
,0.026,W2bin,0.04576112401183939,0.04569402749806689,0.9402290767489212,0.3783426828996091,0.04816664871201681,0.22529699276466864,0.047785083114344123,9.715186619543093,6
,0.026,W2bin,0.0883926395728755,0.088325543059103,1.0202290767489213,0.14733348499849752,0.05153886207051948,0.20600215301202812,0.05215413342532344,3.091754740445608,4
,0.026,W2bin,0.09905051846313453,0.09898342194936204,1.0402290767489213,0.05853026990883354,0.043669646650550786,0.22828810891838955,0.041260365312169076,0.8907970114180788,4
,0.026,W2bin,0.10970839735339355,0.10964130083962105,1.0602290767489213,-0.0005134349731951602,0.05587316487536221,0.2509855975385,0.05265692264486546,0.4047339833857978,4
,0.026,W2bin,0.12036627624365247,0.12029917972987997,1.080229076748921,-0.02290949615675769,0.0776264181807438,0.23354420929128547,0.06894266670133022,2.977911311724154,4
,0.04,Exbin,0.007502137551959145,0.0073989121461553,0.8544343287435787,0.07349242771461523,0.004753876160967328,-0.044770113750665544,0.003178870010269199,1047.8647342222357,7
,0.04,W2bin,0.046797779149834635,0.04669455374403079,0.9281744078015056,0.4089653591743919,0.02720346984768379,0.19370126969795415,0.015830136013697142,0.2346233810680892,3
,0.04,W2bin,0.057455658040093664,0.05735243263428982,0.9481744078015056,0.3776863706330414,0.025643487827342465,0.21633036723432675,0.01690859792340322,0.2297981704249104,4
,0.04,W2bin,0.0681135369303527,0.06801031152454885,0.9681744078015057,0.37820791971497947,0.022728147065777568,0.20957051602891533,0.011933203938495248,1.2008035848232756,6
,0.04,W2bin,0.07877141582061166,0.07866819041480781,0.9881744078015056,0.267631550211817,0.06495305088459202,0.2774987524620264,0.07400806115155577,0.01867816742472416,3
,0.056,Exbin,0.0065275836017772825,0.0063830680336519,0.8366055334265807,0.00013078857783488404,6.617784320094462e-06,1.1230830241808761e-05,1.8635875695739078e-06,1434.1792494641143,9
,0.056,Exbin,0.016527583601777283,0.0163830680336519,0.8553709934265807,0.005275463190645973,0.0004388595715832391,0.003213022363958529,0.00027313504102719133,1177.4681273440797,8
,0.056,Exbin,0.02652758360177728,0.0263830680336519,0.8741364534265808,0.3995313369369542,0.0141082511919669,0.08619612693820816,0.006265952196528846,5.932604793370325,8
,0.056,W2bin,0.03630166029293546,0.036157144724810075,0.8924779579450669,0.3848095733834017,0.015193510206110322,0.1257939257531158,0.007969844845835919,2.4655373096923068,8
,0.056,W2bin,0.046959539183194426,0.04681502361506904,0.9124779579450668,0.3517311894360289,0.019648576229703535,0.19598853509954203,0.015249367833805438,1.9339623636413552,6
,0.056,W2bin,0.057617418073453455,0.05747290250532807,0.9324779579450668,0.34281223703098335,0.020777962961109384,0.22649321106114276,0.016763995275124594,4.142013499588824,7
,0.056,W2bin,0.06827529696371254,0.06813078139558716,0.952477957945067,0.2143137010549596,0.06362337459228669,0.38113436317815863,0.07509428910458255,2.0204359618340355,5
,0.056,W2bin,0.11090681252474871,0.11076229695662333,1.0324779579450671,0.12325379618969552,0.01676359537984612,0.3084493193420351,0.01527171683448724,12.45175030002121,8
,0.056,W2bin,0.12156469141500774,0.12142017584688236,1.0524779579450672,0.07913797937150986,0.017659773348605166,0.2841223464296696,0.01682355461743977,20.914419795486147,7
,0.056,W2bin,0.13222257030526677,0.13207805473714138,1.0724779579450672,0.0795861187728995,0.013391307059908552,0.218932062553994,0.009806663287994693,14.67108260296812,9
,0.056,W2bin,0.14288044919552578,0.1427359336274004,1.0924779579450672,0.060684957195500974,0.023553626648016152,0.19917493864204394,0.01874731885725437,7.944283115401702,6
,0.056,W2bin,0.15353832808578483,0.15339381251765943,1.1124779579450672,0.05769521383454418,0.025272131995982307,0.16238535063807572,0.019502151351072233,24.87542709583243,8
,0.056,W2bin,0.16419620697604384,0.16405169140791845,1.1324779579450672,0.035430718763656374,0.02280521323935049,0.17307686733557015,0.016022786264153103,22.751168171028308,10
,0.056,W2bin,0.17485408586630288,0.1747095702981775,1.1524779579450672,0.05027703463517697,0.027690118761108096,0.15837167501540486,0.019926836668011563,16.392394158924553,7
,0.056,W2bin,0.1855119647565619,0.1853674491884365,1.1724779579450673,0.06086457913302606,0.01945006296161113,0.16009293618901677,0.012874466493115116,9.042877337917105,4
,0.093,W2bin,0.06572382664534394,0.06548382757685,0.9106900065250136,0.21558002605754786,0.017897264479166897,0.2695068829696196,0.01971214074649503,1.1794810040886317,6
,0.093,W2bin,0.07988174581674481,0.07964174674825088,0.9372579931144293,0.2209873019335516,0.022156941181253633,0.28746698728264375,0.01979240739112521,1.6549557657257314,6
,0.093,W2bin,0.08564548790308894,0.085405488834595,0.94807392027159,0.2107363432429892,0.022962798674620165,0.3023664113532669,0.020640377228150163,2.727099992042054,6
,0.093,W2bin,0.09081152388528047,0.09057152481678653,0.9577682244298276,0.210120627979318,0.02665277134311583,0.3123235316364765,0.021439071610175896,1.923270523909008,6
,0.093,W2bin,0.1018087084178434,0.10156870934934946,0.9784049470756704,0.20652393156653165,0.02404110587515048,0.3107239809124715,0.020159945548504053,0.896771087885734,6
,0.093,W2bin,0.10930628870442449,0.10906628963593056,0.992474501372133,0.1931154375746714,0.023928284479084475,0.30428479777256817,0.015153214703226522,2.4330526959017487,6
,0.093,W2bin,0.11701582430517807,0.11677582523668413,1.0069417995655847,0.16809326581164855,0.027238975947137374,0.3151496894935986,0.02018115575242037,3.482513837591522,6
,0.093,W2bin,0.07406119467946534,0.0738211956109714,0.926335461159972,0.2468206212061789,0.03633838471202445,0.24394638170522318,0.042919816974562035,1.8486770120984486,6
,0.093,W2bin,0.09570848111509593,0.095468482046602,0.9669575899316089,0.21495940374714492,0.04224398502939669,0.3121294112469026,0.04388200957075577,2.0830855373302715,6
,0.093,W2bin,0.12456613591132622,0.12432613684283228,1.0211103066088556,0.14333200975922036,0.038016681330373475,0.31124623411713276,0.03710629053584197,4.737362308802875,6
,0.093,W2bin,0.13332461046309763,0.13308461139460367,1.037545986995084,0.12458932061400507,0.03343240799391156,0.3181851649369339,0.029498008650245062,6.462603112082028,6
,0.093,W2bin,0.15433088572432088,0.15409088665582693,1.0769652288114315,0.08221550094973554,0.0253593192400869,0.294376201665613,0.019215806528097144,2.939060646422972,6
,0.093,W2bin,0.1644956103439504,0.16425561127545646,1.0960398021374989,0.06328252544236665,0.021685892349150714,0.28545468642545047,0.017578739033762416,1.7668433305692515,6
,0.093,W2bin,0.17677806381671912,0.17653806474822517,1.119088391072009,0.03137704878550879,0.016392208365591507,0.28168847348407894,0.014049369549584096,0.5104564170778595,6
,0.093,W2bin,0.18960768586240714,0.1893676867939132,1.1431637670033568,0.04076834201748306,0.01704372408360126,0.25149123309304106,0.012646655414495604,0.722420189973294,6
,0.093,W2bin,0.14409489820355234,0.1438548991350584,1.0577569273732834,0.0997452581903018,0.04407303332868526,0.30403237000579175,0.04225446766139145,7.380979102944207,6
,0.093,W2bin,0.2162109739670539,0.21597097489855996,1.1930860608829792,0.07974835739228825,0.021594361762187767,0.23707456299956461,0.013303451393858868,1.5929904214709714,6
,0.093,W2bin,0.22646733039384956,0.2262273313253556,1.212332585510257,0.07653017497701717,0.02471384110182643,0.2555218942236128,0.015769046186040844,0.2677936294004499,6
,0.093,W2bin,0.2367285950586007,0.23648859599010674,1.231588320671837,0.07885323183157858,0.030045575679700787,0.2690537192295181,0.015361212156502498,1.516142029834568,6
,0.093,W2bin,0.2471614087643064,0.24692140969581244,1.2511659755000242,0.09574318069998308,0.02981165995639372,0.27464759109415976,0.017481750250134785,0.547940256297315,6
,0.093,W2bin,0.2576385038790657,0.25739850481057175,1.2708267264292452,0.0780077108893926,0.042808857357873153,0.3124807537857148,0.024725801963055755,0.7670683027858052,6
,0.093,W2bin,0.26952499777301486,0.26928499870452094,1.29313227899996,0.1564040779808857,0.03419432648835474,0.29395658566891364,0.019024532616556497,0.3758192801344156,6
,0.093,W2bin,0.2813973773663477,0.28115737829785376,1.3154113454363103,0.10842422317208679,0.05060653099546179,0.33321898287053814,0.0224546797647909,4.244580056415059,6
,0.093,W2bin,0.29312947690080926,0.29288947783231534,1.337427169889306,0.14249394099653387,0.06820391058020286,0.3633078068111405,0.03874170543859508,2.3713003680355667,6
,0.093,W2bin,0.3103390261806047,0.3100990271121108,1.369721680752109,0.14835604617261117,0.09295850643387725,0.39669493682180995,0.05549880761475797,1.3109944223563632,6
,0.12,Exbin,0.01648657650963993,0.0161769002922284,0.7912940417318588,0.003922227389145988,0.00027940780921052635,0.0009298761354456939,0.00011213933847452077,1755.383934258325,10
,0.12,Exbin,0.026486576509639932,0.0261769002922284,0.8100595017318588,0.12453933803197796,0.0065372598500982775,0.08524786327477547,0.004689934049357588,42.51019099774062,10
,0.12,Exbin,0.0064865765096399335,0.0061769002922284,0.7725285817318588,-3.3439820716688167e-06,2.344828769781206e-07,4.197700769742638e-06,2.8034214466536866e-07,1586.666918701816,8
,0.12,W2bin,0.027517584253399972,0.02720790803598844,0.8119942351893807,0.07573330313862449,0.0051742749014885864,0.06681818778135232,0.004914073995987681,10.396501840497393,7
,0.12,W2bin,0.03804893760520902,0.037739261387797485,0.8317568041963046,0.1194019783165277,0.012143059400882781,0.13396585726504542,0.009262144146166345,3.9306380742843317,6
,0.12,W2bin,0.04433500615812525,0.04402532994071372,0.8435529009950054,0.16694110871019113,0.012159042508033046,0.152394736148535,0.011631321351069186,18.677159533043607,6
,0.12,W2bin,0.05045812175723596,0.05014844553982443,0.8550432090800542,0.17059601585430445,0.013939424013933279,0.1648222860241151,0.011781209008680616,2.631910771549636,6
,0.12,W2bin,0.056813761827058135,0.0565040856096466,0.8669698600305187,0.17347987115637867,0.015457908249760212,0.19028435385108833,0.013317877018034581,2.3286118793904613,6
,0.12,W2bin,0.06320174353679979,0.06289206731938826,0.8789572015560075,0.1522998199863216,0.018990194460791712,0.23169173761426637,0.016215385901318245,4.431760242688399,6
,0.12,W2bin,0.06959492088156331,0.06928524466415178,0.8909542929296141,0.1714255253865214,0.020084425094694224,0.24149831294688043,0.016841190618088833,2.118223429655811,6
,0.12,W2bin,0.07602822302510716,0.07571854680769563,0.9030266803338728,0.18490536235931268,0.021216291102541352,0.25178250916334133,0.01755339031930923,1.2326945629018395,6
,0.12,W2bin,0.08408730586050711,0.08377762964309558,0.9181499199923112,0.2212647440797872,0.03688673327197671,0.23633055239249368,0.039501074272416566,2.001600666111939,6
,0.12,W2bin,0.09381691647711675,0.09350724025970522,0.9364079818764676,0.1796666042439185,0.02545382392435518,0.30767363869234604,0.022182904572050948,1.7405151503893852,6
,0.12,W2bin,0.10524784009390173,0.1049381638764902,0.957858635865851,0.1895363903861209,0.022599977355198725,0.32751435390697614,0.023782067906797832,1.3470780163895888,6
,0.12,W2bin,0.1188958608294267,0.11858618461201517,0.9834697745850174,0.1891677090813997,0.02014375441311689,0.3240941794897284,0.016802502981830853,3.2968512448898424,7
,0.12,W2bin,0.1321211678790791,0.13181149166166756,1.0082876716278144,0.17623926725198552,0.02097034000699856,0.3253100857843916,0.01679121171706555,1.9518734216957616,6
,0.12,W2bin,0.1424338577053213,0.14212418148790976,1.02763990847049,0.1715115311642955,0.02514399331303825,0.3145654629904348,0.019651692371923463,1.1820239123586018,6
,0.12,W2bin,0.15165734732361505,0.1513476711062035,1.0449482110197406,0.1524280169275598,0.02520079811418125,0.3245887475260599,0.021323009981739464,1.0281774999990654,6
,0.12,W2bin,0.16159619979999562,0.16128652358258408,1.0635989248788826,0.13839161928288043,0.02165721950077393,0.3124831080680028,0.01536795528513309,0.9995471354721736,6
,0.12,W2bin,0.17046668155465705,0.1701570053372455,1.0802447919336655,0.13475238182945984,0.026866877611256938,0.2816063594492626,0.01742457448277141,0.6053149369765175,6
,0.12,W2bin,0.17766842228468605,0.1773587460672745,1.0937591896936385,0.09399758496639894,0.02445844006545586,0.279440213013426,0.01843278429027723,4.780305906784988,6
,0.12,W2bin,0.18406798507822897,0.18375830886081743,1.1057682636556103,0.0923854703122472,0.02531497550696683,0.2773724559897798,0.01938371343492763,2.463448619629974,6
,0.12,W2bin,0.19809507046958075,0.1977853942521692,1.13209073463841,0.0878109620876142,0.022104524074948805,0.2592181976972258,0.01621759872371381,3.4460114012686516,6
,0.12,W2bin,0.20596833086069016,0.20565865464327862,1.1468652699323048,0.07735712096629217,0.024952603109699014,0.2619696318132781,0.01652852176518519,3.626346305267496,6
,0.12,W2bin,0.213614031183444,0.21330435496603245,1.1612127782901671,0.06937583703723951,0.025492865407221257,0.26331006652743477,0.016490565134517177,4.1443092462689535,6
,0.12,W2bin,0.22098912562036824,0.2206794494029567,1.1750524822553996,0.06896262628403221,0.023063305317569803,0.2594887125834804,0.016058379867753575,6.404968894927293,7
,0.12,W2bin,0.2298441226221473,0.22953444640473575,1.1916692914591,0.05816465871117616,0.02875321703501361,0.2603058209430477,0.013786749921011197,2.2235093513458066,6
,0.12,W2bin,0.19085556272655566,0.1905458865091441,1.1185054653412672,0.06388139459968957,0.03667368855824432,0.2835233264059597,0.025851540369472608,3.1487701936768926,6
,0.12,W2bin,0.24048677723461945,0.2401771010172079,1.2116407224015162,0.061542779905867505,0.028416074036260508,0.2609042797965464,0.013989239335048658,2.8915215657658484,6
,0.12,W2bin,0.25202400952960446,0.25171433331219295,1.2332908695157412,0.027696483957432225,0.039336029996113325,0.2868485311943398,0.02046772307623334,2.9783999532056433,6
,0.12,W2bin,0.2637846598731404,0.2634749836557289,1.2553602708753022,0.008258325793423211,0.04345736536382719,0.3039845560726113,0.02147366490113829,1.7542102009725191,6
,0.12,W2bin,0.2755178580231673,0.2752081818057558,1.2773781569309426,0.04314122996742161,0.03683399838010942,0.3119427835163913,0.017024533795886074,1.9728068952600326,6
,0.12,W2bin,0.31345511906498913,0.3131454428475776,1.3485691723899291,0.0818584040505839,0.060739193433350276,0.35368027949121034,0.024713634235863226,2.2403545453116203,6
,0.12,W2bin,0.3328941279066134,0.33258445168920187,1.3850473666756438,0.04587641400497882,0.06501878008234505,0.402296268755417,0.02122683702207988,0.0779799848129023,6
,0.12,W2bin,0.34759049897774735,0.34728082276033584,1.412625783023696,0.16508227590276905,0.08219413298708014,0.39295406710423625,0.020815004677220295,0.4851199019089909,6
,0.16,Exbin,0.007524815378754577,0.0071119137555392,0.7344768847287404,7.826788094758914e-09,1.3314030020720317e-09,-4.297541391229755e-09,1.7734391107999145e-09,1318.2165322916455,7
,0.16,W2bin,0.031791674957286346,0.03137877333407097,0.7800147630033959,0.05061615084640831,0.004596560585002195,0.06314323223126764,0.0023963421044098823,21.056515354007807,7
,0.16,W2bin,0.04681412048894282,0.04640121886572744,0.8082050730760437,0.08682062913935282,0.011249466144002355,0.1288320062633483,0.008864199463054398,1.6099482868498907,6
,0.16,W2bin,0.05609982997091618,0.0556869283477008,0.8256301340616029,0.08794353764258786,0.012409675294910813,0.15828217640724884,0.010928472991193022,1.5646949568109716,6
,0.16,W2bin,0.06582883393212852,0.06541593230891314,0.8438870575290001,0.08342355682140802,0.015629352388391825,0.19665018869642406,0.01331665926541636,1.1881053193164484,6
,0.16,W2bin,0.07317387370200361,0.07276097207878823,0.8576703625290001,0.10066239232713986,0.01815170386575726,0.2209924443137069,0.015209135952182784,1.2881998660223863,6
,0.16,W2bin,0.07946614151744746,0.07905323989423209,0.869478092529,0.11057186237145716,0.019780512591251208,0.2391940419243554,0.016436549490521125,1.266026689110202,6
,0.16,W2bin,0.08705492804333072,0.08664202642011534,0.8837187995290001,0.12729100435408156,0.023217247788755963,0.2577939316136808,0.01719826459120052,1.859313724617568,6
,0.16,W2bin,0.09649332976649651,0.09608042814328113,0.901430394529,0.13306193088417057,0.023065211606043242,0.2702000853854025,0.018614243173027133,2.0303404655572166,6
,0.16,W2bin,0.10527444820727017,0.10486154658405479,0.91790856721456,0.12893148466149892,0.025317326999483716,0.29941741054348237,0.015624386258837058,1.7937808441494483,6
,0.16,W2bin,0.11238925631261082,0.11197635468939544,0.9312598319054046,0.13993638202195147,0.024142984496199015,0.303445786006915,0.01565639838203032,2.5219764202135972,6
,0.16,W2bin,0.12082424928077691,0.12041134765756153,0.9470884842198448,0.12849051437955933,0.0302529040058637,0.32305129456106024,0.02165487169976205,2.517150372362737,6
,0.16,W2bin,0.1294401107140459,0.1290272090908305,0.963256544529,0.10699052406461981,0.028120247894504843,0.3284732571639633,0.022246049253225247,2.0918001425871697,6
,0.16,W2bin,0.13855884226762402,0.13814594064440863,0.9803682637509408,0.12426298225953594,0.028462763372100904,0.3234332172535989,0.016794793514175805,2.184533034700583,6
,0.16,W2bin,0.14815291364264727,0.14774001201943188,0.9983719800134552,0.09503462382408256,0.02982977823975643,0.33873249990533033,0.022896033603143153,3.7091657157068134,6
,0.16,W2bin,0.15612420775488672,0.15571130613167133,1.0133304800946017,0.10687877340167727,0.03063933545877895,0.32954942900421125,0.022647102077054317,1.204821295916056,6
,0.16,W2bin,0.1645497851031683,0.16413688347995292,1.02914146356521,0.11349138504535197,0.030890186097591102,0.3224510857458609,0.02340047634830606,1.7599595080139396,6
,0.16,W2bin,0.17252107921540777,0.17210817759219238,1.0440999636463566,0.11526188912451538,0.0250069445139576,0.3105280176926725,0.016553846171328244,3.7457408677864006,6
,0.16,W2bin,0.18003809009160537,0.17962518846838998,1.0582059803380417,0.09131176595023854,0.024879326866990615,0.310447387595009,0.01640843820093896,3.9099396396822637,6
,0.16,W2bin,0.18820143573608517,0.18778853411286978,1.0735248739538077,0.1124282635433122,0.028683520941160993,0.28841633109758646,0.021418654513418286,2.898173677961217,6
,0.16,W2bin,0.20145025317791307,0.20103735155469768,1.098386889329,0.10287705660989,0.02354575268314475,0.28343876431257986,0.01537967266609106,1.9527122057990505,6
,0.16,W2bin,0.22084662822014497,0.22043372659692959,1.1347850793290002,0.06502183765379471,0.023932139079992247,0.2792093830114745,0.015067911452831017,0.038739399792463894,6
,0.16,W2bin,0.23763734275631926,0.23722444113310387,1.166293627529,0.04776751317839881,0.024174704335049736,0.2716951386572942,0.014661215623947755,0.275648294036039,6
,0.16,W2bin,0.2651609632804099,0.2647480616571945,1.217942967529,0.05216021380600887,0.03402036765079369,0.2730965033902361,0.017919657917245854,0.9965264578592956,6
,0.16,W2bin,0.2750589860307184,0.274646084407503,1.2365170625290005,0.052879901723717024,0.03682164279339807,0.2783754038196308,0.019530904630331317,0.15512306148672125,6
,0.16,W2bin,0.2834243286018828,0.28301142697866744,1.2522150126695488,0.039008061741491656,0.04185537780091966,0.28917597941279594,0.020320878654587416,0.3093181487487204,6
,0.16,W2bin,0.2933223513521911,0.2929094497289757,1.2707891076695488,0.046632667618893724,0.0409836821127503,0.2917839476618757,0.02041872662104864,0.22286456608083402,6
,0.16,W2bin,0.30391834785824606,0.3035054462350307,1.2906729825290002,0.06440136699088661,0.050844110956802704,0.29912128991587406,0.02045465169986696,0.5497752784900798,6
,0.16,W2bin,0.3123888196718865,0.3119759180486711,1.306568212529,0.11017792737982966,0.05127703303447684,0.28235533453647094,0.020683096969365607,1.1636679803300662,6
,0.16,W2bin,0.3199849244303099,0.3195720228070945,1.3208226525290003,0.12396734434706005,0.0529006512518441,0.2957194296360354,0.021337278351979714,0.8684430524965745,6
,0.16,W2bin,0.3280111572005165,0.3275982555773011,1.3358842475290005,0.09192421711748494,0.055406326754608264,0.3262564524797998,0.0230255356864939,0.5076215585136996,6
,0.16,W2bin,0.3380890316570977,0.3376761300338823,1.354795842529,0.19817367816138964,0.06038483424057856,0.2995611087514581,0.02199987391870792,0.4087762920277414,6
,0.16,W2bin,0.3574234610262202,0.3570105594030048,1.3910777886239094,0.12241883131575905,0.06019271640363629,0.33811530874684004,0.01896894133033352,3.6933979581040877,6
,0.16,W2bin,0.36764164230542884,0.36722874068221345,1.4102526758306833,0.17392811924192983,0.08435810768469082,0.34315828946403093,0.027389587280262695,1.1177903873800727,6
,0.16,W2bin,0.3796255387220619,0.3792126370988465,1.4327410087157304,0.1475337800339306,0.0959943611809834,0.37706949589747957,0.02989119265327333,0.8339282226866936,6
,0.16,W2bin,0.3978398539412249,0.3974269523180095,1.4669210090829898,0.11940992413688054,0.09259185173033448,0.3934070091673407,0.022540815087176258,1.3151623032001685,6
,0.265,Exbin,0.01153825815342717,0.0108543898399767,0.6370082947137812,-3.103430743939199e-05,4.4085956872269715e-06,7.832399834415477e-05,4.651241760547741e-06,1474.0927600497316,8
,0.265,Exbin,0.021538258153427168,0.0208543898399767,0.6557737547137812,-0.0006423932213773923,2.8856112069025934e-05,0.0007902089316960788,3.4395070751067696e-05,1508.366013423616,9
,0.265,Exbin,0.031538258153427166,0.0308543898399767,0.6745392147137812,0.011533811694040106,0.0007712771180318808,0.004017687258744707,0.0003065508123781041,234.31041008503865,5
,0.265,W2bin,0.06175164770807646,0.06106777939462599,0.7312360300290001,0.024710170358260994,0.004342882922662257,0.06829756410286703,0.0033395609442874096,34.19254497494817,6
,0.265,W2bin,0.0681105402875404,0.06742667197408994,0.7431687844634228,0.033442843954611494,0.0053177563885899864,0.0808091954780579,0.00416582025452978,13.50777001174233,6
,0.265,W2bin,0.021891472550196828,0.02120760423674636,0.6564365777771817,0.15167642929008526,0.005955817076023626,-0.0017485802508774757,0.0007940550480090599,29.44561163039338,7
,0.265,W2bin,0.0414383313811652,0.04075446306771473,0.693117157529,0.011447471521029384,0.0018572988304471328,0.02594419062246844,0.0017775662476057267,51.67897580151834,6
,0.265,W2bin,0.05113651890228115,0.05045265058883068,0.7113162525290001,0.018474340541803604,0.0033409614041090387,0.04525156453879907,0.002870619009277415,51.925605897888644,6
,0.265,W2bin,0.0565102680669699,0.055826399753519426,0.7214003400290001,0.037205113943581815,0.004419083507511447,0.04968447188623547,0.003511191605492736,42.40541354008937,6
,0.265,W2bin,0.07350626733073574,0.07282239901728528,0.7532941144634229,0.03376738094701885,0.006412012928762372,0.08320737571505059,0.005554637375126155,2.7415103098438376,6
,0.265,W2bin,0.08285226261439899,0.08216839430094852,0.770832304529,0.04081587975260222,0.007941226251394047,0.10181587360054073,0.006833260671349958,1.8953872197160295,6
,0.265,W2bin,0.08839953185266967,0.08771566353921921,0.7812420104289999,0.037522848893180645,0.007013476177245634,0.11502323001694582,0.005913151823381772,1.0924021619180782,6
,0.265,W2bin,0.09458551823403209,0.09390164992058163,0.792850298429,0.047517157952312115,0.009270447384871573,0.1290230130739593,0.0065283561013225605,0.27820735508343253,6
,0.265,W2bin,0.10139329723095387,0.10070942891750341,0.8056254088745576,0.05085566000552895,0.00944331537523515,0.1429780921775238,0.0073934466282321,0.5726039632718618,6
,0.265,W2bin,0.10874977556934787,0.1080659072558974,0.8194301788745575,0.0638776049687435,0.012582321338136184,0.15072716749591228,0.01093889343872814,0.5128158721719426,6
,0.265,W2bin,0.12360603276525409,0.12292216445180362,0.8473086288905065,0.08092375506391551,0.013351931360857766,0.17712864365208797,0.009271316502279381,3.081131990458597,6
,0.265,W2bin,0.13007149111266472,0.12938762279921426,0.8594413588905065,0.07334044999213413,0.014673320793454002,0.19300124130104634,0.009822094331917197,1.673109574965914,6
,0.265,W2bin,0.13518747741861903,0.13450360910516856,0.8690417425289999,0.08673426540381911,0.01791675092483126,0.1963100059673004,0.013722367596555821,2.3955719323837785,6
,0.265,W2bin,0.1415095446634401,0.14082567634998963,0.8809053925289999,0.09127190605136223,0.01843621373490846,0.21078910552347183,0.011018397461149961,0.8700607312074645,6
,0.265,W2bin,0.15458385246085093,0.15389998414740047,0.905439932529,0.0854157690286067,0.018316059408907327,0.2331939342237555,0.01194123785093725,0.6783235447133371,6
,0.265,W2bin,0.07793727145510963,0.07725340314165917,0.7616090975290002,0.03038531368217448,0.0075680551138410206,0.10016118712510284,0.006644679209038955,1.739923598590196,6
,0.265,W2bin,0.11579110237638719,0.11510723406293673,0.8326435525289999,0.06373212580193606,0.013897385310236616,0.1676558272434071,0.012351171668933984,2.4498574844692715,6
,0.265,W2bin,0.14797500301085073,0.14729113469740027,0.893038122529,0.0745063125070182,0.01976896351334914,0.2339657949668583,0.01707617766273327,0.7851948836845958,6
,0.265,W2bin,0.16104931080826157,0.1603654424948111,0.917572662529,0.08795797171191151,0.022705333111207978,0.24353748828797941,0.01711727840229961,0.29956273881412415,6
,0.265,W2bin,0.1748258449299937,0.17414197661654324,0.943424962529,0.08909029988133259,0.020582124312464836,0.25288729253793857,0.013139225460015723,1.0864806677486998,6
,0.265,W2bin,0.181544427901048,0.18086055958759753,0.956032692529,0.07813551291023296,0.025476657740459013,0.2687331917417482,0.01884542329589416,1.1371978758207852,6
,0.265,W2bin,0.18756534079100645,0.186881472477556,0.967331212529,0.08380486522345966,0.021741601501046818,0.2634705861318157,0.013693875878385761,0.35580725178069667,6
,0.265,W2bin,0.19374571405453336,0.1930618457410829,0.9789289672551784,0.08244400415584345,0.021784894834614932,0.2697336019420022,0.014470031479842538,1.623342000919655,6
,0.265,W2bin,0.20824139373166292,0.20755752541821246,1.0061307769705772,0.0699146715238449,0.02959722993801932,0.27949950460416173,0.01992119387151401,1.346664361321528,6
,0.265,W2bin,0.21419987040019278,0.21351600208674232,1.0173121325290002,0.05406157742233292,0.025898690933315604,0.2801986978927525,0.014781097304132155,1.004184671468193,6
,0.265,W2bin,0.21968883714216206,0.2190049688287116,1.0276124311127757,0.05249766572444909,0.029405184682417932,0.2780694384540189,0.015069973237472709,2.8451259351553575,6
,0.265,W2bin,0.20098460105308122,0.20030073273963075,0.9925130716967554,0.10116192012132631,0.02643765362052898,0.25664783723743134,0.018571502870116982,0.8393671707729418,6
,0.265,W2bin,0.2331183941134404,0.23243452579998994,1.0528136125290002,0.08143005488176712,0.03145872131702281,0.2683353793653754,0.019577587895464585,2.018428538574578,6
,0.265,W2bin,0.24008571952579946,0.239401851212349,1.065888119162261,0.08366947827238949,0.031213135572200387,0.2629985465998474,0.019118684975671908,1.3434019847705911,6
,0.265,W2bin,0.24743861654934837,0.2467547482358979,1.0796861686602135,0.07608476666831676,0.031907659986222484,0.26437906713348225,0.019300846867896553,3.0009331715991743,6
,0.265,W2bin,0.2623797924484665,0.261695924135016,1.107723972529,0.0713809802813969,0.03186801005175049,0.25600652229663284,0.018650140759222122,4.079645462820627,6
,0.265,W2bin,0.2697437206442048,0.26905985233075436,1.121542722529,0.060890025626865234,0.032802554898851005,0.2641356160009164,0.019038701883512067,3.1464111218134,6
,0.265,W2bin,0.27706940888031667,0.2763855405668662,1.1352897134857227,0.08853235932716993,0.026409498884711353,0.2453498221184512,0.013503459156637438,2.01557173530856,6
,0.265,W2bin,0.2832690920117033,0.28258522369825284,1.1469237040671938,0.09090818423760616,0.027569735550813067,0.24178332141660133,0.012999721380512938,2.035313915996998,6
,0.265,W2bin,0.29627559802859105,0.2955917297151406,1.1713310109071604,0.08432972366084542,0.03250210267213862,0.24343909465272778,0.013479562090156228,1.3927079802301743,6
,0.265,W2bin,0.30261868167334477,0.3019348133598943,1.1832340991483885,0.08175248173459865,0.03351022967989226,0.24729526776563185,0.013735690740250345,1.137162732934455,6
,0.265,W2bin,0.309425220215635,0.30874135190218455,1.196006881823769,0.0831044469059568,0.03154255724511761,0.2440256958694482,0.013703054644077155,0.29229535758192743,6
,0.265,W2bin,0.32711672048944773,0.32643285217599727,1.2292057958965912,0.0846261355848221,0.032822554092378026,0.23981809790596648,0.01350347607792736,1.0191809148666846,6
,0.265,W2bin,0.3384380633921173,0.33775419507866683,1.2504508166352242,0.0929120159197056,0.039020152095896446,0.23776044712875863,0.01858670675989253,0.40155119438571457,6
,0.265,W2bin,0.34949280097599594,0.3488089326625455,1.2711955402293014,0.07381443105241244,0.0403402312041191,0.24098919594385973,0.018785156558441023,1.9471883725457986,6
,0.265,W2bin,0.3609804867803936,0.3602966184669431,1.2927527110748005,0.11010977501916384,0.03685635845648496,0.23607003072991262,0.011266554885736788,1.0210565770150368,6
,0.265,W2bin,0.37391826557388086,0.3732343972604304,1.3170310481186038,0.11147704957912882,0.03878449834903545,0.239445620920244,0.011408156903589796,3.7051763625177108,6
,0.265,W2bin,0.3856634212934612,0.38497955298001074,1.3390713731035595,0.08890488108636563,0.042130826475311196,0.24828120505862689,0.01441707535362051,4.906430392956616,6
,0.265,W2bin,0.40188139232380277,0.4011975240103523,1.3695051417686628,0.14900228366373822,0.04488546727711696,0.23813395144034954,0.014139452632967802,3.368686077235813,6
,0.265,W2bin,0.426087014559258,0.42540314624580755,1.4149281053521174,0.14036216770235468,0.05140286493044634,0.26195896188495965,0.012721607643274839,0.10310808168928366,6
,0.38,Exbin,0.02255304896940842,0.0215724076142719,0.5426780563603475,-4.215612743148887e-06,2.7737458488973543e-07,5.471184115045068e-06,3.3110693918037876e-07,1209.10307157678,8
,0.38,W2bin,0.016288977372967826,0.015308336017831305,0.5309232378623333,-9.532686699540144e-10,5.99242933466531e-11,8.920823955693756e-10,5.491015124462878e-11,1303.737150260287,7
,0.38,W2bin,0.028313204618600225,0.027332563263463703,0.5534872534032158,-0.6477652806055606,0.0347160533806419,0.7749344565011984,0.04152715307440682,771.957677195874,6
,0.38,W2bin,0.039436448994375185,0.038455807639238664,0.5743605331435988,0.0005006803833883189,0.0001471367487356779,0.0015999545196512368,0.00010979543559386952,53.37629750685532,6
,0.38,W2bin,0.050555650972343914,0.04957500961720739,0.5952262271385481,-0.00586374406235663,0.0002306062044066124,0.007138432052913595,0.00027425443810650857,392.88320148827205,6
,0.38,W2bin,0.05999818136079952,0.059017540005663,0.6129455697688829,0.004344856735662911,0.0006225283277109065,0.006814853104522661,0.00046899659890852196,12.028407071730822,6
,0.38,W2bin,0.0692966177701084,0.06831597641497188,0.6303945134190259,0.003492893714357412,0.0008374913939876738,0.011417038955162152,0.0007227441644476417,27.282661389495736,6
,0.38,W2bin,0.0778218650396189,0.07684122368448237,0.6463925320816367,0.0038389041690168216,0.0015492187057466866,0.01910947836639075,0.001265393522254597,16.585791282624758,6
,0.38,W2bin,0.0860015176481912,0.08502087629305467,0.6617420264656426,0.006936198410840341,0.0020348081903607995,0.02403208462084993,0.0016202525675266925,5.866814567034181,6
,0.38,W2bin,0.09372283197936489,0.09274219062422837,0.6762314279885493,0.012803803290432127,0.002534019235767997,0.028131761802297456,0.0019451368262103968,2.327909880389311,6
,0.38,W2bin,0.10104591109241753,0.10006526973728101,0.6899735228058318,0.01998950451627131,0.003408408997098617,0.03654799419254135,0.0019486519864035947,2.8524871418855975,6
,0.38,W2bin,0.10846416571973984,0.10748352436460332,0.703894218853715,0.018781529697146155,0.004809871713271052,0.047247013059408344,0.003415234255261135,1.062087723361001,6
,0.38,W2bin,0.11634738554248678,0.11536674418735025,0.7186874434792114,0.022285108274874565,0.0050780241291584274,0.05643280843604787,0.002989611662041483,4.232620090342451,6
,0.38,W2bin,0.12405613851689,0.12307549716175348,0.7331532730383159,0.027173456361545816,0.005934298832428139,0.06460494533982884,0.003445754889166545,4.774414851033946,6
,0.38,W2bin,0.13262719639144394,0.13164655503630743,0.7492372574085786,0.03762623819557353,0.0077462787483874055,0.07225978824218499,0.005342343302854011,2.2051557766192316,6
,0.38,W2bin,0.14144464424694211,0.1404640028918056,0.7657836039120223,0.0412117862674524,0.009167460236713956,0.08661076809766882,0.006188754969544863,0.665224912308248,7
,0.38,W2bin,0.14961817368061736,0.14863753232548085,0.7811216078766678,0.0470641935669186,0.010832388372528963,0.09931762723494969,0.007412632992200662,0.7622235589722051,6
,0.38,W2bin,0.15754936830633626,0.15656872695119975,0.7960048594267821,0.0429587233740518,0.012146427467596357,0.11188964574399327,0.008316830029161993,0.4551014481353283,6
,0.38,W2bin,0.16501797769746654,0.16403733634233003,0.8100200485052701,0.05276805051934447,0.013306605521328905,0.11896256380419379,0.008950318781888298,3.1958646656992573,6
,0.38,W2bin,0.17275643177305725,0.17177579041792074,0.8245416135470035,0.0546416114709531,0.014416367883142468,0.12884872873924266,0.009651129675443636,1.8520755289209325,6
,0.38,W2bin,0.18192276557630518,0.18094212422116868,0.8417426605801532,0.061536695483759694,0.01618875031691878,0.1391356022420516,0.010663104277404195,4.369715009095232,6
,0.38,W2bin,0.19476580766271231,0.1937851663075758,0.8658432198352322,0.06766250363286831,0.01709907911976838,0.14963573939348992,0.011647867725598605,1.982328749724992,6
,0.38,W2bin,0.20967447324377958,0.20869383188864307,0.8938200165967216,0.07651324307409983,0.015848817766090317,0.1630423003592925,0.007421918887434815,0.9754874443604358,6
,0.38,W2bin,0.2232381013796751,0.22225746002453858,0.9192727887206238,0.07148789575774246,0.017473949768837614,0.18101771607764755,0.008200416431492686,1.6465615386411847,6
,0.38,W2bin,0.23658777292905825,0.23560713157392174,0.9443240614679326,0.06753155899584228,0.01877113671209648,0.18956349019537097,0.010463804992957414,2.6273549708996633,6
,0.38,W2bin,0.25176930511634055,0.250788663761204,0.9728129049678484,0.07931226368052113,0.019541331027672942,0.18881926129946874,0.010485652487961131,1.5442324578178277,6
,0.38,W2bin,0.2687609706958981,0.26778032934076157,1.004698547044505,0.06360095797825895,0.02094551429125608,0.20231945635416757,0.011193558408664105,2.5062156283302564,6
,0.38,W2bin,0.29110253110227036,0.2901218897471338,1.046623512858841,0.06120957724062708,0.02311278269324623,0.2139663083234398,0.011868502917101138,0.7846931967766342,6
,0.38,W2bin,0.3133142401711901,0.31233359881605355,1.088304806665286,0.1111913128772299,0.02546343715776337,0.18599488022655117,0.007677968064566232,4.016342462372285,6
,0.38,W2bin,0.3341046773076498,0.3331240359525133,1.127319018311961,0.09587495483199117,0.02366033427404597,0.19002763704910935,0.008956764678795599,3.108096734427821,6
,0.5,W2bin,0.017027485476083754,0.0157371679035357,0.4123090822892031,1.2958118931286478e-06,1.376825294188449e-07,1.4599064375098528e-06,7.993109714295552e-08,407.5476633216608,7
,0.5,W2bin,0.03718066163752194,0.035890344064973885,0.4501274444022453,3.040265457597219e-06,1.3452185748431443e-06,1.718158310048951e-05,7.535155299440657e-07,335.9393480118125,6
,0.5,W2bin,0.04853540200968137,0.047245084437133315,0.4714351370286596,0.00025755765779451217,4.513302589112328e-05,0.0005529570584456614,3.031743386453292e-05,74.8156331105384,6
,0.5,W2bin,0.06080982315519281,0.05951950558264475,0.4944686529315845,-0.0008355739824939431,9.762953626538282e-05,0.0005520804434265301,6.45050494221081e-05,1219.4421878216785,6
,0.5,W2bin,0.07213116605786245,0.0708408484853144,0.5157136736702176,0.0007464646463174973,0.00016034723333759073,0.002111898500203856,8.987021393411336e-05,4.278313983083432,6
,0.5,W2bin,0.08397833881909421,0.08268802124654616,0.537945438326616,0.0010531695001720065,0.0002611382525507663,0.0034724986533237984,0.00014969129708956503,34.07031389834838,6
,0.5,W2bin,0.09709268909027638,0.09580237151772833,0.5625551198706018,0.002130480602339007,0.0004539231976985896,0.0057346600454102475,0.0003010211067535696,7.848073642908625,6
,0.5,W2bin,0.1094246335354431,0.10813431596289505,0.5856965808914016,0.0057189213287350766,0.0006754457878348878,0.007110426008228207,0.0003230198171080572,12.236320071279387,6
,0.5,W2bin,0.12214451878227156,0.12085420120972351,0.6095660306717966,0.0038785977289518448,0.0010297338104290486,0.013484255259661307,0.000577914292724982,4.386326378072015,6
,0.5,W2bin,0.13475327635625198,0.13346295878370393,0.6332269442622193,0.008801115143295405,0.0014336310948386524,0.016566351108943906,0.000734975919401247,8.03957625712683,6
,0.5,W2bin,0.14665685051380684,0.14536653294125879,0.6555645487332822,0.01032025596255906,0.002034411158857453,0.024295189573388762,0.001070326598901871,9.658407599364065,6
,0.5,W2bin,0.16031069874544895,0.1590203811729009,0.6811866230169773,0.014463833018815445,0.003972268733121828,0.03137745265838788,0.0011263687369143086,4.336636459428373,6
,0.5,W2bin,0.17622242252278283,0.17493210495023478,0.7110457046244381,0.017875201650573967,0.00409095177908095,0.04837406203271929,0.0021442241935214104,1.339035750206564,6
,0.5,W2bin,0.19501209617657286,0.1937217786040248,0.7463053915607631,0.02523432025495227,0.006213061915599651,0.06173935013273884,0.002755948405521045,0.4959239865053926,5
,0.5,W2bin,0.21543998605517056,0.2141496684826225,0.7846392666008861,0.024781949997163214,0.007358550403733193,0.0775323971569357,0.003002995779185916,0.46973099685479275,6
