qvcenter,nu_RL,RL,RLerr,nu_RT,RT,RTerr
0.35,0.0059,99.2612,7.1751,0.0043,19.5665,0.0041
0.35,0.0109,136.0687,7.175,0.0092,50.4558,0.0093
0.35,0.0155,162.0473,7.4456,0.0144,73.1127,0.0146
0.35,0.0205,173.9452,7.3106,0.0194,99.8856,0.0194
0.35,0.0255,180.428,7.0398,0.024,124.599,0.024
0.35,0.0305,185.8277,7.1756,0.0299,149.0588,0.0302
0.35,0.035,190.1459,7.9877,0.0344,172.2281,0.0344
0.35,0.0391,196.6314,10.8311,0.0399,193.3422,0.0401
0.35,0.0422,200.9538,7.7169,0.0452,227.0626,0.0451
0.35,0.0458,195.5275,9.2057,0.0499,262.3252,0.0499
0.35,0.0508,186.5771,9.206,0.0548,276.4905,0.0547
0.35,0.0552,193.6032,11.3721,0.06,292.4578,0.06
0.35,0.061,199.8127,11.3721,0.0653,314.8574,0.0652
0.35,0.0651,194.3847,12.8613,0.0705,330.8247,0.0706
0.35,0.0702,190.5784,12.7255,0.0757,343.7045,0.0756
0.35,0.075,194.0835,13.1326,0.0802,351.1793,0.0805
0.35,0.0803,195.9624,12.3203,0.0896,356.8672,0.0895
0.35,0.0859,199.194,12.1844,0.0957,351.4821,0.0957
0.35,0.0907,203.7822,22.0668,0.1004,347.3794,0.1005
0.35,0.0949,207.2891,12.1842,0.1056,355.8852,0.1058
0.35,0.101,208.8948,13.673,0.1104,353.0689,0.1101
0.35,0.1059,194.5293,14.0799,0.1158,344.8517,0.1159
0.35,0.1116,194.5115,12.9972,0.121,332.7742,0.121
0.35,0.1154,186.648,12.3194,0.1254,316.8354,0.1255
0.35,0.1203,183.1128,13.6736,0.1305,303.4711,0.1304
0.35,0.1257,178.764,12.0488,0.1357,287.2772,0.1356
0.35,0.1303,164.9411,12.8613,0.1454,272.6403,0.146
0.35,0.1352,156.2619,13.4028,0.1502,253.615,0.1505
0.35,0.1403,152.4552,11.5077,0.1557,242.053,0.1556
0.35,0.1458,127.5285,18.9529,0.1607,234.3491,0.1608
0.35,0.151,125.3464,17.4643,0.1661,235.3941,0.1662
0.35,0.1549,116.1285,15.9746,0.1713,220.7439,0.1713
0.35,0.1608,99.5942,16.9224,0.1756,224.8733,0.176
0.35,0.1657,85.2287,16.6519,0.1811,227.4623,0.181
0.35,0.1708,83.5884,14.3504,0.1866,226.192,0.1867
0.35,0.1755,66.7869,14.2153,0.1912,238.298,0.1912
0.35,0.1802,55.6712,15.2983,0.1958,249.1179,0.1958
0.35,0.1858,52.6754,16.1102,0.2006,247.8454,0.2007
0.35,0.1909,36.4143,15.4329,0.2064,236.5416,0.2061
0.35,0.1949,21.5102,13.8084,0.2104,259.4523,0.2105
0.35,0.2003,18.5151,13.5384,0.2158,243.259,0.2159
0.35,0.2052,35.5577,17.7344,0.2207,264.1139,0.2211
0.35,0.2104,20.9208,20.9837,0.2259,284.7122,0.2262
0.35,0.2154,52.0424,23.6909,0.231,306.0823,0.2307
0.35,0.2205,47.153,25.9924,0.2361,327.1951,0.2362
0.35,0.2256,46.3251,28.9713,0.2416,366.062,0.2411
0.35,0.2305,33.3134,36.6866,0.246,350.6375,0.2459
0.35,0.2356,28.6948,36.9582,0.2517,397.9957,0.2513
0.35,0.2402,-5.7059,46.2992,,,
0.35,0.2457,53.0318,53.2027,,,
0.35,0.2507,22.4206,61.326,,,
0.45,0.0061,13.4901,3.495,0.0058,10.6144,13.5948
0.45,0.011,18.8744,2.767,0.0107,32.2863,6.9124
0.45,0.0144,26.0074,3.3495,0.0158,46.8157,5.53
0.45,0.0199,27.4592,4.0777,0.0212,67.7979,6.4513
0.45,0.0236,41.4367,4.8059,0.0264,83.9404,5.76
0.45,0.0298,42.451,4.8059,0.0307,106.9933,6.4513
0.45,0.0354,46.6696,5.8254,0.035,124.5162,7.6034
0.45,0.0401,50.3065,6.1165,0.0404,142.7331,6.4513
0.45,0.0451,51.4674,6.5531,0.0452,164.8655,7.1429
0.45,0.0499,60.7838,8.3014,0.0505,176.4004,6.9122
0.45,0.0547,56.5564,8.1554,0.0557,202.6812,8.0649
0.45,0.0599,57.4259,8.4468,0.0607,222.0492,9.2166
0.45,0.0649,54.946,9.3201,0.0658,245.565,8.9858
0.45,0.07,52.9029,9.7573,0.071,264.0117,8.2946
0.45,0.0751,57.7045,10.3397,0.0752,280.1518,9.4461
0.45,0.0802,66.5837,11.359,0.0803,294.6815,8.5251
0.45,0.0855,77.356,10.7768,0.0853,306.9067,8.2946
0.45,0.0907,80.2644,11.796,0.0902,323.0486,8.525
0.45,0.0957,79.8233,12.378,0.0953,337.8087,7.1429
0.45,0.1006,83.3144,13.9806,0.1014,347.9629,12.4427
0.45,0.1057,92.6305,14.8539,0.1056,353.0431,11.29
0.45,0.1101,86.6559,15.0001,0.1098,367.8007,10.1379
0.45,0.1155,89.5641,15,0.115,377.0308,9.6768
0.45,0.1204,90.8707,14.7087,0.125,381.2047,12.4424
0.45,0.1259,91.4486,17.0386,0.1305,382.3712,11.7511
0.45,0.1308,96.396,17.6211,0.1353,380.7709,11.7511
0.45,0.1357,100.3239,15.4369,0.1399,378.7095,10.8292
0.45,0.1404,99.0094,16.4561,0.1453,378.7236,12.443
0.45,0.1455,91.8692,17.3302,0.1502,374.3587,11.2907
0.45,0.1508,92.4474,16.0195,0.1548,367.919,11.2903
0.45,0.1558,93.317,14.7086,0.1609,360.1012,9.9075
0.45,0.1606,100.4489,15.291,0.1706,351.8318,10.5991
0.45,0.1656,98.8428,16.1651,0.1758,346.7762,11.5207
0.45,0.1707,89.0813,16.3105,0.1807,337.1117,10.369
0.45,0.1756,79.0287,16.1649,0.1856,324.6822,9.6771
0.45,0.1801,71.0152,14.4178,0.1907,311.1012,9.6777
0.45,0.1853,77.4186,15.1456,0.1952,300.5141,10.3683
0.45,0.1911,87.8992,17.0386,0.2009,293.386,8.7557
0.45,0.1955,89.2062,16.4561,0.2055,290.1725,10.3686
0.45,0.2009,81.629,14.7084,0.2104,295.7154,9.4473
0.45,0.2055,73.9067,16.8932,0.2156,291.8119,8.7555
0.45,0.2106,56.4267,17.0384,0.2208,287.4478,8.7554
0.45,0.2154,53.8014,14.5632,0.2251,292.0675,10.8289
0.45,0.2206,52.7776,15.1456,0.2304,305.6758,9.2163
0.45,0.2256,43.5987,17.1841,0.239,309.1547,8.756
0.45,0.2307,21.1673,15.7281,0.2453,317.4663,9.216
0.45,0.2357,15.0466,16.3106,0.2501,349.9673,21.4279
0.45,0.241,17.3723,17.9128,0.2555,355.0506,21.8885
0.45,0.2458,6.8828,17.1844,0.2597,335.9372,18.6626
0.45,0.2504,-43.5094,36.9901,0.2654,346.321,19.5862
0.45,0.2556,-43.5137,37.5724,,,
0.45,0.2607,0.0258,36.9901,,,
0.45,0.2657,3.5167,39.757,,,
0.55,0.0349,-2.5587,4.1741,0.0196,22.1583,7.0986
0.55,0.0414,-2.0176,3.9929,0.0243,33.6874,6.4331
0.55,0.0445,0.2494,4.3555,0.0352,52.3072,7.0987
0.55,0.0502,-0.2073,3.9019,0.0401,63.1706,6.2115
0.55,0.0552,-0.4821,4.1743,0.0452,71.3717,5.9894
0.55,0.0604,-0.5756,4.3559,0.0505,86.2275,6.2115
0.55,0.065,3.0518,3.9021,0.0554,103.0802,5.7677
0.55,0.0706,7.4046,3.9926,0.0609,111.9463,6.6548
0.55,0.0755,9.6707,4.7187,0.0659,124.1405,6.4331
0.55,0.0805,12.1182,5.717,0.0714,134.7813,5.9895
0.55,0.0856,13.4767,6.1707,0.0758,148.0853,6.2113
0.55,0.0904,17.0132,6.0802,0.0809,160.7231,6.4333
0.55,0.095,27.9909,6.715,0.0851,174.2492,5.9896
0.55,0.0997,26.6273,7.4409,0.0903,185.7777,7.0985
0.55,0.1051,26.3523,8.7114,0.0952,196.4193,5.9893
0.55,0.1098,32.9741,8.4392,0.1002,213.4936,6.8766
0.55,0.1153,33.2435,8.2578,0.105,232.121,9.095
0.55,0.1198,32.4245,8.6207,0.1105,243.871,10.2041
0.55,0.1247,33.0572,8.4391,0.1153,252.0725,7.0986
0.55,0.1299,29.5154,11.071,0.1203,263.823,7.986
0.55,0.1348,35.4113,11.1613,0.126,277.5691,8.4294
0.55,0.1398,42.396,11.0707,0.1309,292.2037,8.8734
0.55,0.1449,46.5676,12.0689,0.1365,300.4041,9.539
0.55,0.15,51.5558,12.3412,0.1411,305.5003,10.6478
0.55,0.155,48.0142,12.9764,0.1464,311.0394,9.3171
0.55,0.16,49.8265,12.0689,0.1511,316.1355,11.0914
0.55,0.1651,50.3683,12.7949,0.1569,325.8886,9.9826
0.55,0.1701,50.275,13.9744,0.1618,328.5443,8.8733
0.55,0.175,47.6409,15.88,0.1666,331.2001,9.3169
0.55,0.1803,52.1753,14.6098,0.1713,336.2961,9.7607
0.55,0.1852,59.2508,13.43,0.1758,343.3889,11.7573
0.55,0.1906,60.6092,13.2485,0.1808,341.1643,11.7571
0.55,0.1954,64.5994,15.245,0.1856,337.8308,9.9824
0.55,0.2002,62.8728,13.8835,0.1907,334.9406,9.9823
0.55,0.2055,66.5906,12.5225,0.1957,328.2794,11.5353
0.55,0.2104,74.755,13.3395,0.2032,326.7171,9.095
0.55,0.2158,73.3003,14.7915,0.2114,321.3828,10.426
0.55,0.2208,63.3159,13.4301,0.2163,316.2746,11.0915
0.55,0.2259,65.9448,13.7026,0.2217,318.9297,9.5385
0.55,0.2308,70.5702,15.0636,0.2259,315.1533,8.4296
0.55,0.2357,60.4951,14.519,0.2311,304.2771,9.5387
0.55,0.2404,62.7612,15.4265,0.2399,303.1569,9.7609
0.55,0.2456,66.842,16.4246,0.2456,296.4948,10.426
0.55,0.2504,54.9521,15.4262,0.2508,296.4882,9.5386
0.55,0.2553,52.5902,16.5153,0.2565,298.9211,10.426
0.55,0.2602,61.6621,18.6932,0.2606,294.7012,13.0879
0.55,0.2651,46.7775,15.88,0.2661,294.9161,11.7567
0.55,0.27,33.5263,15.6081,0.2722,293.7992,9.7604
0.55,0.2749,20.3659,16.8783,0.2762,296.6778,12.6441
0.55,0.2801,1.3976,18.7839,0.2809,303.5486,10.6479
0.55,0.285,9.4713,17.8766,0.286,302.8766,8.6513
0.55,0.2901,9.2872,16.5156,0.2914,312.4084,10.6479
0.55,0.295,6.3809,19.782,0.2961,329.0395,10.426
0.55,0.2996,19.6271,19.1472,0.3012,325.4838,10.426
0.55,0.3047,23.8894,18.512,0.3055,330.1367,9.7607
0.55,0.31,13.6326,21.8696,0.3106,342.3308,11.3135
0.55,0.3143,39.8554,23.5026,0.3155,366.7256,12.644
0.55,0.3193,25.1523,24.9546,0.3206,382.4689,11.5355
0.55,0.3247,2.4634,27.0418,0.3257,393.5539,14.197
0.55,0.3295,-11.6044,28.9471,0.3308,415.5083,14.1971
0.55,0.3346,-16.8702,30.6715,0.3353,433.2489,12.201
0.55,0.34,11.3484,32.033,0.3402,446.3305,14.8622
0.55,0.3447,3.905,33.1218,0.345,444.328,13.7536
