Q2_0.01_x,Q2_0.01_RL_1b,Q2_0.01_RT_1b,Q2_0.01_RL_1b2b,Q2_0.01_RT_1b2b,,Q2_0.02_x,Q2_0.02_RL_1b,Q2_0.02_RT_1b,Q2_0.02_RL_1b2b,Q2_0.02_RT_1b2b,,Q2_0.026_x,Q2_0.026_RL_1b,Q2_0.026_RT_1b,Q2_0.026_RL_1b2b,Q2_0.026_RT_1b2b,,Q2_0.04_x,Q2_0.04_RL_1b,Q2_0.04_RT_1b,Q2_0.04_RL_1b2b,Q2_0.04_RT_1b2b,,Q2_0.056_x,Q2_0.056_RL_1b,Q2_0.056_RT_1b,Q2_0.056_RL_1b2b,Q2_0.056_RT_1b2b,,Q2_0.093_x,Q2_0.093_RL_1b,Q2_0.093_RT_1b,Q2_0.093_RL_1b2b,Q2_0.093_RT_1b2b,,Q2_0.12_x,Q2_0.12_RL_1b,Q2_0.12_RT_1b,Q2_0.12_RL_1b2b,Q2_0.12_RT_1b2b,,Q2_0.16_x,Q2_0.16_RL_1b,Q2_0.16_RT_1b,Q2_0.16_RL_1b2b,Q2_0.16_RT_1b2b,,Q2_0.265_x,Q2_0.265_RL_1b,Q2_0.265_RT_1b,Q2_0.265_RL_1b2b,Q2_0.265_RT_1b2b,,Q2_0.38_x,Q2_0.38_RL_1b,Q2_0.38_RT_1b,Q2_0.38_RL_1b2b,Q2_0.38_RT_1b2b
10,0.0701983,0.00599265,0.0699643,0.0080324,,10,0.044201,0.00352997,0.0442396,0.00461892,,10,0.0301679,0.00280974,0.0302573,0.0036445,,10,0.0128488,0.00233082,0.0129025,0.00297078,,10,0.00606406,0.00216777,0.00606619,0.00271559,,10,0.00128415,0.00122475,0.00128025,0.00149657,,10,0.000396366,0.000700757,0.00039312,0.000846414,,10,8.54E-05,2.50E-04,8.29E-05,2.97E-04,,10,1.06E-07,1.06E-06,9.81E-08,1.22E-06,,10,0,0,-6.33E-11,0
11,0.147174,0.0125782,0.146695,0.0168968,,11,0.0958497,0.00760413,0.0959321,0.00997736,,11,0.0664629,0.00611679,0.0666595,0.00796021,,11,0.0288505,0.00513584,0.0289804,0.00656747,,11,0.0138689,0.00494255,0.0138797,0.00620513,,11,0.00327999,0.0030982,0.00326948,0.00379305,,11,0.00107154,0.0018721,0.00106404,0.00226685,,11,2.35E-04,7.00E-04,2.29E-04,8.35E-04,,11,4.95E-07,4.87E-06,4.59E-07,5.63E-06,,11,0,0,-6.33E-11,0
12,0.244959,0.0211381,0.244162,0.0284333,,12,0.165217,0.0132826,0.165339,0.0174503,,12,0.116828,0.0108728,0.117153,0.0141708,,12,0.052665,0.00935849,0.0528953,0.0119869,,12,0.0260504,0.00923381,0.0260748,0.0116059,,12,0.00664279,0.00626783,0.0066259,0.00768183,,12,0.00224662,0.00398571,0.0022352,0.00483405,,12,4.79E-04,0.00154505,4.68E-04,0.00184801,,12,1.88E-06,1.52E-05,1.75E-06,1.76E-05,,12,0,0,-6.33E-11,0
13,0.324391,0.0285884,0.323307,0.0384847,,13,0.227601,0.0190239,0.227702,0.0250016,,13,0.165058,0.016021,0.165442,0.0208858,,13,0.0786299,0.0142356,0.0789202,0.0182371,,13,0.0406012,0.0143049,0.0406227,0.017982,,13,0.0111383,0.0103893,0.0111114,0.0127416,,13,0.00392558,0.00696309,0.00390931,0.00845603,,13,8.45E-04,0.00282011,8.26E-04,0.00337767,,13,4.54E-06,3.63E-05,4.22E-06,4.21E-05,,13,0,0,-6.33E-11,0
14,0.343993,0.0315924,0.342769,0.042542,,14,0.253286,0.0228826,0.253248,0.0300539,,14,0.190054,0.0200943,0.190325,0.0261683,,14,0.0981022,0.0185813,0.0983194,0.0237719,,14,0.0536578,0.0187215,0.0536261,0.0235102,,14,0.0157213,0.0142188,0.0156745,0.0174429,,14,0.00590611,0.0101012,0.00587589,0.0122812,,14,0.00136992,0.00431619,0.00133832,0.00517622,,14,9.65E-06,7.08E-05,9.00E-06,8.20E-05,,14,0,0,-6.33E-11,0
15,0.296111,0.029435,0.294932,0.0396353,,15,0.232077,0.0240382,0.231796,0.0315155,,15,0.182391,0.0222792,0.182366,0.0289437,,15,0.105072,0.0215143,0.105052,0.0274512,,15,0.0618866,0.0213774,0.0617307,0.0267914,,15,0.0192583,0.0164075,0.019173,0.0201263,,15,0.00785341,0.0123569,0.00779002,0.0150416,,15,0.00208269,0.00564206,0.00202942,0.00677599,,15,1.92E-05,1.17E-04,1.80E-05,1.35E-04,,15,0,0,-6.33E-11,0
16,0.213551,0.0246178,0.212534,0.0331308,,16,0.18169,0.0233952,0.18115,0.0305685,,16,0.151608,0.0229413,0.151224,0.0296878,,16,0.100068,0.022991,0.099726,0.0292372,,16,0.0643971,0.0222871,0.064063,0.0278664,,16,0.0214932,0.0166841,0.0213412,0.0204623,,16,0.00966979,0.0132031,0.0095468,0.0160952,,16,0.00301817,0.00651698,0.00293171,0.00784099,,16,3.62E-05,1.70E-04,3.42E-05,1.96E-04,,16,0,0,-6.33E-11,0
17,0.138308,0.0203919,0.137472,0.0274068,,17,0.12998,0.0225305,0.129264,0.029288,,17,0.115913,0.0230487,0.115257,0.0296729,,17,0.0882792,0.0235941,0.087659,0.0299092,,17,0.0626511,0.0224256,0.0621275,0.028003,,17,0.0232814,0.0161764,0.0230263,0.0198494,,17,0.0116411,0.0131182,0.0114324,0.0160226,,17,0.00421011,0.0069983,0.00408147,0.00843959,,17,6.45E-05,2.28E-04,6.12E-05,2.65E-04,,17,0,0,-6.33E-11,0
18,0.0913557,0.0183433,0.0906575,0.0246032,,18,0.0941746,0.0224307,0.0933983,0.0289905,,18,0.0884403,0.0233595,0.0876661,0.0299097,,18,0.075478,0.0239608,0.0747008,0.030308,,18,0.059016,0.022757,0.0583319,0.0284408,,18,0.0256733,0.016373,0.0252813,0.0201317,,18,0.0141758,0.0131908,0.0138643,0.0161501,,18,0.00565375,0.00740443,0.00548056,0.00895396,,18,1.08E-04,2.98E-04,1.03E-04,3.46E-04,,18,0,0,-6.33E-11,0
19,0.0703615,0.0181725,0.069746,0.0243235,,19,0.0767611,0.0232157,0.0759916,0.0298648,,19,0.0734527,0.0241934,0.0726653,0.0308413,,19,0.0662581,0.0246382,0.0654245,0.0311349,,19,0.0561228,0.0238039,0.055317,0.029828,,19,0.0290404,0.0179412,0.0284952,0.0221338,,19,0.0172631,0.0141046,0.0168467,0.0173137,,19,0.00724317,0.00800704,0.00703042,0.00971141,,19,1.71E-04,3.87E-04,1.64E-04,4.50E-04,,19,0,0,-6.33E-11,0
20,0.06401,0.018775,0.0634445,0.0250839,,20,0.0723594,0.0243671,0.071609,0.0312565,,20,0.0692086,0.0253451,0.0684357,0.0322207,,20,0.0627732,0.0257512,0.0619233,0.0325347,,20,0.0558189,0.0255217,0.0549221,0.0320746,,20,0.0330239,0.0205279,0.0323348,0.0254109,,20,0.0204835,0.0157958,0.0199749,0.0194365,,20,0.0087949,0.0088642,0.00855141,0.0107831,,20,2.52E-04,5.02E-04,2.43E-04,5.86E-04,,20,0,0,-6.33E-11,0
21,0.0666033,0.0195129,0.066075,0.0260263,,21,0.0773402,0.0254785,0.0766033,0.0326467,,21,0.0735184,0.0265245,0.0727554,0.0336821,,21,0.0652292,0.0271036,0.0643716,0.0342453,,21,0.058512,0.0275159,0.0575529,0.0346544,,21,0.0369145,0.023292,0.0361155,0.0289092,,21,0.0233003,0.0177063,0.0227228,0.0218313,,21,0.0101192,0.00983376,0.0098543,0.0119951,,21,3.49E-04,6.45E-04,3.37E-04,7.55E-04,,21,0,0,-6.33E-11,0
22,0.0708869,0.0197566,0.0704102,0.0262958,,22,0.0860767,0.0260694,0.0853549,0.0334017,,22,0.082239,0.0272977,0.0814826,0.034661,,22,0.0713901,0.0282529,0.0705332,0.0356999,,22,0.0629852,0.0292546,0.0619995,0.0368871,,22,0.040125,0.0255728,0.039265,0.0318002,,22,0.0253735,0.0193179,0.0247566,0.0238553,,22,0.0111021,0.0107347,0.0108248,0.0131223,,22,4.55E-04,8.12E-04,4.41E-04,9.54E-04,,22,6.42E-10,2.35E-09,5.43E-10,2.66E-09
23,0.0753309,0.0194545,0.0749265,0.0258227,,23,0.096041,0.0260822,0.0953492,0.0334425,,23,0.0925466,0.0275573,0.0918073,0.0350188,,23,0.0787431,0.0289273,0.0779058,0.0365595,,23,0.0674887,0.0303199,0.0665177,0.0382512,,23,0.0422231,0.026987,0.0413538,0.0336063,,23,0.0266106,0.0203714,0.0259848,0.0251865,,23,0.011726,0.0114477,0.0114449,0.0140163,,23,5.64E-04,9.94E-04,5.47E-04,1.17E-03,,23,8.29E-09,2.96E-08,7.78E-09,3.35E-08
24,0.079552,0.0187429,0.0792359,0.0247929,,24,0.106432,0.0257055,0.105785,0.033012,,24,0.103581,0.0274924,0.102871,0.0350016,,24,0.0864079,0.0292419,0.0856105,0.0369822,,24,0.071397,0.0307615,0.0704782,0.03882,,24,0.0431665,0.0275393,0.0423327,0.0343353,,24,0.0270563,0.0208487,0.0264504,0.0258069,,24,0.0120478,0.0119709,0.0117712,0.0146789,,24,6.70E-04,0.00118529,6.51E-04,0.00140307,,24,4.22E-08,1.49E-07,4.00E-08,1.69E-07
25,0.0832629,0.0178065,0.0830424,0.0234553,,25,0.116402,0.0251207,0.115813,0.0323303,,25,0.114386,0.0272546,0.113719,0.0347911,,25,0.093853,0.0293712,0.093111,0.037194,,25,0.0745817,0.0308029,0.073741,0.0388879,,25,0.0431927,0.0274808,0.0424269,0.0343034,,25,0.0268904,0.0209447,0.0263269,0.025962,,25,0.0121393,0.0123788,0.0118745,0.015206,,25,7.68E-04,0.00137839,7.48E-04,0.00163729,,25,1.39E-07,4.93E-07,1.32E-07,5.59E-07
26,0.0862851,0.016832,0.0861568,0.0220638,,26,0.125472,0.0245252,0.124944,0.0316373,,26,0.124508,0.0270289,0.123886,0.0346087,,26,0.100955,0.0295153,0.100272,0.0374466,,26,0.0773029,0.0307458,0.0765505,0.0388459,,26,0.0427094,0.0271512,0.0420278,0.0339382,,26,0.026366,0.0208867,0.0258578,0.0259347,,26,0.012074,0.0127371,0.0118267,0.0156808,,26,8.56E-04,0.00157066,8.35E-04,0.00187183,,26,3.54E-07,1.27E-06,3.36E-07,1.44E-06
27,0.0884462,0.0159628,0.0883981,0.0208154,,27,0.133187,0.0240619,0.132712,0.0311052,,27,0.133492,0.0269402,0.132909,0.0345982,,27,0.107623,0.0298155,0.106993,0.0379105,,27,0.0798556,0.0308224,0.0791868,0.03899,,27,0.0420929,0.0268336,0.0414969,0.0335953,,27,0.0256939,0.0208132,0.025245,0.0258946,,27,0.0119486,0.0130992,0.011721,0.0161662,,27,9.31E-04,0.00175882,9.09E-04,0.00210259,,27,7.39E-07,2.70E-06,7.02E-07,3.06E-06
28,0.0895814,0.0152754,0.0895966,0.0198192,,28,0.13912,0.0238032,0.138687,0.0308211,,28,0.140872,0.0270442,0.140318,0.0348197,,28,0.113627,0.0303184,0.113035,0.0386341,,28,0.0823544,0.0311398,0.0817541,0.0394509,,28,0.0416216,0.0267122,0.0411005,0.033504,,28,0.0250649,0.0208232,0.024671,0.0259607,,28,0.011834,0.013482,0.0116252,0.0166784,,28,0.000993207,0.00194514,9.71E-04,0.00233227,,28,1.30E-06,4.89E-06,1.24E-06,5.54E-06
29,0.0895687,0.0147842,0.0896296,0.0190998,,29,0.14295,0.0237513,0.142546,0.0307875,,29,0.146272,0.0273292,0.145734,0.0352536,,29,0.118693,0.0309914,0.118122,0.0395656,,29,0.0847656,0.0316803,0.0842129,0.0401965,,29,0.0414282,0.0268441,0.0409642,0.0337314,,29,0.0246348,0.0209846,0.0242848,0.0262137,,29,0.0117805,0.0138868,0.0115873,0.0172155,,29,0.00104614,0.0021313,0.00102375,0.00256272,,29,1.98E-06,7.68E-06,1.88E-06,8.70E-06
30,0.0883932,0.0144628,0.0884837,0.0186232,,30,0.144556,0.0238705,0.144169,0.0309607,,30,0.149499,0.0277573,0.148965,0.035852,,30,0.122602,0.0317897,0.122036,0.0406436,,30,0.0869925,0.0323955,0.0864655,0.0411581,,30,0.0415829,0.0272272,0.0411548,0.0342699,,30,0.0244733,0.0213056,0.0241529,0.0266614,,30,0.0118376,0.0143253,0.0116547,0.0177894,,30,0.00109418,0.00231947,0.00107158,0.00279639,,30,2.71E-06,1.10E-05,2.58E-06,1.25E-05
31,0.0861462,0.0142588,0.086254,0.0183185,,31,0.144061,0.0240993,0.143682,0.0312647,,31,0.150618,0.0282716,0.150081,0.0365452,,31,0.125292,0.0326649,0.124715,0.0418071,,31,0.0889429,0.0332352,0.0884219,0.0422691,,31,0.0420508,0.0278191,0.0416383,0.0350647,,31,0.0246087,0.0217862,0.0243032,0.0273031,,31,0.012014,0.0147942,0.0118357,0.0183961,,31,0.00114429,0.00251281,0.00112131,0.00303667,,31,3.44E-06,1.47E-05,3.27E-06,1.67E-05
32,0.0830311,0.0141215,0.0831471,0.0181149,,32,0.141804,0.024374,0.141428,0.0316203,,32,0.149934,0.0288135,0.149388,0.0372623,,32,0.126871,0.03357,0.126274,0.042999,,32,0.0905772,0.0341484,0.0900468,0.0434656,,32,0.0427875,0.0285806,0.042373,0.0360668,,32,0.0250148,0.0224146,0.0247104,0.0281247,,32,0.0122959,0.015291,0.012117,0.0190333,,32,0.00120251,0.00271243,0.0011788,0.00328451,,32,4.22E-06,1.91E-05,4.03E-06,2.16E-05
33,0.0792442,0.0139618,0.0793645,0.0178871,,33,0.138202,0.0245979,0.137827,0.0319037,,33,0.147846,0.0293019,0.147291,0.0379017,,33,0.127536,0.0344568,0.126914,0.0441605,,33,0.0918942,0.0350896,0.0913442,0.0446914,,33,0.0437244,0.0294683,0.0432949,0.0372232,,33,0.0256436,0.0231642,0.0253296,0.0290949,,33,0.0126541,0.0158107,0.0124705,0.0196967,,33,0.00127204,0.00291965,0.00124719,0.00354114,,33,5.16E-06,2.43E-05,4.93E-06,2.75E-05
34,0.0751221,0.013828,0.0752424,0.0176977,,34,0.133752,0.0248035,0.133379,0.0321544,,34,0.144825,0.0297519,0.144261,0.0384811,,34,0.127519,0.0352941,0.126871,0.0452523,,34,0.0928821,0.0360063,0.0923082,0.0458814,,34,0.0447433,0.0304118,0.0442916,0.038447,,34,0.0264078,0.023992,0.0260773,0.0301614,,34,0.0130569,0.0163497,0.0128656,0.0203834,,34,0.00135184,0.0031317,0.00132549,0.00380315,,34,6.55E-06,3.11E-05,6.29E-06,3.52E-05
35,0.070871,0.0137036,0.0709891,0.0175214,,35,0.128884,0.0249974,0.128512,0.0323802,,35,0.141307,0.0301839,0.140735,0.0390252,,35,0.127174,0.0361516,0.126496,0.0463602,,35,0.0937557,0.0369619,0.0931514,0.0471148,,35,0.0458713,0.0314288,0.0453911,0.0397604,,35,0.0272763,0.0248865,0.0269245,0.0313101,,35,0.013475,0.0168983,0.0132746,0.0210821,,35,0.00143913,0.00334559,0.00141103,0.00406697,,35,8.42E-06,3.98E-05,8.11E-06,4.51E-05
36,0.0665943,0.0135116,0.0667121,0.0172531,,36,0.123764,0.0250715,0.123398,0.032443,,36,0.137433,0.0304951,0.136858,0.0394043,,36,0.126521,0.0369271,0.125817,0.0473555,,36,0.0944946,0.0378911,0.0938587,0.0483098,,36,0.0471226,0.0325198,0.0466091,0.0411641,,36,0.0282506,0.0258479,0.0278734,0.032541,,36,0.0139341,0.0174908,0.0137225,0.0218354,,36,0.0015307,0.00355921,0.00150071,0.00433016,,36,1.08E-05,5.04E-05,1.04E-05,5.71E-05
37,0.0624143,0.0132545,0.0625347,0.0168962,,37,0.118583,0.0250199,0.11823,0.0323362,,37,0.133376,0.0306691,0.132806,0.0395982,,37,0.125649,0.037592,0.124923,0.0482024,,37,0.0951055,0.0387479,0.0944406,0.0494083,,37,0.0483811,0.0336009,0.0478347,0.0425527,,37,0.0292806,0.0268466,0.0288766,0.0338179,,37,0.0144095,0.0181061,0.0141857,0.0226169,,37,0.00162492,0.00377435,0.00159297,0.004595,,37,1.36E-05,6.26E-05,1.32E-05,7.12E-05
38,0.0583756,0.0129367,0.0585017,0.0164574,,38,0.113421,0.0248396,0.113086,0.0320576,,38,0.129213,0.0306968,0.128656,0.0395966,,38,0.124609,0.0381299,0.12387,0.0488807,,38,0.095646,0.0395255,0.0949555,0.050402,,38,0.0496216,0.034643,0.0490444,0.0438892,,38,0.0303159,0.0278389,0.0298862,0.035086,,38,0.0148913,0.0187339,0.0146556,0.0234145,,38,0.00172007,0.00399008,0.00168612,0.00486037,,38,1.68E-05,7.63E-05,1.63E-05,8.70E-05
39,0.0546441,0.0125718,0.0547794,0.0159545,,39,0.108462,0.0245408,0.108155,0.031621,,39,0.12511,0.0305838,0.124574,0.0394076,,39,0.12348,0.0385373,0.122736,0.0493865,,39,0.0961499,0.040218,0.0954385,0.0512841,,39,0.0508654,0.0356448,0.0502601,0.0451716,,39,0.0313469,0.028807,0.0308936,0.0363228,,39,0.0153848,0.0193723,0.0151373,0.0242252,,39,0.001817,0.00421044,0.00178105,0.0051314,,39,2.04E-05,9.18E-05,1.99E-05,1.05E-04
40,0.0512007,0.0121689,0.0513483,0.0154005,,40,0.103748,0.0241322,0.103473,0.0310394,,40,0.121128,0.0303348,0.120623,0.039039,,40,0.122329,0.0388117,0.121588,0.0497175,,40,0.0966816,0.04083,0.0959543,0.0520606,,40,0.0521078,0.0365954,0.051478,0.0463859,,40,0.0323827,0.0297517,0.031908,0.0375284,,40,0.0158935,0.0200216,0.0156348,0.0250494,,40,0.00191625,0.0044365,0.00187827,0.00540939,,40,2.44E-05,1.09E-04,2.39E-05,1.24E-04
41,0.0480533,0.0117409,0.0482154,0.0148125,,41,0.0992841,0.0236343,0.0990487,0.0303401,,41,0.11728,0.0299694,0.116814,0.0385175,,41,0.121165,0.0389619,0.120435,0.0498869,,41,0.0972289,0.0413596,0.0964919,0.0527299,,41,0.0533409,0.0374889,0.0526907,0.0475244,,41,0.0334324,0.0306797,0.0329385,0.0387107,,41,0.0164198,0.0206777,0.0161505,0.025881,,41,0.00201958,0.00467107,0.00197951,0.0056977,,41,2.88E-05,1.27E-04,2.83E-05,1.46E-04
42,0.0451777,0.011294,0.0453562,0.0141995,,42,0.0950565,0.023059,0.0948652,0.0295401,,42,0.113562,0.029498,0.113142,0.0378577,,42,0.119992,0.0389937,0.119283,0.0499026,,42,0.0977998,0.0418128,0.097059,0.0532998,,42,0.0545433,0.0383237,0.0538773,0.0485859,,42,0.0344717,0.031573,0.0339616,0.0398474,,42,0.0169634,0.0213406,0.0166844,0.0267203,,42,0.00212837,0.00491607,0.00208611,0.00599858,,42,3.39E-05,1.48E-04,3.33E-05,1.70E-04
43,0.0425311,0.0108321,0.0427268,0.0135677,,43,0.091026,0.0224192,0.0908822,0.0286568,,43,0.10995,0.0289342,0.10958,0.037078,,43,0.118803,0.0389144,0.118121,0.0497737,,43,0.0983739,0.0421856,0.0976351,0.0537645,,43,0.0557017,0.0390971,0.0550244,0.049567,,43,0.0354875,0.0324302,0.034964,0.0409366,,43,0.0175244,0.0220146,0.0172362,0.0275728,,43,0.00224351,0.00517245,0.00219896,0.00631308,,43,3.96E-05,1.71E-04,3.90E-05,1.97E-04
44,0.0400667,0.0103577,0.0402798,0.0129211,,44,0.0871479,0.0217262,0.0870532,0.0277059,,44,0.106407,0.0282911,0.106091,0.0361961,,44,0.117574,0.0387335,0.116924,0.0495125,,44,0.0989188,0.0424784,0.0981874,0.0541241,,44,0.0567898,0.0398052,0.0561058,0.0504624,,44,0.0364645,0.0332466,0.0359308,0.0419724,,44,0.0180943,0.0226904,0.0177977,0.0284263,,44,0.00236469,0.00543911,0.00231774,0.00663973,,44,4.60E-05,1.97E-04,4.53E-05,2.26E-04
45,0.0377465,0.00987378,0.0379767,0.0122643,,45,0.0833846,0.0209908,0.0833394,0.026702,,45,0.102903,0.0275817,0.102643,0.0352289,,45,0.116268,0.0384594,0.115655,0.0491294,,45,0.0994095,0.0426968,0.0986899,0.0543858,,45,0.0578023,0.0404537,0.057116,0.0512803,,45,0.0373805,0.0340106,0.0368399,0.0429404,,45,0.0186641,0.0233627,0.0183598,0.0292743,,45,0.00249103,0.00571431,0.00244161,0.00697633,,45,5.33E-05,2.24E-04,5.25E-05,2.58E-04
46,0.0355492,0.00938563,0.0357958,0.0116049,,46,0.0797193,0.0202257,0.0797226,0.0256619,,46,0.0994227,0.0268202,0.099218,0.0341953,,46,0.114854,0.0381018,0.114282,0.0486365,,46,0.0998022,0.0428405,0.0990985,0.0545494,,46,0.0587191,0.0410404,0.0580343,0.0520177,,46,0.0382492,0.0347458,0.0377039,0.0438701,,46,0.0192253,0.0240248,0.0189142,0.0301086,,46,0.00262118,0.00599615,0.00256923,0.00732056,,46,6.12E-05,2.54E-04,6.04E-05,2.93E-04
47,0.0334666,0.00889983,0.0337284,0.0109517,,47,0.0761512,0.0194441,0.0762009,0.0246035,,47,0.0959661,0.0260217,0.095816,0.0331152,,47,0.113312,0.037671,0.112782,0.0480473,,47,0.100059,0.0429098,0.0993745,0.0546152,,47,0.0595471,0.0415735,0.0588671,0.0526855,,47,0.0390621,0.0354479,0.0385144,0.0447563,,47,0.0197775,0.0246801,0.0194603,0.0309333,,47,0.00275401,0.00628324,0.00269955,0.00767079,,47,6.99E-05,2.86E-04,6.90E-05,3.30E-04
48,0.0315008,0.00842417,0.0317762,0.0103151,,48,0.0726948,0.0186605,0.0727881,0.0235454,,48,0.0925481,0.0252022,0.0924504,0.0320091,,48,0.111644,0.0371792,0.111156,0.0473775,,48,0.100194,0.0429202,0.099531,0.0546033,,48,0.0602802,0.0420521,0.0596076,0.0532823,,48,0.039814,0.0361104,0.0392661,0.0455907,,48,0.0203142,0.02532,0.0199917,0.0317378,,48,0.00288857,0.00657416,0.00283161,0.00802537,,48,7.92E-05,3.19E-04,7.81E-05,3.68E-04
49,0.029659,0.00796648,0.0299459,0.00970488,,49,0.0693704,0.0178889,0.0695037,0.0225057,,49,0.0891971,0.0243784,0.0891486,0.0308987,,49,0.109871,0.0366414,0.109426,0.0466465,,49,0.100199,0.0428767,0.0995589,0.0545202,,49,0.0609396,0.0424848,0.0602764,0.0538189,,49,0.0405124,0.036735,0.0399659,0.0463753,,49,0.0208407,0.0259518,0.0205133,0.032531,,49,0.00302499,0.00686955,0.00296556,0.00838519,,49,8.91E-05,0.000354949,8.79E-05,0.000408969
50,0.0279471,0.00753336,0.0282433,0.00912932,,50,0.0661975,0.0171421,0.0663669,0.0215006,,50,0.0859386,0.0235659,0.0859355,0.029804,,50,0.108024,0.0360736,0.107621,0.0458752,,50,0.100089,0.0427885,0.0994721,0.0543777,,50,0.0615178,0.0428682,0.0608653,0.0542907,,50,0.0411713,0.037331,0.0406271,0.0471218,,50,0.0213536,0.0265699,0.0210218,0.033306,,50,0.00316335,0.00716964,0.00310147,0.00875066,,50,9.96E-05,0.000392391,9.83E-05,0.000452071
51,0.0263658,0.00712928,0.026669,0.0085937,,51,0.0631899,0.0164297,0.0633909,0.0205423,,51,0.0827941,0.0227774,0.0828319,0.0287413,,51,0.106131,0.0354907,0.105769,0.0450824,,51,0.0998884,0.0426703,0.0992953,0.0541944,,51,0.0620285,0.0432102,0.0613873,0.0547077,,51,0.0417967,0.0378983,0.0412555,0.04783,,51,0.021856,0.0271776,0.0215201,0.0340667,,51,0.00330418,0.00747458,0.00323983,0.00912189,,51,1.11E-04,0.000432453,1.09E-04,0.000498205
53,0.0235888,0.00641566,0.0238984,0.0076499,,53,0.0576733,0.0151274,0.0579239,0.0187885,,53,0.0768653,0.021302,0.0769712,0.0267475,,53,0.10228,0.0343245,0.10199,0.0434897,,53,0.0992417,0.0423742,0.098694,0.0537426,,53,0.062902,0.0438076,0.0622836,0.0554241,,53,0.0429617,0.0389586,0.042427,0.0491447,,53,0.0228324,0.0283603,0.022489,0.0355423,,53,0.00359492,0.00809941,0.00352555,0.00988182,,53,1.36E-04,0.000520905,1.34E-04,0.000600121
55,0.021271,0.005821,0.0215782,0.00686456,,55,0.0527502,0.0139873,0.0530332,0.0172493,,55,0.0713541,0.0199714,0.0715103,0.0249408,,55,0.0982935,0.0331852,0.0980648,0.0419209,,55,0.0982576,0.0420332,0.0977505,0.0532183,,55,0.0636191,0.0443319,0.0630204,0.0560354,,55,0.0440359,0.039949,0.0435063,0.0503593,,55,0.0237799,0.029505,0.0234287,0.0369625,,55,0.00389597,0.00873978,0.00382145,0.0106592,,55,1.65E-04,0.000620153,1.63E-04,0.000714454
57,0.0193302,0.00532714,0.0196277,0.00621305,,57,0.0483117,0.0129873,0.0486126,0.0158961,,57,0.0661719,0.0187677,0.066363,0.0232996,,57,0.0941074,0.0320688,0.0939298,0.0403722,,57,0.0968528,0.0416377,0.0963815,0.0526081,,57,0.0642271,0.0448163,0.0636436,0.0565828,,57,0.0450276,0.0408798,0.0445012,0.051486,,57,0.0246954,0.03061,0.0243363,0.0383244,,57,0.00420207,0.0093886,0.00412234,0.0114454,,57,1.96E-04,0.000728422,1.94E-04,0.000839092
59,0.0176414,0.00490525,0.0179252,0.00565834,,59,0.0442302,0.0120944,0.0445389,0.0146883,,59,0.0612484,0.0176624,0.0614633,0.0217906,,59,0.0897441,0.0309608,0.0896095,0.0388301,,59,0.0950453,0.0411698,0.0946062,0.0518936,,59,0.0647469,0.0452588,0.0641746,0.0570653,,59,0.0459639,0.0417661,0.0454384,0.0525453,,59,0.0255853,0.0316791,0.0252178,0.0396336,,59,0.00451145,0.0100436,0.00442652,0.0122383,,59,2.30E-04,0.000844965,2.27E-04,0.000973339
61,0.0162552,0.00456254,0.016522,0.00520794,,61,0.0405733,0.0113052,0.0408821,0.0136218,,61,0.0566837,0.0166466,0.0569141,0.0204048,,61,0.0853289,0.0298521,0.0852321,0.0372882,,61,0.0929549,0.0406195,0.092546,0.0510671,,61,0.0652261,0.0456539,0.0646617,0.0574788,,61,0.0468633,0.0425932,0.046337,0.053521,,61,0.0264751,0.0327238,0.0260987,0.0409062,,61,0.00482835,0.0107068,0.00473812,0.013041,,61,2.68E-04,0.000972,2.64E-04,0.00112004
63,0.0151398,0.00428746,0.0153874,0.00484616,,63,0.0373991,0.0106194,0.0377015,0.0126951,,63,0.0526135,0.0157344,0.0528519,0.0191597,,63,0.0811399,0.0287781,0.081076,0.0357932,,63,0.0908302,0.0400256,0.0904504,0.0501801,,63,0.065695,0.0460252,0.0651372,0.057855,,63,0.0477385,0.0433788,0.0472108,0.0544378,,63,0.0273804,0.0337564,0.0269945,0.0421578,,63,0.00515608,0.0113805,0.00506034,0.013856,,63,0.000309144,0.00111178,0.000305155,0.00128187
65,0.0141844,0.00403398,0.0144142,0.0045146,,65,0.034524,0.00996223,0.0348193,0.011814,,65,0.0488432,0.0148423,0.0490881,0.0179507,,65,0.0770209,0.0276573,0.0769896,0.0342443,,65,0.0885481,0.0393204,0.0881998,0.049149,,65,0.0661003,0.0463293,0.0655497,0.0581395,,65,0.0485578,0.0440889,0.0480294,0.0552539,,65,0.0282889,0.0347739,0.0278937,0.0433842,,65,0.00549021,0.0120597,0.00538881,0.0146769,,65,0.000355423,0.00126404,0.000350748,0.0014584
67,0.0134273,0.00384131,0.0136382,0.00426195,,67,0.032025,0.00940231,0.0323087,0.0110642,,67,0.0454689,0.0140531,0.0457145,0.0168822,,67,0.0731147,0.0265949,0.0731098,0.0327766,,67,0.0861929,0.0385707,0.0858742,0.0480602,,67,0.0664735,0.0465849,0.0659297,0.0583568,,67,0.0493288,0.0447332,0.0488001,0.0559822,,67,0.0291782,0.0357643,0.028774,0.0445705,,67,0.00582622,0.0127419,0.0057191,0.0155,,67,0.000405467,0.00142686,0.000400015,0.00164735
69,0.0127955,0.00366995,0.012989,0.00403786,,69,0.0297916,0.00887709,0.0300633,0.0103662,,69,0.0423817,0.0132982,0.0426263,0.0158679,,69,0.0693333,0.025523,0.069353,0.0313063,,69,0.083741,0.0377481,0.0834526,0.0468821,,69,0.066809,0.0467938,0.0662714,0.0585109,,69,0.0500564,0.0453175,0.0495272,0.0566312,,69,0.0300514,0.0367345,0.0296385,0.0457265,,69,0.0061636,0.0134261,0.00605073,0.0163249,,69,0.000458361,0.00159952,0.000452087,0.00184807
71,0.0122764,0.00352055,0.0124538,0.0038424,,71,0.0278059,0.00838724,0.0280657,0.00971993,,71,0.0395704,0.0125784,0.039813,0.0149083,,71,0.065714,0.0244487,0.0657569,0.0298439,,71,0.0812297,0.0368488,0.0809727,0.0456123,,71,0.06707,0.0469254,0.0665402,0.0585649,,71,0.0507062,0.0458102,0.0501781,0.057163,,71,0.0309075,0.0376754,0.0304866,0.0468419,,71,0.0065065,0.0141147,0.00638788,0.0171543,,71,0.000515146,0.00178442,0.000507977,0.00206354
73,0.0118542,0.00339316,0.0120168,0.00367501,,73,0.0260457,0.00793628,0.0262936,0.0091285,,73,0.0370218,0.0119007,0.0372613,0.0140108,,73,0.0622927,0.0233915,0.0623571,0.0284142,,73,0.0787215,0.0359,0.0784961,0.0442862,,73,0.0672721,0.0469917,0.0667514,0.0585342,,73,0.0512958,0.0462252,0.0507701,0.0575944,,73,0.0317541,0.0385857,0.0313257,0.0479156,,73,0.00685815,0.0148093,0.00673366,0.01799,,73,0.000577373,0.00198398,0.000569176,0.00229657
75,0.0115133,0.00328542,0.0116624,0.00353255,,75,0.0244783,0.00752174,0.0247145,0.00858792,,75,0.0347073,0.0112646,0.0349428,0.013174,,75,0.0590486,0.0223576,0.0591324,0.0270248,,75,0.0761908,0.0349118,0.0759961,0.0429167,,75,0.0673905,0.0469956,0.0668803,0.0584222,,75,0.0518296,0.0465817,0.0513073,0.0579496,,75,0.0325829,0.0394594,0.0321478,0.0489396,,75,0.00721481,0.015506,0.00708441,0.018827,,75,0.000644651,0.00219727,0.000635297,0.00254592
77,0.0112386,0.00319439,0.0113752,0.00341127,,77,0.0230782,0.00714098,0.0233027,0.00809401,,77,0.0326029,0.0106694,0.0328334,0.0123955,,77,0.0559599,0.0213497,0.0560606,0.0256783,,77,0.0736176,0.0338891,0.0734523,0.0415101,,77,0.0673949,0.0469309,0.066896,0.0582211,,77,0.0522933,0.046884,0.0517748,0.0582327,,77,0.0333757,0.040287,0.0329346,0.0499016,,77,0.00757258,0.0162003,0.00743627,0.01966,,77,0.000715482,0.00242191,0.000704892,0.00280869
79,0.0110176,0.00311826,0.0111428,0.00330874,,79,0.0218247,0.00679307,0.0220375,0.00764475,,79,0.0306848,0.0101152,0.0309091,0.0116746,,79,0.0530178,0.0203706,0.0531327,0.024378,,79,0.0710147,0.0328417,0.0708774,0.04008,,79,0.0672792,0.0467981,0.0667925,0.0579329,,79,0.0526711,0.0471201,0.0521571,0.0584293,,79,0.0341237,0.0410673,0.0336773,0.0508009,,79,0.00793148,0.0168917,0.00778927,0.0204889,,79,0.000789822,0.00265859,0.000777942,0.00308588
81,0.0108417,0.00305644,0.0109563,0.00322388,,81,0.0206996,0.00647811,0.0209008,0.00723922,,81,0.028929,0.00960171,0.0291464,0.0110098,,81,0.0502267,0.0194257,0.0503533,0.0231302,,81,0.0684165,0.0317815,0.0683055,0.0386422,,81,0.067066,0.0465989,0.0665925,0.0575616,,81,0.0529875,0.0472981,0.0524785,0.0585513,,81,0.0348286,0.0417951,0.0343779,0.0516328,,81,0.0082949,0.0175847,0.00814671,0.0213189,,81,0.000869294,0.00291045,0.000856031,0.00338125
83,0.0107054,0.00300849,0.0108103,0.0031558,,83,0.0196882,0.00619521,0.019878,0.00687545,,83,0.0273179,0.00912831,0.0275277,0.0103992,,83,0.0475896,0.0185212,0.0477257,0.0219414,,83,0.0658475,0.03072,0.065761,0.037211,,83,0.0667669,0.0463371,0.0663072,0.0571117,,83,0.0532645,0.0474324,0.0527607,0.0586169,,83,0.0354923,0.0424619,0.0350381,0.0523875,,83,0.00866296,0.0182814,0.00850877,0.0221522,,83,0.000955176,0.00317916,0.000940384,0.00369661
85,0.0106046,0.00297342,0.0107005,0.00310309,,85,0.0187811,0.00594228,0.0189597,0.0065502,,85,0.0258432,0.00869339,0.026045,0.00983992,,85,0.0451015,0.0176598,0.0452447,0.0208144,,85,0.0633166,0.0296656,0.0632525,0.0357962,,85,0.0663789,0.0460228,0.0659331,0.0565957,,85,0.0534918,0.0475269,0.0529936,0.0586307,,85,0.0361158,0.0430698,0.0356588,0.053067,,85,0.00903043,0.0189771,0.0088703,0.0229825,,85,0.00104677,0.00346278,0.00103031,0.00402948
87,0.0105361,0.00295013,0.0106237,0.00306436,,87,0.0179728,0.0057173,0.0181404,0.00626057,,87,0.0245019,0.00829575,0.0246949,0.00932987,,87,0.0427562,0.0168425,0.0429043,0.0197492,,87,0.0608288,0.0286233,0.0607844,0.034404,,87,0.0658959,0.0456625,0.0654639,0.0560216,,87,0.0536558,0.047579,0.0531634,0.0585893,,87,0.036698,0.04363,0.0362386,0.0536845,,87,0.00939616,0.01967,0.00923017,0.0238077,,87,0.00114301,0.00375924,0.00112478,0.00437749
89,0.0104968,0.00293796,0.0105766,0.00303865,,89,0.0172567,0.00551899,0.0174136,0.00600459,,89,0.0232861,0.00793406,0.0234701,0.00886675,,89,0.0405489,0.0160691,0.0406999,0.0187449,,89,0.0583935,0.0275968,0.0583666,0.033039,,89,0.065325,0.0452559,0.0649067,0.0553906,,89,0.0537652,0.047587,0.0532788,0.0584918,,89,0.0372314,0.0441394,0.0367703,0.054237,,89,0.00976269,0.0203597,0.00959088,0.0246281,,89,0.00124361,0.00406857,0.00122355,0.00474089
91,0.0104839,0.00293651,0.0105566,0.00302537,,91,0.0166245,0.00534625,0.0167709,0.0057805,,91,0.0221849,0.00760716,0.0223596,0.00844838,,91,0.0384782,0.0153406,0.0386304,0.0178021,,91,0.0560273,0.0265906,0.0560156,0.0317071,,91,0.0646878,0.0448023,0.0642835,0.0547032,,91,0.053846,0.0475564,0.0533657,0.0583465,,91,0.03771,0.044584,0.0372479,0.0547086,,91,0.0101332,0.0210456,0.0099556,0.0254434,,91,0.00134976,0.00439262,0.00132775,0.00512195
93,0.010496,0.00294558,0.0105621,0.00302409,,93,0.016068,0.00519748,0.0162042,0.005586,,93,0.0211893,0.00731352,0.0213545,0.00807227,,93,0.0365462,0.0146582,0.0366981,0.0169216,,93,0.05374,0.0256089,0.0537416,0.0304135,,93,0.0640018,0.0443101,0.0636116,0.0539702,,93,0.0539092,0.0474983,0.053435,0.0581668,,93,0.0381441,0.0449696,0.0376815,0.0551068,,93,0.0105065,0.0217248,0.010323,0.02625,,93,0.00146256,0.00473245,0.00143843,0.00552167
95,0.0105317,0.0029646,0.0105917,0.00303408,,95,0.0155812,0.00507082,0.0157077,0.00541858,,95,0.0202933,0.0070514,0.020449,0.00773589,,95,0.0347508,0.0140207,0.0349011,0.0161015,,95,0.0515308,0.0246541,0.0515438,0.0291609,,95,0.0632646,0.0437889,0.0628884,0.0532029,,95,0.0539345,0.0474146,0.0534664,0.0579544,,95,0.0385469,0.045315,0.0380841,0.0554541,,95,0.0108801,0.0223979,0.0106908,0.0270483,,95,0.00158141,0.00508623,0.00155502,0.00593768
,,,,,,97,0.0151605,0.00496452,0.0152776,0.00527599,,97,0.0194915,0.00681891,0.0196378,0.00743672,,97,0.0330863,0.0134258,0.0332338,0.015338,,97,0.0493996,0.0237292,0.0494224,0.0279525,,97,0.0624645,0.0432375,0.062102,0.0524005,,97,0.0539059,0.0473023,0.0534438,0.0577058,,97,0.0389169,0.0456277,0.0384543,0.0557588,,97,0.0112541,0.0230684,0.0110591,0.0278426,,97,0.00170505,0.00545165,0.00167629,0.00636727
,,,,,,99,0.0148011,0.00487735,0.0149094,0.00515657,,99,0.0187758,0.00661411,0.0189128,0.00717209,,99,0.0315429,0.0128708,0.0316867,0.0146276,,99,0.0473492,0.0228362,0.0473803,0.0267905,,99,0.0616016,0.0426517,0.0612527,0.0515587,,99,0.0538229,0.0471549,0.053367,0.0574138,,99,0.0392404,0.0458943,0.0387785,0.0560056,,99,0.0116272,0.023734,0.0114264,0.0286301,,99,0.00183337,0.00582903,0.00180216,0.00681105
,,,,,,101,0.0144963,0.00480822,0.0145962,0.0050588,,101,0.0181368,0.00643511,0.0182648,0.00693935,,101,0.03011,0.0123542,0.0302496,0.0139678,,101,0.0453846,0.021977,0.0454226,0.0256768,,101,0.0606891,0.0420308,0.060354,0.0506779,,101,0.0537087,0.0469764,0.0532591,0.0570848,,101,0.0395189,0.0461084,0.0390581,0.056188,,101,0.0119994,0.0243922,0.011793,0.0294081,,101,0.00196825,0.00622119,0.00193447,0.00727242
,,,,,,106,0.0139154,0.0046943,0.0139969,0.00488457,,106,0.0168086,0.00607358,0.0169162,0.00646364,,106,0.0269267,0.011204,0.0270548,0.0125049,,106,0.0408455,0.0199657,0.0408974,0.0230864,,106,0.0582358,0.0403516,0.0579354,0.0483409,,106,0.0533411,0.0464346,0.0529081,0.056149,,106,0.0401095,0.0464999,0.0396527,0.0564665,,106,0.0129475,0.0260354,0.0127269,0.0313445,,106,0.00233373,0.00726303,0.00229288,0.00849747
,,,,,,111,0.0135725,0.00466689,0.0136376,0.00481378,,111,0.015855,0.00583966,0.0159434,0.00614488,,111,0.0243024,0.0102706,0.0244159,0.0113228,,111,0.0368707,0.0181895,0.0369288,0.0208181,,111,0.0555336,0.0385172,0.0552661,0.0458489,,111,0.0527341,0.0457093,0.0523195,0.0549986,,111,0.0405381,0.0467138,0.0400865,0.0565239,,111,0.0139027,0.02766,0.0136682,0.0332496,,111,0.00272837,0.00837691,0.00267978,0.00980599
,,,,,,116,0.0133711,0.00469784,0.0134227,0.00481161,,116,0.0151413,0.00569476,0.0152134,0.00593387,,116,0.0221245,0.00950942,0.0222235,0.0103603,,116,0.0333374,0.0166031,0.033398,0.0188099,,116,0.0526824,0.0365633,0.0524473,0.0432457,,116,0.0519265,0.0448258,0.0515321,0.0536696,,116,0.0408525,0.0467644,0.0404075,0.0563844,,116,0.0148731,0.0292768,0.0146247,0.0351356,,116,0.00315554,0.00955187,0.00309856,0.0111861
,,,,,,121,0.0132712,0.00477289,0.0133119,0.00486122,,121,0.0146165,0.00562358,0.0146748,0.00581127,,121,0.0203432,0.00890082,0.0204285,0.00958887,,121,0.0301932,0.0151963,0.0302533,0.0170431,,121,0.0497082,0.0345287,0.0495037,0.0405791,,121,0.0508576,0.043749,0.0504852,0.0521202,,121,0.0410454,0.0466768,0.0406077,0.0560795,,121,0.0158326,0.0308604,0.0155707,0.0369696,,121,0.00360151,0.0107768,0.00353577,0.0126235
,,,,,,126,0.0132538,0.00488442,0.0132856,0.00495317,,126,0.0142381,0.00561326,0.0142848,0.00576086,,126,0.0188704,0.00842122,0.0189431,0.00897681,,126,0.0274094,0.0139674,0.027467,0.0155084,,126,0.0466547,0.0324402,0.0464791,0.0378813,,126,0.0495698,0.0424924,0.0492213,0.0503721,,126,0.0411239,0.0464445,0.0406947,0.0556034,,126,0.0168015,0.0323996,0.0165264,0.0387438,,126,0.00407074,0.0120465,0.00399582,0.014111
,,,,,,131,0.0132971,0.00502396,0.0133218,0.00507753,,131,0.0139772,0.00565125,0.0140143,0.00576734,,131,0.0176533,0.00805244,0.0177143,0.00850064,,131,0.0249681,0.0129065,0.0250218,0.0141884,,131,0.0435671,0.0303485,0.0434173,0.0352099,,131,0.0479905,0.0410431,0.0476667,0.0484136,,131,0.0411109,0.0461315,0.0406906,0.0550305,,131,0.0177474,0.0338736,0.0174598,0.0404307,,131,0.00455084,0.0133305,0.0044666,0.0156136
,,,,,,136,0.0133866,0.00518602,0.0134057,0.00522774,,136,0.0138127,0.00572897,0.0138421,0.00582015,,136,0.016653,0.00777737,0.0167039,0.00813831,,136,0.0228535,0.0120045,0.0229024,0.0130677,,136,0.040522,0.0282992,0.0403957,0.0326175,,136,0.0461524,0.039404,0.0458547,0.0462523,,136,0.0409816,0.0457061,0.0405716,0.0543248,,136,0.0186533,0.035242,0.0183551,0.0419855,,136,0.00504436,0.0146248,0.00495076,0.0171273
,,,,,,,,,,,,141,0.0137218,0.00583741,0.0137449,0.00590892,,141,0.0158368,0.00758293,0.015879,0.00787325,,141,0.0210326,0.0112446,0.0210764,0.0121237,,141,0.0375583,0.0263266,0.037453,0.0301412,,141,0.0441004,0.037623,0.0438296,0.0439428,,141,0.040699,0.045147,0.0403011,0.0534647,,141,0.0194886,0.0364916,0.0191814,0.0433917,,141,0.00554033,0.015906,0.00543757,0.0186222
,,,,,,,,,,,,146,0.0136825,0.00596962,0.0137004,0.00602581,,146,0.0151759,0.00745805,0.0152107,0.00769086,,146,0.0194653,0.0106127,0.0195044,0.0113376,,146,0.0347138,0.0244519,0.0346271,0.0278045,,146,0.0419265,0.0357535,0.0416822,0.041547,,146,0.0402876,0.0444595,0.039903,0.0524555,,146,0.0202353,0.0375947,0.019921,0.0446147,,146,0.00603602,0.017165,0.00592441,0.0200887
,,,,,,,,,,,,151,0.0136875,0.00612034,0.0137014,0.00616462,,151,0.0146539,0.00739173,0.014682,0.00757768,,151,0.0181212,0.0100984,0.0181559,0.0106944,,151,0.031974,0.0226782,0.0319035,0.0256079,,151,0.0396495,0.0338271,0.0394312,0.0391039,,151,0.039669,0.0435944,0.0393001,0.0512423,,151,0.0208636,0.0385173,0.0205444,0.0456154,,151,0.0065225,0.0183918,0.00640225,0.0215152
,,,,,,,,,,,,156,0.0137297,0.00628525,0.0137405,0.00632026,,156,0.0142492,0.00737451,0.0142718,0.00752311,,156,0.0169781,0.00968558,0.0170081,0.0101738,,156,0.0294007,0.0210223,0.0293445,0.0235683,,156,0.0373188,0.0318782,0.0371257,0.0366562,,156,0.0388994,0.0425705,0.0385484,0.0498506,,156,0.021403,0.0392621,0.0210802,0.046401,,156,0.00700383,0.0195845,0.00687508,0.0229005
,,,,,,,,,,,,,,,,,,161,0.0139429,0.00739793,0.0139612,0.00751688,,161,0.0160173,0.00936256,0.0160428,0.00976136,,161,0.0270091,0.019495,0.0269655,0.0216967,,161,0.0349504,0.029933,0.0347812,0.0342329,,161,0.0379232,0.041372,0.037592,0.0482604,,161,0.0218007,0.0397828,0.021477,0.046921,,161,0.00748372,0.0207453,0.00734665,0.0242429
,,,,,,,,,,,,,,,,,,166,0.0137143,0.00745273,0.0137292,0.00754774,,166,0.0152153,0.00911726,0.015237,0.00944224,,166,0.0248035,0.0180944,0.0247704,0.0199895,,166,0.0326288,0.0280279,0.0324819,0.0318768,,166,0.0367693,0.0400257,0.0364592,0.0465076,,166,0.022144,0.0401689,0.0218204,0.0472808,,166,0.00795433,0.0218694,0.00780943,0.0255371
,,,,,,,,,,,,,,,,,,171,0.0135504,0.00753121,0.0135625,0.007607,,171,0.0145543,0.00893865,0.0145726,0.00920277,,171,0.0227993,0.0168367,0.0227745,0.018461,,171,0.0303685,0.0261966,0.0302422,0.0296253,,171,0.0354624,0.0385476,0.0351745,0.0446138,,171,0.0223857,0.0403841,0.0220637,0.0474387,,171,0.00843354,0.0229832,0.00828087,0.0268137
,,,,,,,,,,,,,,,,,,176,0.0134353,0.00762762,0.0134452,0.00768812,,176,0.0140193,0.00881739,0.0140347,0.00903139,,176,0.0209951,0.0157243,0.0209768,0.0171117,,176,0.0281951,0.0244519,0.0280874,0.0274913,,176,0.0340412,0.0369606,0.0337758,0.0426062,,176,0.0225587,0.0404844,0.0222395,0.0474601,,176,0.00890801,0.0240655,0.00874806,0.0280486
,,,,,,,,,,,,,,,,,,181,0.0133566,0.00773766,0.0133647,0.00778604,,181,0.0135861,0.00874255,0.0135991,0.00891549,,181,0.0193767,0.0147445,0.0193634,0.0159263,,181,0.0261227,0.0228034,0.0260315,0.0254845,,181,0.0325221,0.0352984,0.032279,0.0405248,,181,0.0226794,0.0404823,0.0223634,0.0473613,,181,0.0093765,0.025124,0.00920966,0.029249
,,,,,,,,,,,,,,,,,,186,0.0133051,0.00785629,0.0133114,0.00789512,,186,0.0132349,0.00870434,0.0132459,0.00884417,,186,0.0179421,0.013889,0.0179334,0.0148933,,186,0.0241604,0.0212586,0.0240845,0.0236141,,186,0.030945,0.0335894,0.0307244,0.0384043,,186,0.0227481,0.0403769,0.0224363,0.0471422,,186,0.00984239,0.0261514,0.00966905,0.0304081
,,,,,,,,,,,,,,,,,,191,0.0132711,0.00797884,0.0132761,0.0080102,,191,0.0129506,0.00869616,0.0129599,0.00880945,,191,0.0166864,0.0131522,0.0166814,0.0140036,,191,0.0223198,0.0198244,0.0222573,0.021886,,191,0.0293193,0.0318514,0.0291209,0.036265,,191,0.0227754,0.0401937,0.0224684,0.0468313,,191,0.0102855,0.0271215,0.0101062,0.0314976
,,,,,,,,,,,,,,,,,,,,,,,,196,0.0127208,0.00871204,0.0127285,0.00880396,,196,0.0155968,0.0125215,0.0155946,0.0132412,,196,0.0206347,0.0185188,0.0205838,0.0203173,,196,0.0276833,0.0301158,0.027506,0.0341439,,196,0.0227628,0.0399588,0.0224613,0.0464598,,196,0.0107204,0.0280448,0.0105355,0.0325299
,,,,,,,,,,,,,,,,,,,,,,,,201,0.0125364,0.00874503,0.0125428,0.00881945,,201,0.0146469,0.0119833,0.0146468,0.0125907,,201,0.0190972,0.0173406,0.0190558,0.018905,,201,0.0260456,0.0284122,0.0258881,0.0320744,,201,0.0226922,0.0396507,0.0223971,0.0460054,,201,0.0111271,0.0288975,0.0109372,0.0334783
,,,,,,,,,,,,,,,,,,,,,,,,206,0.0123853,0.00878886,0.0123907,0.00884901,,206,0.0138245,0.011529,0.0138251,0.0120406,,206,0.0177049,0.0162837,0.0176714,0.0176416,,206,0.0244464,0.026756,0.0243073,0.0300737,,206,0.0225946,0.0392827,0.0223065,0.0454836,,206,0.0115034,0.0296697,0.0113094,0.0343304
,,,,,,,,,,,,,,,,,,,,,,,,211,0.0122596,0.00884093,0.0122643,0.00888976,,211,0.01312,0.0111529,0.0131208,0.0115832,,211,0.0164559,0.0153453,0.0164293,0.016522,,211,0.0228919,0.0251577,0.0227701,0.0281527,,211,0.0224664,0.0388722,0.0221857,0.0449132,,211,0.0118437,0.0303542,0.0116465,0.0350777
,,,,,,,,,,,,,,,,,,,,,,,,216,0.0121544,0.00889886,0.0121583,0.00893873,,216,0.0125162,0.0108432,0.0125178,0.0112049,,216,0.0153489,0.0145191,0.0153283,0.0155368,,216,0.0214041,0.023635,0.0212987,0.0263308,,216,0.0222872,0.0383907,0.0220146,0.0442635,,216,0.0121555,0.0309522,0.0119554,0.0357224
,,,,,,,,,,,,,,,,,,,,,,,,221,0.012062,0.00895897,0.0120652,0.00899151,,221,0.0119982,0.0105875,0.0120007,0.010891,,221,0.0143669,0.0137945,0.0143511,0.0146739,,221,0.0199828,0.0221987,0.0198923,0.024619,,221,0.0220473,0.037834,0.0217835,0.0435302,,221,0.0124036,0.0314208,0.012202,0.0362167
,,,,,,,,,,,,,,,,,,,,,,,,226,0.0119776,0.00901919,0.0119802,0.00904587,,226,0.0115553,0.0103774,0.0115582,0.0106323,,226,0.0134935,0.0131582,0.0134819,0.0139185,,226,0.018631,0.0208502,0.0185537,0.0230181,,226,0.0217699,0.0372114,0.0215156,0.0427249,,226,0.0126076,0.031788,0.0124054,0.036596
,,,,,,,,,,,,,,,,,,,,,,,,231,0.0118999,0.00907798,0.011902,0.00910026,,231,0.0111747,0.0102069,0.0111774,0.0104209,,231,0.0127173,0.0126008,0.0127088,0.013258,,231,0.0173634,0.0195895,0.0172976,0.0215266,,231,0.0214305,0.0364955,0.0211862,0.0418181,,231,0.0127818,0.0320667,0.0125794,0.0368741
,,,,,,,,,,,,,,,,,,,,,,,,,,,,,,236,0.0108454,0.0100685,0.0108479,0.0102478,,236,0.0120303,0.0121148,0.0120239,0.0126811,,236,0.0162026,0.018429,0.0161469,0.0201558,,236,0.0210337,0.0356908,0.0208001,0.040814,,236,0.0129067,0.03223,0.0127051,0.0370226
,,,,,,,,,,,,,,,,,,,,,,,,,,,,,,241,0.0105623,0.00995744,0.0105645,0.0101076,,241,0.0114253,0.0116954,0.0114208,0.012182,,241,0.0151351,0.0173677,0.0150882,0.0189037,,241,0.0205815,0.0348195,0.0203593,0.0397376,,241,0.0129954,0.0323073,0.0127953,0.0370731
,,,,,,,,,,,,,,,,,,,,,,,,,,,,,,246,0.0103195,0.00986945,0.0103216,0.00999505,,246,0.0108989,0.0113369,0.0108962,0.0117553,,246,0.0141596,0.0164057,0.0141204,0.0177716,,246,0.0200793,0.0338919,0.0198693,0.0386023,,246,0.0130716,0.0323209,0.012873,0.0370506
,,,,,,,,,,,,,,,,,,,,,,,,,,,,,,251,0.0101088,0.00979907,0.0101108,0.009904,,251,0.0104431,0.0110301,0.0104416,0.0113902,,251,0.0132698,0.0155377,0.0132374,0.0167522,,251,0.0195261,0.0329034,0.0193287,0.0374041,,251,0.0131144,0.0322623,0.0129181,0.0369474
,,,,,,,,,,,,,,,,,,,,,,,,,,,,,,256,0.00992426,0.00974296,0.00992594,0.00983075,,256,0.0100486,0.0107676,0.0100477,0.0110765,,256,0.0124612,0.014754,0.0124346,0.0158327,,256,0.0189423,0.0318585,0.0187574,0.0361482,,256,0.0131402,0.0321667,0.0129467,0.0368021
,,,,,,,,,,,,,,,,,,,,,,,,,,,,,,261,0.00976172,0.00969794,0.00976317,0.00977152,,261,0.00970241,0.0105433,0.0097022,0.0108072,,261,0.0117263,0.0140444,0.0117047,0.0150008,,261,0.0183303,0.0307731,0.0181578,0.034851,,261,0.0131489,0.0320332,0.0129587,0.0366126
,,,,,,,,,,,,,,,,,,,,,,,,,,,,,,266,0.00961766,0.00966098,0.009619,0.00972246,,266,0.00939468,0.0103509,0.00939501,0.0105763,,266,0.0110589,0.0134039,0.0110414,0.01425,,266,0.0176879,0.0296574,0.0175278,0.0335252,,266,0.0131413,0.031857,0.0129543,0.0363748
,,,,,,,,,,,,,,,,,,,,,,,,,,,,,,271,0.00948805,0.00962958,0.00948928,0.00968057,,271,0.00912454,0.0101868,0.0091251,0.0103793,,271,0.0104588,0.0128318,0.0104449,0.0135796,,271,0.0170131,0.0285153,0.0168655,0.0321767,,271,0.0131112,0.0316356,0.0129278,0.0360878
,,,,,,,,,,,,,,,,,,,,,,,,,,,,,,276,0.00936986,0.0096025,0.00937097,0.00964475,,276,0.00888913,0.0100466,0.00888966,0.0102107,,276,0.00992113,0.0123245,0.0099102,0.012985,,276,0.0163365,0.0273656,0.0162013,0.0308254,,276,0.0130623,0.0313765,0.0128829,0.0357609
,,,,,,,,,,,,,,,,,,,,,,,,,,,,,,281,0.00926078,0.00957918,0.00926183,0.00961437,,281,0.0086808,0.00992532,0.00868126,0.010065,,281,0.00943853,0.0118757,0.00942982,0.0124584,,281,0.015654,0.0262151,0.0155305,0.0294773,,281,0.0130009,0.0310845,0.0128256,0.0353986
,,,,,,,,,,,,,,,,,,,,,,,,,,,,,,286,0.00915869,0.00955822,0.00915969,0.00958768,,286,0.00849511,0.00982019,0.00849567,0.00993883,,286,0.0090067,0.0114756,0.00899993,0.0119883,,286,0.0149659,0.0250727,0.0148535,0.0281424,,286,0.0129333,0.0307712,0.0127619,0.0350134
,,,,,,,,,,,,,,,,,,,,,,,,,,,,,,291,0.00906164,0.00953783,0.00906253,0.00956246,,291,0.00832938,0.00972881,0.00833,0.00982936,,291,0.00862083,0.0111198,0.00861572,0.0115695,,291,0.0142813,0.0239454,0.0141795,0.0268291,,291,0.0128462,0.0304201,0.0126794,0.0345876
,,,,,,,,,,,,,,,,,,,,,,,,,,,,,,296,0.00896776,0.00951701,0.00896854,0.00953752,,296,0.00818159,0.00964906,0.00818214,0.00973403,,296,0.0082793,0.0108069,0.00827528,0.0112011,,296,0.0136092,0.0228384,0.0135179,0.0255428,,296,0.0127407,0.0300317,0.0125791,0.0341216
,,,,,,,,,,,,,,,,,,,,,,,,,,,,,,,,,,,,301,0.00804934,0.00957913,0.00804987,0.00965065,,301,0.00797702,0.010534,0.00797374,0.0108792,,301,0.012947,0.0217619,0.0128655,0.0242938,,301,0.0126183,0.0296208,0.0124621,0.0336307
,,,,,,,,,,,,,,,,,,,,,,,,,,,,,,,,,,,,306,0.00792664,0.00951044,0.00792719,0.00957045,,306,0.00770613,0.0102915,0.00770369,0.0105929,,306,0.0123004,0.0207247,0.012228,0.0230915,,306,0.0124784,0.0291755,0.0123277,0.0331028
,,,,,,,,,,,,,,,,,,,,,,,,,,,,,,,,,,,,311,0.00780453,0.00942754,0.00780513,0.00947771,,311,0.00745634,0.0100583,0.00745478,0.0103198,,311,0.0116688,0.0197096,0.0116047,0.0219181,,311,0.0123151,0.0286856,0.0121702,0.0325271
,,,,,,,,,,,,,,,,,,,,,,,,,,,,,,,,,,,,316,0.00768734,0.00934826,0.00768786,0.00938993,,316,0.00723092,0.00984997,0.00722988,0.0100751,,316,0.01106,0.0187285,0.0110035,0.0207846,,316,0.012135,0.02816,0.0119962,0.0319136
,,,,,,,,,,,,,,,,,,,,,,,,,,,,,,,,,,,,321,0.00757621,0.00927128,0.00757663,0.00930577,,321,0.00702857,0.00966263,0.00702773,0.00985568,,321,0.0104771,0.0177938,0.0104276,0.0197025,,321,0.0119376,0.0276029,0.0118052,0.0312677
,,,,,,,,,,,,,,,,,,,,,,,,,,,,,,,,,,,,326,0.00747161,0.00919767,0.00747199,0.00922621,,326,0.00684636,0.00949417,0.00684566,0.00965925,,326,0.00992624,0.0169143,0.00988282,0.0186818,,326,0.0117196,0.0270096,0.0115937,0.0305841
,,,,,,,,,,,,,,,,,,,,,,,,,,,,,,,,,,,,331,0.00737215,0.00912695,0.00737251,0.00915053,,331,0.00668045,0.00934081,0.00667993,0.00948137,,331,0.0094029,0.016089,0.00936492,0.0177224,,331,0.0114804,0.0263842,0.0113611,0.0298653
,,,,,,,,,,,,,,,,,,,,,,,,,,,,,,,,,,,,336,0.00727736,0.00905903,0.00727779,0.00907845,,336,0.00652961,0.00920118,0.00652918,0.00932042,,336,0.00890813,0.0153118,0.00887514,0.016817,,336,0.0112326,0.0257373,0.0111201,0.0291228
,,,,,,,,,,,,,,,,,,,,,,,,,,,,,,,,,,,,341,0.00718628,0.00899244,0.00718677,0.0090084,,341,0.00639295,0.00907427,0.00639254,0.0091752,,341,0.00844017,0.0145802,0.00841175,0.0159618,,341,0.0109732,0.0250663,0.0108677,0.0283539
,,,,,,,,,,,,,,,,,,,,,,,,,,,,,,,,,,,,,,,,,,346,0.00626897,0.00895894,0.00626865,0.00904403,,346,0.00800133,0.0138968,0.00797704,0.0151601,,346,0.0106946,0.0243691,0.010596,0.0275555
,,,,,,,,,,,,,,,,,,,,,,,,,,,,,,,,,,,,,,,,,,351,0.00615588,0.00885294,0.00615562,0.00892443,,351,0.00759315,0.0132592,0.00757239,0.01441,,351,0.0103926,0.0236366,0.0103008,0.026718
,,,,,,,,,,,,,,,,,,,,,,,,,,,,,,,,,,,,,,,,,,356,0.00605239,0.00875425,0.00605211,0.00881412,,356,0.00721437,0.0126657,0.00719637,0.0137097,,356,0.0100767,0.0228772,0.00999159,0.0258495
,,,,,,,,,,,,,,,,,,,,,,,,,,,,,,,,,,,,,,,,,,361,0.00595655,0.00866163,0.0059563,0.00871134,,361,0.00685876,0.0121143,0.00684298,0.0130577,,361,0.00975708,0.0221119,0.00967836,0.0249721
,,,,,,,,,,,,,,,,,,,,,,,,,,,,,,,,,,,,,,,,,,366,0.00586704,0.00857452,0.00586692,0.00861551,,366,0.00652889,0.0116049,0.00651503,0.0124536,,366,0.00944154,0.0213482,0.00936887,0.0240943
,,,,,,,,,,,,,,,,,,,,,,,,,,,,,,,,,,,,,,,,,,371,0.00578269,0.00849179,0.00578265,0.00852543,,371,0.00622534,0.0111348,0.00621326,0.0118945,,371,0.00912669,0.0205902,0.00905972,0.0232198
,,,,,,,,,,,,,,,,,,,,,,,,,,,,,,,,,,,,,,,,,,376,0.00570257,0.00841236,0.00570254,0.00843993,,376,0.00594567,0.0106997,0.00593516,0.0113765,,376,0.00880885,0.019839,0.00874733,0.0223495
,,,,,,,,,,,,,,,,,,,,,,,,,,,,,,,,,,,,,,,,,,381,0.00562619,0.00833549,0.00562619,0.00835813,,381,0.00568725,0.0102983,0.00567807,0.0108986,,381,0.00848648,0.0190953,0.00843011,0.0214845
,,,,,,,,,,,,,,,,,,,,,,,,,,,,,,,,,,,,,,,,,,386,0.00555383,0.00826106,0.00555385,0.00827968,,386,0.00544896,0.00993197,0.00544084,0.0104628,,386,0.00816529,0.0183678,0.00811379,0.0206347
,,,,,,,,,,,,,,,,,,,,,,,,,,,,,,,,,,,,,,,,,,391,0.00548475,0.0081885,0.00548472,0.00820375,,391,0.00522974,0.00959924,0.00522251,0.0100672,,391,0.00784581,0.0176499,0.00779891,0.0197928
,,,,,,,,,,,,,,,,,,,,,,,,,,,,,,,,,,,,,,,,,,,,,,,,396,0.00502803,0.00929507,0.00502156,0.00970624,,396,0.00753112,0.0169401,0.00748838,0.0189571
,,,,,,,,,,,,,,,,,,,,,,,,,,,,,,,,,,,,,,,,,,,,,,,,401,0.00484197,0.00901532,0.00483612,0.00937524,,401,0.00722137,0.0162414,0.00718229,0.0181322
,,,,,,,,,,,,,,,,,,,,,,,,,,,,,,,,,,,,,,,,,,,,,,,,406,0.00467118,0.00875816,0.00466585,0.00907204,,406,0.0069172,0.0155595,0.00688147,0.0173251
,,,,,,,,,,,,,,,,,,,,,,,,,,,,,,,,,,,,,,,,,,,,,,,,411,0.00451523,0.00852207,0.00451039,0.00879479,,411,0.00661798,0.0148978,0.00658546,0.01654
,,,,,,,,,,,,,,,,,,,,,,,,,,,,,,,,,,,,,,,,,,,,,,,,416,0.00437336,0.00830553,0.00436907,0.00854175,,416,0.00632859,0.0142603,0.00629903,0.0157819
,,,,,,,,,,,,,,,,,,,,,,,,,,,,,,,,,,,,,,,,,,,,,,,,421,0.00424301,0.00810799,0.00423927,0.00831182,,421,0.00604989,0.0136513,0.00602295,0.0150562
,,,,,,,,,,,,,,,,,,,,,,,,,,,,,,,,,,,,,,,,,,,,,,,,426,0.004123,0.00792749,0.0041197,0.00810271,,426,0.00578424,0.0130727,0.0057595,0.014365
,,,,,,,,,,,,,,,,,,,,,,,,,,,,,,,,,,,,,,,,,,,,,,,,431,0.00401377,0.00776058,0.00401083,0.00791096,,431,0.00552995,0.0125207,0.00550722,0.0137051
,,,,,,,,,,,,,,,,,,,,,,,,,,,,,,,,,,,,,,,,,,,,,,,,436,0.00391393,0.0076062,0.0039113,0.00773515,,436,0.00528506,0.011994,0.00526424,0.0130758
,,,,,,,,,,,,,,,,,,,,,,,,,,,,,,,,,,,,,,,,,,,,,,,,441,0.00382152,0.00746393,0.00381912,0.00757428,,441,0.00504965,0.0114922,0.00503057,0.0124775
,,,,,,,,,,,,,,,,,,,,,,,,,,,,,,,,,,,,,,,,,,,,,,,,446,0.0037366,0.00733268,0.00373437,0.00742687,,446,0.00482768,0.0110143,0.00481021,0.0119086
,,,,,,,,,,,,,,,,,,,,,,,,,,,,,,,,,,,,,,,,,,,,,,,,451,0.00365875,0.00721147,0.00365667,0.00729161,,451,0.00461815,0.0105594,0.00460213,0.0113676
,,,,,,,,,,,,,,,,,,,,,,,,,,,,,,,,,,,,,,,,,,,,,,,,456,0.00358764,0.00709938,0.00358571,0.00716732,,456,0.00442026,0.0101326,0.00440552,0.010861
,,,,,,,,,,,,,,,,,,,,,,,,,,,,,,,,,,,,,,,,,,,,,,,,461,0.00352222,0.00699507,0.00352049,0.00705238,,461,0.00423416,0.009735,0.00422057,0.0103905
,,,,,,,,,,,,,,,,,,,,,,,,,,,,,,,,,,,,,,,,,,,,,,,,466,0.00346123,0.00689801,0.0034597,0.00694625,,466,0.00405891,0.00936162,0.0040464,0.00995021
,,,,,,,,,,,,,,,,,,,,,,,,,,,,,,,,,,,,,,,,,,,,,,,,471,0.00340419,0.00680707,0.00340281,0.00684777,,471,0.00389318,0.00900894,0.00388172,0.00953582
,,,,,,,,,,,,,,,,,,,,,,,,,,,,,,,,,,,,,,,,,,,,,,,,476,0.00335091,0.00672105,0.00334969,0.0067553,,476,0.00373805,0.00867733,0.00372752,0.00914741
,,,,,,,,,,,,,,,,,,,,,,,,,,,,,,,,,,,,,,,,,,,,,,,,481,0.00330125,0.00663907,0.00330019,0.0066677,,481,0.00359289,0.00836896,0.00358319,0.00878723
,,,,,,,,,,,,,,,,,,,,,,,,,,,,,,,,,,,,,,,,,,,,,,,,486,0.00325485,0.00656122,0.00325395,0.00658511,,486,0.00345742,0.0080837,0.00344847,0.0084551
,,,,,,,,,,,,,,,,,,,,,,,,,,,,,,,,,,,,,,,,,,,,,,,,491,0.00321095,0.00648721,0.00321019,0.00650721,,491,0.00333118,0.00781788,0.00332295,0.00814665
,,,,,,,,,,,,,,,,,,,,,,,,,,,,,,,,,,,,,,,,,,,,,,,,496,0.00316903,0.00641632,0.0031684,0.00643307,,496,0.00321358,0.00756956,0.00320609,0.00785978
,,,,,,,,,,,,,,,,,,,,,,,,,,,,,,,,,,,,,,,,,,,,,,,,501,0.003129,0.00634823,0.00312845,0.00636218,,501,0.00310371,0.00733837,0.00309687,0.00759416
,,,,,,,,,,,,,,,,,,,,,,,,,,,,,,,,,,,,,,,,,,,,,,,,506,0.00309082,0.00628284,0.00309033,0.00629443,,506,0.00300145,0.00712486,0.00299517,0.00735023
,,,,,,,,,,,,,,,,,,,,,,,,,,,,,,,,,,,,,,,,,,,,,,,,,,,,,,511,0.00290629,0.00692712,0.00290057,0.00712523
,,,,,,,,,,,,,,,,,,,,,,,,,,,,,,,,,,,,,,,,,,,,,,,,,,,,,,516,0.00281819,0.00674214,0.00281295,0.00691533
,,,,,,,,,,,,,,,,,,,,,,,,,,,,,,,,,,,,,,,,,,,,,,,,,,,,,,521,0.0027365,0.00657004,0.00273165,0.0067209
,,,,,,,,,,,,,,,,,,,,,,,,,,,,,,,,,,,,,,,,,,,,,,,,,,,,,,526,0.00266005,0.00641048,0.00265555,0.00654182
,,,,,,,,,,,,,,,,,,,,,,,,,,,,,,,,,,,,,,,,,,,,,,,,,,,,,,531,0.00258873,0.00626163,0.00258454,0.00637591
,,,,,,,,,,,,,,,,,,,,,,,,,,,,,,,,,,,,,,,,,,,,,,,,,,,,,,536,0.00252236,0.00612275,0.00251857,0.00622212
,,,,,,,,,,,,,,,,,,,,,,,,,,,,,,,,,,,,,,,,,,,,,,,,,,,,,,541,0.0024604,0.00599361,0.00245707,0.00607978
,,,,,,,,,,,,,,,,,,,,,,,,,,,,,,,,,,,,,,,,,,,,,,,,,,,,,,546,0.00240267,0.00587296,0.0023997,0.0059473
,,,,,,,,,,,,,,,,,,,,,,,,,,,,,,,,,,,,,,,,,,,,,,,,,,,,,,551,0.00234897,0.00575991,0.00234627,0.00582382
,,,,,,,,,,,,,,,,,,,,,,,,,,,,,,,,,,,,,,,,,,,,,,,,,,,,,,556,0.00229905,0.00565439,0.00229658,0.00570926
,,,,,,,,,,,,,,,,,,,,,,,,,,,,,,,,,,,,,,,,,,,,,,,,,,,,,,561,0.00225262,0.00555577,0.00225034,0.00560282
,,,,,,,,,,,,,,,,,,,,,,,,,,,,,,,,,,,,,,,,,,,,,,,,,,,,,,566,0.00220963,0.00546326,0.00220752,0.00550344
,,,,,,,,,,,,,,,,,,,,,,,,,,,,,,,,,,,,,,,,,,,,,,,,,,,,,,571,0.00216963,0.00537659,0.00216769,0.00541077
,,,,,,,,,,,,,,,,,,,,,,,,,,,,,,,,,,,,,,,,,,,,,,,,,,,,,,576,0.00213234,0.00529539,0.0021306,0.00532435
,,,,,,,,,,,,,,,,,,,,,,,,,,,,,,,,,,,,,,,,,,,,,,,,,,,,,,581,0.00209766,0.00521882,0.00209611,0.00524319
,,,,,,,,,,,,,,,,,,,,,,,,,,,,,,,,,,,,,,,,,,,,,,,,,,,,,,586,0.00206525,0.00514693,0.00206383,0.00516738
,,,,,,,,,,,,,,,,,,,,,,,,,,,,,,,,,,,,,,,,,,,,,,,,,,,,,,591,0.00203479,0.00507936,0.00203349,0.00509656
,,,,,,,,,,,,,,,,,,,,,,,,,,,,,,,,,,,,,,,,,,,,,,,,,,,,,,596,0.00200625,0.00501531,0.00200508,0.0050298
,,,,,,,,,,,,,,,,,,,,,,,,,,,,,,,,,,,,,,,,,,,,,,,,,,,,,,601,0.00197947,0.00495432,0.00197843,0.00496647
,,,,,,,,,,,,,,,,,,,,,,,,,,,,,,,,,,,,,,,,,,,,,,,,,,,,,,606,0.00195423,0.00489646,0.00195333,0.00490654
,,,,,,,,,,,,,,,,,,,,,,,,,,,,,,,,,,,,,,,,,,,,,,,,,,,,,,611,0.0019303,0.00484147,0.00192953,0.00484979
