E0 (GeV),qvcenter,nu,RT,RTerr
0.07,0.148,0.007590163,2.132,0.9636
0.07,0.148,0.007650151,3.862,0.8548
0.07,0.148,0.007709139,2.598,1.178
0.07,0.148,0.007769126,3.367,0.9636
0.07,0.148,0.007828114,5.527,1.178
0.07,0.148,0.007882103,7.15,1.82
0.07,0.148,0.007947089,5.565,1.606
0.07,0.148,0.008007076,4.514,1.285
0.07,0.148,0.008071062,9.888,2.141
0.07,0.148,0.008131049,3.376,1.713
0.07,0.148,0.008190036,5.001,1.071
0.07,0.148,0.008244024,3.733,1.071
0.07,0.148,0.008304011,5.037,1.178
0.07,0.148,0.008378994,3.991,1.285
0.07,0.148,0.008427983,6.148,1.606
0.07,0.148,0.008492968,7.239,1.606
0.07,0.148,0.008551955,15.72,2.57
0.07,0.148,0.00861694,23.87,2.891
0.07,0.148,0.008670927,24.96,3.963
0.07,0.148,0.008735912,27.45,4.069
0.07,0.148,0.008795898,14.19,3.531
0.07,0.148,0.008849885,11.96,3.212
0.07,0.148,0.00891487,6.947,2.784
0.07,0.148,0.008973856,8.679,2.463
0.07,0.148,0.009027843,5.912,1.713
0.07,0.148,0.009097826,1.652,0.8565
0.07,0.148,0.00916281,7.562,2.248
0.07,0.148,0.009216796,8.543,7.816
0.07,0.148,0.009270783,17.98,3.747
0.07,0.148,0.009341765,13.08,7.279
0.08,0.167,0.007839426,7.3722,2.3247
0.08,0.167,0.007939405,7.7237,1.9692
0.08,0.167,0.008036384,6.0787,2.6255
0.08,0.167,0.008133363,9.0011,0.8752
0.08,0.167,0.008235341,6.6175,0.9846
0.08,0.167,0.008336318,5.7382,0.8752
0.08,0.167,0.008439295,4.8862,0.8479
0.08,0.167,0.008540272,7.152,1.2034
0.08,0.167,0.008640249,12.1802,0.9025
0.08,0.167,0.008744225,16.1963,1.1213
0.08,0.167,0.008844201,16.411,1.0119
0.08,0.167,0.008944177,12.8788,0.9299
0.08,0.167,0.009044153,11.2338,1.1487
0.08,0.167,0.009144129,2.6146,0.9025
0.08,0.167,0.009241105,3.8961,0.7111
0.08,0.167,0.009349078,4.1104,0.7384
0.08,0.167,0.009445054,5.1184,0.7932
0.08,0.167,0.009545028,4.6767,0.9025
0.08,0.167,0.009647002,5.1648,0.7658
0.08,0.167,0.009748976,5.5435,0.7931
0.08,0.167,0.00984795,6.1958,0.7932
0.08,0.167,0.009950922,5.9455,0.9299
0.08,0.167,0.010048896,5.9961,0.7931
0.08,0.167,0.010149868,8.0706,1.094
0.08,0.167,0.010250841,8.6134,1.094
0.08,0.167,0.010350813,9.1289,1.3401
0.08,0.167,0.010452785,8.0035,1.3675
0.08,0.167,0.010552757,11.336,3.4734
0.08,0.167,0.010652728,4.3032,3.6376
0.1,0.205,0.007617168,5.522,1.14
0.1,0.205,0.007714148,3.661,1.08
0.1,0.205,0.007822125,1.14,0.9003
0.1,0.205,0.007914106,3.661,0.9003
0.1,0.205,0.008017084,4.862,0.7803
0.1,0.205,0.008120061,14.77,2.041
0.1,0.205,0.00821704,13.5,1.501
0.1,0.205,0.008314019,11.22,1.501
0.1,0.205,0.008421994,7.743,1.621
0.1,0.205,0.008524971,3.061,0.9003
0.1,0.205,0.008621949,3.061,1.02
0.1,0.205,0.008719926,3.001,1.381
0.1,0.205,0.008821902,3.721,1.02
0.1,0.205,0.00891388,7.143,1.32
0.1,0.205,0.009021854,7.203,0.8403
0.1,0.205,0.00911983,3.181,1.02
0.1,0.205,0.009221805,3.121,0.9604
0.1,0.205,0.009319781,0.7803,0.6002
0.1,0.205,0.009421755,2.581,0.7203
0.1,0.205,0.00951973,3.721,0.9003
0.1,0.205,0.009627702,3.061,0.8403
0.1,0.205,0.009724677,4.262,0.8403
0.1,0.205,0.00982765,1.381,1.08
0.1,0.205,0.009919626,6.602,1.08
0.1,0.205,0.010027597,7.263,1.08
0.1,0.205,0.010124571,8.403,1.14
0.1,0.205,0.010227543,9.483,1.02
0.1,0.205,0.010324516,11.82,1.26
0.1,0.205,0.010432486,10.5,1.02
0.1,0.205,0.010530458,11.28,1.32
0.12,0.24,0.008093073,4.387,1.678
0.12,0.24,0.00815006,7.08,4.551
0.12,0.24,0.008210047,8.476,2.17
0.12,0.24,0.008272034,13.42,1.808
0.12,0.24,0.008328021,16.59,2.402
0.12,0.24,0.008388008,18.02,2.443
0.12,0.24,0.008447994,16.93,2.265
0.12,0.24,0.008506981,17.03,2.122
0.12,0.24,0.008567967,12.79,1.931
0.12,0.24,0.008628953,7.162,1.665
0.12,0.24,0.008688939,5.658,1.692
0.12,0.24,0.008747925,2.653,1.255
0.12,0.24,0.008813909,3.162,1.235
0.12,0.24,0.008873895,3.876,3.302
0.12,0.24,0.008933881,0.8716,2.538
0.12,0.24,0.008997865,6.464,1.856
0.12,0.24,0.009052852,8.884,1.89
0.12,0.24,0.009116836,8.164,1.46
0.12,0.24,0.009177821,10.62,1.829
0.12,0.24,0.009235807,11.4,1.822
0.12,0.24,0.009294793,11.23,2.033
0.12,0.24,0.009354777,8.086,1.979
0.12,0.24,0.009409764,7.333,1.337
0.12,0.24,0.009471748,5.215,1.283
0.12,0.24,0.009531733,3.951,1.112
0.12,0.24,0.009593717,2.344,1.365
0.12,0.24,0.0096567,2.751,1.119
0.12,0.24,0.009714685,3.158,1.16
0.12,0.24,0.009776669,2.746,1.201
0.12,0.24,0.009837653,4.347,1.317
0.12,0.24,0.009897637,4.549,1.112
0.12,0.24,0.00996062,5.092,1.058
0.12,0.24,0.010022604,7.341,1.426
0.12,0.24,0.010081588,9.761,1.501
0.12,0.24,0.010144571,8.837,1.563
0.12,0.24,0.010200556,8.562,1.549
0.12,0.24,0.010263538,9.003,1.556
0.12,0.24,0.010321522,12.82,1.706
0.12,0.24,0.010382505,14.83,1.822
0.12,0.24,0.010441489,10.63,1.801
0.12,0.24,0.010500472,13.39,1.74
0.12,0.24,0.010561455,15.57,2.013
0.12,0.24,0.010619439,14.75,2.299
0.12,0.24,0.010680421,11.44,1.924
0.12,0.24,0.010741404,12.56,1.904
0.12,0.24,0.010801386,11.5,1.692
0.12,0.24,0.010861369,11.13,2.313
0.12,0.24,0.010921351,8.019,1.61
0.12,0.24,0.010981334,7.061,1.706
0.12,0.24,0.011041316,6.615,1.74
0.12,0.24,0.011111295,9.205,2.013
0.14,0.28,0.008321144,2.793,0.6364
0.14,0.28,0.008391128,5.052,0.9143
0.14,0.28,0.008461113,3.215,1.193
0.14,0.28,0.008521099,7.461,1.511
0.14,0.28,0.008601081,11.35,1.432
0.14,0.28,0.008661067,18.54,2.068
0.14,0.28,0.00873105,17.34,2.426
0.14,0.28,0.008811032,13.23,2.227
0.14,0.28,0.008881015,9.885,1.909
0.14,0.28,0.008941001,6.576,1.869
0.14,0.28,0.009010984,5.096,1.591
0.14,0.28,0.009090964,3.894,1.074
0.14,0.28,0.009160947,5.237,3.659
0.14,0.28,0.00923093,3.082,4.374
0.14,0.28,0.009300912,4.227,2.744
0.14,0.28,0.009370895,13.52,2.505
0.14,0.28,0.00943088,22.5,2.267
0.14,0.28,0.009500862,28.74,2.863
0.14,0.28,0.009580842,28.41,3.181
0.14,0.28,0.009640826,18.7,3.38
0.14,0.28,0.009710808,15.67,2.704
0.14,0.28,0.00978079,8.98,2.227
0.14,0.28,0.009860769,4.915,1.511
0.14,0.28,0.00993075,1.685,1.074
0.14,0.28,0.010000731,3.148,1.193
0.14,0.28,0.010070712,4.452,1.312
0.14,0.28,0.010140693,4.126,1.312
0.14,0.28,0.010210674,2.367,1.312
0.14,0.28,0.010280655,8.125,1.273
0.14,0.28,0.010350636,12.13,2.028
0.14,0.28,0.010420616,11.97,1.71
0.14,0.28,0.010490597,12.08,2.067
0.14,0.28,0.010570574,16.24,2.505
0.14,0.28,0.010630557,13.17,2.386
0.14,0.28,0.010700537,5.609,1.988
0.14,0.28,0.010770517,2.539,1.551
0.14,0.28,0.010840496,10.56,1.948
0.14,0.28,0.010910476,8.208,1.909
0.14,0.28,0.010980455,7.405,1.591
0.14,0.28,0.011050435,8.191,1.909
0.14,0.28,0.011120414,8.302,2.108
0.14,0.28,0.011190393,4.953,2.267
0.14,0.28,0.011260372,5.144,1.75
0.14,0.28,0.011330351,8.038,2.187
0.14,0.28,0.011400329,13.52,2.108
0.14,0.28,0.011480305,10.21,2.346
0.14,0.28,0.011550283,3.837,1.631
0.14,0.28,0.011610264,4.665,1.471
0.14,0.28,0.011680243,6.525,1.909
0.14,0.28,0.011750221,5.085,2.505
0.16,0.32,0.008643134,4.872,1.116
0.16,0.32,0.008733113,3.219,1.248
0.16,0.32,0.00883309,4.817,1.116
0.16,0.32,0.008913071,9.601,1.444
0.16,0.32,0.009003049,15.11,2.134
0.16,0.32,0.009093027,12.37,1.773
0.16,0.32,0.009183005,7.369,1.576
0.16,0.32,0.009272983,5.322,1.346
0.16,0.32,0.00936296,3.67,1.248
0.16,0.32,0.009452937,4.152,1.313
0.16,0.32,0.009542915,4.535,1.247
0.16,0.32,0.009632891,7.873,1.806
0.16,0.32,0.009722868,25.5,2.167
0.16,0.32,0.009812844,34.81,2.299
0.16,0.32,0.009902821,36.83,2.758
0.16,0.32,0.009992797,25.4,2.364
0.16,0.32,0.010082772,19.25,2.693
0.16,0.32,0.010172748,0.8476,1.478
0.16,0.32,0.010352698,4.274,1.28
0.16,0.32,0.010442673,3.935,1.314
0.16,0.32,0.010532648,5.008,1.314
0.16,0.32,0.010622622,10.68,1.937
0.16,0.32,0.010712597,11.91,2.167
0.16,0.32,0.010802571,16.89,2.167
0.16,0.32,0.010892544,19.38,2.167
0.16,0.32,0.010982518,22.42,2.463
0.16,0.32,0.011082488,17.29,2.397
0.16,0.32,0.011172462,7.099,1.609
0.16,0.32,0.011262434,5.873,1.707
0.16,0.32,0.01134241,6.979,2.101
0.16,0.32,0.01144238,10.51,3.119
0.18,0.36,0.008928072,3.224,1.667
0.18,0.36,0.00901805,2.011,0.9289
0.18,0.36,0.009108028,1.563,0.8742
0.18,0.36,0.009198006,2.208,0.601
0.18,0.36,0.009287984,3.81,1.011
0.18,0.36,0.009377961,4.591,1.011
0.18,0.36,0.009457941,5.51,1.311
0.18,0.36,0.009557916,4.297,1.175
0.18,0.36,0.009637895,3.767,0.7651
0.18,0.36,0.009737869,3.019,0.601
0.18,0.36,0.009827846,2.68,0.7377
0.18,0.36,0.009917822,4.581,0.9837
0.18,0.36,0.010007798,10.39,1.393
0.18,0.36,0.010097773,17.67,1.803
0.18,0.36,0.010177752,26.57,1.858
0.18,0.36,0.010267727,31.53,2.022
0.18,0.36,0.010357702,32.37,2.104
0.18,0.36,0.010457674,23.37,2.049
0.18,0.36,0.010537652,13.41,1.858
0.18,0.36,0.010637623,6.545,1.339
0.18,0.36,0.010727597,4.868,1.257
0.18,0.36,0.010817571,4.529,1.202
0.18,0.36,0.010907545,5.037,2.213
0.18,0.36,0.010997519,6.693,2.486
0.18,0.36,0.011087492,10.29,1.476
0.18,0.36,0.011177465,14.51,1.557
0.18,0.36,0.011267438,18.3,1.557
0.18,0.36,0.011357411,16.51,1.694
0.18,0.36,0.011447383,13.47,1.831
0.18,0.36,0.011537355,10.62,1.366
0.18,0.36,0.011627327,9.023,0.874
0.18,0.36,0.011717299,8.63,0.8197
0.18,0.36,0.011807271,7.034,1.421
0.18,0.36,0.011897242,10.96,1.093
0.18,0.36,0.011987213,6.986,1.011
0.18,0.36,0.012077184,6.619,0.9835
0.18,0.36,0.012167155,6.444,1.202
0.18,0.36,0.012267122,5.313,1.557
0.18,0.36,0.012347096,6.696,2.768
0.2,0.398,0.009214532,2.871,2.008
0.2,0.398,0.009314507,3.043,1.177
0.2,0.398,0.009524454,2.373,0.8306
0.2,0.398,0.009614431,2.384,0.8538
0.2,0.398,0.009714405,1.703,0.8999
0.2,0.398,0.009814379,2.73,1.177
0.2,0.398,0.009914352,2.417,0.9463
0.2,0.398,0.010014325,1.898,0.8079
0.2,0.398,0.010114298,2.278,0.7616
0.2,0.398,0.010214271,2.358,0.6232
0.2,0.398,0.010324241,6.799,1.385
0.2,0.398,0.010414216,14.59,1.846
0.2,0.398,0.010514188,22.65,2.169
0.2,0.398,0.010614159,22.57,2.377
0.2,0.398,0.010714131,16.65,2.008
0.2,0.398,0.010814102,11.49,1.708
0.2,0.398,0.010914073,6.474,1.592
0.2,0.398,0.011014043,2.239,1.246
0.2,0.398,0.011114014,3.011,1.408
0.2,0.398,0.011223981,4.383,1.431
0.2,0.398,0.01132395,4.832,1.131
0.2,0.398,0.011413923,3.252,1.015
0.2,0.398,0.011523889,1.854,1.062
0.2,0.398,0.011623858,10.91,1.523
0.2,0.398,0.011723827,12.91,1.823
0.2,0.398,0.011823795,9.849,1.731
0.2,0.398,0.011923763,9.284,1.477
0.2,0.398,0.012013734,12.23,1.777
0.2,0.398,0.012123699,9.906,2.077
0.2,0.398,0.012223666,10.77,1.685
0.2,0.398,0.012323633,8.035,1.684
0.2,0.398,0.0124236,5.531,1.846
0.2,0.398,0.012523567,6.118,1.708
0.2,0.398,0.012623533,4.121,1.431
0.2,0.398,0.012723499,5.355,1.431
0.2,0.398,0.012823465,6.867,1.385
0.2,0.398,0.01292343,5.562,1.5
0.2,0.398,0.013023395,4.489,2.469
