Z,A,E0,ThetaDeg,nu,cross,error,dataSet,x,statistical_error,systematic_error
79,197,2.015,35.51,0.5504,2629,33.16,Arrington:1995hs,,,
79,197,2.015,35.51,0.5601,2808,28.69,Arrington:1995hs,,,
79,197,2.015,35.51,0.5712,3106,29.39,Arrington:1995hs,,,
79,197,2.015,35.51,0.5823,3408,30.69,Arrington:1995hs,,,
79,197,2.015,35.51,0.5934,3487,30.61,Arrington:1995hs,,,
79,197,2.015,35.51,0.6045,3753,31.71,Arrington:1995hs,,,
79,197,2.015,35.51,0.6155,3809,31.76,Arrington:1995hs,,,
79,197,2.015,35.51,0.6266,3804,30.95,Arrington:1995hs,,,
79,197,2.015,35.51,0.6377,4016,31.97,Arrington:1995hs,,,
79,197,2.015,35.51,0.6488,4200,32.42,Arrington:1995hs,,,
79,197,2.015,35.51,0.6599,4366,33.14,Arrington:1995hs,,,
79,197,2.015,35.51,0.671,4643,35.06,Arrington:1995hs,,,
79,197,2.015,35.51,0.6821,4857,37.76,Arrington:1995hs,,,
79,197,2.015,35.51,0.6931,5071,40.96,Arrington:1995hs,,,
79,197,2.02,15.022,0.06,305800,6913,Day:1993md,,,
79,197,2.02,15.022,0.075,406400,7806,Day:1993md,,,
79,197,2.02,15.022,0.09,514500,8891,Day:1993md,,,
79,197,2.02,15.022,0.105,632700,20910,Day:1993md,,,
79,197,2.02,15.022,0.12,734400,22210,Day:1993md,,,
79,197,2.02,15.022,0.135,757200,17190,Day:1993md,,,
79,197,2.02,15.022,0.15,795400,17390,Day:1993md,,,
79,197,2.02,15.022,0.165,812900,25750,Day:1993md,,,
79,197,2.02,15.022,0.18,811900,24820,Day:1993md,,,
79,197,2.02,15.022,0.195,762200,23200,Day:1993md,,,
79,197,2.02,15.022,0.21,738400,14500,Day:1993md,,,
79,197,2.02,15.022,0.225,695800,13920,Day:1993md,,,
79,197,2.02,15.022,0.24,633600,15870,Day:1993md,,,
79,197,2.02,15.022,0.255,595900,15180,Day:1993md,,,
79,197,2.02,15.022,0.27,573400,14730,Day:1993md,,,
79,197,2.02,15.022,0.285,523700,11650,Day:1993md,,,
79,197,2.02,15.022,0.3,517300,19150,Day:1993md,,,
79,197,2.02,15.022,0.315,468400,17920,Day:1993md,,,
79,197,2.02,15.022,0.33,482500,18090,Day:1993md,,,
79,197,2.02,15.022,0.345,498500,19040,Day:1993md,,,
79,197,2.02,15.022,0.36,497900,19600,Day:1993md,,,
79,197,2.02,20.016,0.06,5100,264.7,Day:1993md,,,
79,197,2.02,20.016,0.075,9508,353.9,Day:1993md,,,
79,197,2.02,20.016,0.09,16270,457.2,Day:1993md,,,
79,197,2.02,20.016,0.105,26040,556.9,Day:1993md,,,
79,197,2.02,20.016,0.12,39370,2254,Day:1993md,,,
79,197,2.02,20.016,0.135,55480,2597,Day:1993md,,,
79,197,2.02,20.016,0.15,69800,2221,Day:1993md,,,
79,197,2.02,20.016,0.165,87780,2418,Day:1993md,,,
79,197,2.02,20.016,0.18,102600,2271,Day:1993md,,,
79,197,2.02,20.016,0.195,115900,2401,Day:1993md,,,
79,197,2.02,20.016,0.21,130800,3304,Day:1993md,,,
79,197,2.02,20.016,0.225,139700,2873,Day:1993md,,,
79,197,2.02,20.016,0.24,146400,3594,Day:1993md,,,
79,197,2.02,20.016,0.255,149600,3046,Day:1993md,,,
79,197,2.02,20.016,0.27,148600,3715,Day:1993md,,,
79,197,2.02,20.016,0.285,142800,3587,Day:1993md,,,
79,197,2.02,20.016,0.3,144600,3630,Day:1993md,,,
79,197,2.02,20.016,0.315,146400,5103,Day:1993md,,,
79,197,2.02,20.016,0.33,142700,3417,Day:1993md,,,
79,197,2.02,20.016,0.345,141100,4458,Day:1993md,,,
79,197,2.02,20.016,0.36,131700,4170,Day:1993md,,,
79,197,2.02,20.016,0.375,140500,4188,Day:1993md,,,
79,197,2.02,20.016,0.39,129000,2831,Day:1993md,,,
79,197,2.02,20.016,0.405,125100,2794,Day:1993md,,,
79,197,2.02,20.016,0.42,127500,3831,Day:1993md,,,
79,197,2.02,20.016,0.435,125800,3828,Day:1993md,,,
79,197,2.02,20.016,0.45,126600,3951,Day:1993md,,,
79,197,3.188,47.68,1.6358,16.6,0.5314,Arrington:1995hs,,,
79,197,3.188,47.68,1.6461,19.57,0.4913,Arrington:1995hs,,,
79,197,3.188,47.68,1.6578,21.24,0.5018,Arrington:1995hs,,,
79,197,3.188,47.68,1.6696,23.92,0.5296,Arrington:1995hs,,,
79,197,3.188,47.68,1.6813,27.55,0.5674,Arrington:1995hs,,,
79,197,3.188,47.68,1.6931,28.72,0.5749,Arrington:1995hs,,,
79,197,3.188,47.68,1.7048,30.94,0.5974,Arrington:1995hs,,,
79,197,3.188,47.68,1.7166,34.9,0.6334,Arrington:1995hs,,,
79,197,3.188,47.68,1.7283,39.11,0.6707,Arrington:1995hs,,,
79,197,3.188,47.68,1.7401,41.99,0.6946,Arrington:1995hs,,,
79,197,3.188,47.68,1.7518,44.91,0.7159,Arrington:1995hs,,,
79,197,3.188,47.68,1.7636,51.78,0.7829,Arrington:1995hs,,,
79,197,3.188,47.68,1.7753,55.58,0.8435,Arrington:1995hs,,,
79,197,3.188,47.68,1.7871,60.87,0.9134,Arrington:1995hs,,,
79,197,3.595,16.02,0.21,1508,65.41,Day:1993md,,,
79,197,3.595,16.02,0.225,1946,73.03,Day:1993md,,,
79,197,3.595,16.02,0.24,2558,84.29,Day:1993md,,,
79,197,3.595,16.02,0.255,3513,101.4,Day:1993md,,,
79,197,3.595,16.02,0.27,4550,120.5,Day:1993md,,,
79,197,3.595,16.02,0.285,6005,130.6,Day:1993md,,,
79,197,3.595,16.02,0.3,7680,144.4,Day:1993md,,,
79,197,3.595,16.02,0.315,9481,158.5,Day:1993md,,,
79,197,3.595,16.02,0.33,12180,528.6,Day:1993md,,,
79,197,3.595,16.02,0.345,15180,589.2,Day:1993md,,,
79,197,3.595,16.02,0.36,17880,633.3,Day:1993md,,,
79,197,3.595,16.02,0.375,19920,659.1,Day:1993md,,,
79,197,3.595,16.02,0.39,22140,699.3,Day:1993md,,,
79,197,3.595,16.02,0.405,24610,520.6,Day:1993md,,,
79,197,3.595,16.02,0.42,27850,545.9,Day:1993md,,,
79,197,3.595,16.02,0.435,29490,552.5,Day:1993md,,,
79,197,3.595,16.02,0.45,31290,728.1,Day:1993md,,,
79,197,3.595,16.02,0.465,33360,727.9,Day:1993md,,,
79,197,3.595,16.02,0.48,34310,719.2,Day:1993md,,,
79,197,3.595,16.02,0.495,35440,718.2,Day:1993md,,,
79,197,3.595,16.02,0.51,36180,720.5,Day:1993md,,,
79,197,3.595,16.02,0.525,36530,675.9,Day:1993md,,,
79,197,3.595,16.02,0.54,34880,658,Day:1993md,,,
79,197,3.595,16.02,0.555,35990,680.4,Day:1993md,,,
79,197,3.595,16.02,0.57,36560,1583,Day:1993md,,,
79,197,3.595,16.02,0.585,37360,1593,Day:1993md,,,
79,197,3.595,16.02,0.6,38020,1543,Day:1993md,,,
79,197,3.595,16.02,0.615,37730,1505,Day:1993md,,,
79,197,3.595,16.02,0.63,38040,1536,Day:1993md,,,
79,197,3.595,16.02,0.645,36560,1127,Day:1993md,,,
79,197,3.595,16.02,0.66,38850,1151,Day:1993md,,,
79,197,3.595,16.02,0.675,39920,1137,Day:1993md,,,
79,197,3.595,16.02,0.69,43390,1579,Day:1993md,,,
79,197,3.595,16.02,0.705,40950,1572,Day:1993md,,,
79,197,3.595,16.02,0.72,43080,1587,Day:1993md,,,
79,197,3.595,16.02,0.735,41420,1507,Day:1993md,,,
79,197,3.595,16.02,0.75,38950,1508,Day:1993md,,,
79,197,3.595,16.02,0.765,42870,1145,Day:1993md,,,
79,197,3.595,16.02,0.78,40100,1082,Day:1993md,,,
79,197,3.595,16.02,0.795,41990,1119,Day:1993md,,,
79,197,3.595,16.02,0.81,43800,1549,Day:1993md,,,
79,197,3.595,16.02,0.825,42890,1506,Day:1993md,,,
79,197,3.595,16.02,0.84,42160,1487,Day:1993md,,,
79,197,3.595,16.02,0.855,42180,1494,Day:1993md,,,
79,197,3.595,16.02,0.87,39760,1134,Day:1993md,,,
79,197,3.595,16.02,0.885,43120,1186,Day:1993md,,,
79,197,3.595,16.02,0.9,42050,1162,Day:1993md,,,
79,197,3.595,16.02,0.915,43910,1790,Day:1993md,,,
79,197,3.595,16.02,0.93,41440,1699,Day:1993md,,,
79,197,3.595,16.02,0.945,43860,1797,Day:1993md,,,
79,197,3.595,16.02,0.96,41450,1760,Day:1993md,,,
79,197,3.595,16.02,0.975,43350,1237,Day:1993md,,,
79,197,3.595,16.02,0.99,45040,1243,Day:1993md,,,
79,197,3.595,16.02,1.005,41390,1577,Day:1993md,,,
79,197,3.595,16.02,1.02,44980,1667,Day:1993md,,,
79,197,3.595,16.02,1.035,44480,1634,Day:1993md,,,
79,197,3.595,16.02,1.05,43890,1578,Day:1993md,,,
79,197,3.595,16.02,1.065,44910,1645,Day:1993md,,,
79,197,3.595,16.02,1.08,41950,1191,Day:1993md,,,
79,197,3.595,16.02,1.095,44120,1217,Day:1993md,,,
79,197,3.595,16.02,1.11,45310,1767,Day:1993md,,,
79,197,3.595,16.02,1.125,42650,1714,Day:1993md,,,
79,197,3.595,16.02,1.14,43040,1760,Day:1993md,,,
79,197,3.595,16.02,1.155,42480,1775,Day:1993md,,,
79,197,3.595,16.02,1.17,47440,1329,Day:1993md,,,
79,197,3.595,16.02,1.185,45560,1240,Day:1993md,,,
79,197,3.595,16.02,1.2,46040,1627,Day:1993md,,,
79,197,3.595,16.02,1.215,43500,1549,Day:1993md,,,
79,197,3.595,16.02,1.23,45440,1563,Day:1993md,,,
79,197,3.595,16.02,1.245,48850,1615,Day:1993md,,,
79,197,3.595,16.02,1.26,46330,1571,Day:1993md,,,
79,197,3.595,16.02,1.275,46450,1238,Day:1993md,,,
79,197,3.595,16.02,1.29,46120,1257,Day:1993md,,,
79,197,3.595,16.02,1.305,42750,1838,Day:1993md,,,
79,197,3.595,16.02,1.32,45820,1830,Day:1993md,,,
79,197,3.595,16.02,1.335,43760,1780,Day:1993md,,,
79,197,3.595,16.02,1.35,41880,1777,Day:1993md,,,
79,197,3.595,16.02,1.365,44260,1353,Day:1993md,,,
79,197,3.595,16.02,1.38,43330,1318,Day:1993md,,,
79,197,3.595,16.02,1.395,45010,1898,Day:1993md,,,
79,197,3.595,16.02,1.41,46510,1898,Day:1993md,,,
79,197,3.595,16.02,1.425,41440,1770,Day:1993md,,,
79,197,3.595,16.02,1.44,41400,1286,Day:1993md,,,
79,197,3.595,16.02,1.455,42500,1270,Day:1993md,,,
79,197,3.595,16.02,1.47,45840,1796,Day:1993md,,,
79,197,3.595,16.02,1.485,42460,1715,Day:1993md,,,
79,197,3.595,16.02,1.5,43950,1732,Day:1993md,,,
79,197,3.595,16.02,1.515,41790,1697,Day:1993md,,,
79,197,3.595,16.02,1.53,40220,1692,Day:1993md,,,
79,197,3.595,16.02,1.545,40560,1731,Day:1993md,,,
79,197,3.595,20.016,0.165,1.868,0.652,Day:1993md,,,
79,197,3.595,20.016,0.18,2.75,0.663,Day:1993md,,,
79,197,3.595,20.016,0.195,5.812,0.9507,Day:1993md,,,
79,197,3.595,20.016,0.21,8.07,1.094,Day:1993md,,,
79,197,3.595,20.016,0.225,14.66,1.456,Day:1993md,,,
79,197,3.595,20.016,0.24,21.19,1.794,Day:1993md,,,
79,197,3.595,20.016,0.255,31.87,2.305,Day:1993md,,,
79,197,3.595,20.016,0.27,38.43,1.999,Day:1993md,,,
79,197,3.595,20.016,0.285,53.55,2.3,Day:1993md,,,
79,197,3.595,20.016,0.3,69.1,2.555,Day:1993md,,,
79,197,3.595,20.016,0.315,99.66,4.888,Day:1993md,,,
79,197,3.595,20.016,0.33,123.5,5.378,Day:1993md,,,
79,197,3.595,20.016,0.345,163.8,6.135,Day:1993md,,,
79,197,3.595,20.016,0.36,204.3,6.817,Day:1993md,,,
79,197,3.595,20.016,0.375,250.7,7.55,Day:1993md,,,
79,197,3.595,20.016,0.39,317,8.668,Day:1993md,,,
79,197,3.595,20.016,0.405,408.7,9.451,Day:1993md,,,
79,197,3.595,20.016,0.42,496.3,10.55,Day:1993md,,,
79,197,3.595,20.016,0.435,612.9,11.91,Day:1993md,,,
79,197,3.595,20.016,0.45,850,35.73,Day:1993md,,,
79,197,3.595,20.016,0.465,1052,38.6,Day:1993md,,,
79,197,3.595,20.016,0.48,1239,41.06,Day:1993md,,,
79,197,3.595,20.016,0.495,1487,44.77,Day:1993md,,,
79,197,3.595,20.016,0.51,1715,47.82,Day:1993md,,,
79,197,3.595,20.016,0.525,2051,46.93,Day:1993md,,,
79,197,3.595,20.016,0.54,2384,50.6,Day:1993md,,,
79,197,3.595,20.016,0.555,2785,55.81,Day:1993md,,,
79,197,3.595,20.016,0.57,3103,116.4,Day:1993md,,,
79,197,3.595,20.016,0.585,3639,125,Day:1993md,,,
79,197,3.595,20.016,0.6,3870,122.2,Day:1993md,,,
79,197,3.595,20.016,0.615,4277,125.8,Day:1993md,,,
79,197,3.595,20.016,0.63,4876,137.5,Day:1993md,,,
79,197,3.595,20.016,0.645,5007,123.5,Day:1993md,,,
79,197,3.595,20.016,0.66,5284,126.9,Day:1993md,,,
79,197,3.595,20.016,0.675,5507,125.5,Day:1993md,,,
79,197,3.595,20.016,0.69,6093,245,Day:1993md,,,
79,197,3.595,20.016,0.705,6534,253.2,Day:1993md,,,
79,197,3.595,20.016,0.72,6344,239.9,Day:1993md,,,
79,197,3.595,20.016,0.735,6606,245.4,Day:1993md,,,
79,197,3.595,20.016,0.75,6723,190.4,Day:1993md,,,
79,197,3.595,20.016,0.765,7019,186.9,Day:1993md,,,
79,197,3.595,20.016,0.78,7525,196.3,Day:1993md,,,
79,197,3.595,20.016,0.795,7677,281,Day:1993md,,,
79,197,3.595,20.016,0.81,7272,272.6,Day:1993md,,,
79,197,3.595,20.016,0.825,8401,290.9,Day:1993md,,,
79,197,3.595,20.016,0.84,8130,286.3,Day:1993md,,,
79,197,3.595,20.016,0.855,7945,286.2,Day:1993md,,,
79,197,3.595,20.016,0.87,8092,289.8,Day:1993md,,,
79,197,3.595,20.016,0.885,8187,296.6,Day:1993md,,,
79,197,3.595,25.012,0.375,0.8669,0.4318,Day:1993md,,,
79,197,3.595,25.012,0.405,1.843,0.4368,Day:1993md,,,
79,197,3.595,25.012,0.42,2.546,0.5259,Day:1993md,,,
79,197,3.595,25.012,0.435,3.19,0.5804,Day:1993md,,,
79,197,3.595,25.012,0.45,3.269,0.6124,Day:1993md,,,
79,197,3.595,25.012,0.465,3.797,0.6466,Day:1993md,,,
79,197,3.595,25.012,0.48,5.765,0.712,Day:1993md,,,
79,197,3.595,25.012,0.495,6.072,0.7232,Day:1993md,,,
79,197,3.595,25.012,0.51,8.401,0.8798,Day:1993md,,,
79,197,3.595,25.012,0.525,11.13,1.021,Day:1993md,,,
79,197,3.595,25.012,0.54,15.05,2.868,Day:1993md,,,
79,197,3.595,25.012,0.555,23.75,3.503,Day:1993md,,,
79,197,3.595,25.012,0.57,17.97,3.017,Day:1993md,,,
79,197,3.595,25.012,0.585,27.59,3.918,Day:1993md,,,
79,197,3.595,25.012,0.6,27.59,3.993,Day:1993md,,,
79,197,3.595,25.012,0.615,37.62,3.693,Day:1993md,,,
79,197,3.595,25.012,0.63,43.09,3.832,Day:1993md,,,
79,197,3.595,25.012,0.645,53.02,6.513,Day:1993md,,,
79,197,3.595,25.012,0.66,71.29,7.86,Day:1993md,,,
79,197,3.595,25.012,0.675,68.3,7.497,Day:1993md,,,
79,197,3.595,25.012,0.69,98.66,8.88,Day:1993md,,,
79,197,3.595,25.012,0.705,126.5,10.2,Day:1993md,,,
79,197,3.595,25.012,0.72,167,9.592,Day:1993md,,,
79,197,3.595,25.012,0.735,177.7,9.473,Day:1993md,,,
79,197,3.595,25.012,0.75,217,10.65,Day:1993md,,,
79,197,3.595,25.012,0.765,303.4,19.7,Day:1993md,,,
79,197,3.595,25.012,0.78,311.5,20.04,Day:1993md,,,
79,197,3.595,25.012,0.795,331.8,20.18,Day:1993md,,,
79,197,3.595,25.012,0.81,424.9,23.28,Day:1993md,,,
79,197,3.595,25.012,0.825,497.3,25.47,Day:1993md,,,
79,197,3.595,25.012,0.84,521.3,19.91,Day:1993md,,,
79,197,3.595,25.012,0.855,620.2,21.79,Day:1993md,,,
79,197,3.595,25.012,0.87,679.9,33.97,Day:1993md,,,
79,197,3.595,25.012,0.885,783,36.64,Day:1993md,,,
79,197,3.595,25.012,0.9,839.2,37.77,Day:1993md,,,
79,197,3.595,25.012,0.915,895,38.48,Day:1993md,,,
79,197,3.595,25.012,0.93,938,39.58,Day:1993md,,,
79,197,3.595,25.012,0.945,1034,29.25,Day:1993md,,,
79,197,3.595,25.012,0.96,1010,28.45,Day:1993md,,,
79,197,3.595,25.012,0.975,1102,39.48,Day:1993md,,,
79,197,3.595,25.012,0.99,1240,42.57,Day:1993md,,,
79,197,3.595,25.012,1.005,1182,41.13,Day:1993md,,,
79,197,3.595,25.012,1.02,1256,40.75,Day:1993md,,,
79,197,3.595,25.012,1.035,1299,42.81,Day:1993md,,,
79,197,3.595,25.012,1.05,1380,34.85,Day:1993md,,,
79,197,3.595,25.012,1.065,1387,34.24,Day:1993md,,,
79,197,3.595,25.012,1.08,1538,55.93,Day:1993md,,,
79,197,3.595,25.012,1.095,1555,56.39,Day:1993md,,,
79,197,3.595,25.012,1.11,1566,57.74,Day:1993md,,,
79,197,3.595,25.012,1.125,1670,59.53,Day:1993md,,,
79,197,3.595,25.012,1.14,1753,60.04,Day:1993md,,,
79,197,3.595,25.012,1.155,1857,61.87,Day:1993md,,,
79,197,3.595,30.01,0.975,41.72,5.545,Day:1993md,,,
79,197,3.595,30.01,0.99,48.77,5.676,Day:1993md,,,
79,197,3.595,30.01,1.005,44.81,5.291,Day:1993md,,,
79,197,3.595,30.01,1.02,62.02,6.508,Day:1993md,,,
79,197,3.595,30.01,1.035,63.96,6.526,Day:1993md,,,
79,197,3.595,30.01,1.05,66.88,6.183,Day:1993md,,,
79,197,3.595,30.01,1.065,87.35,7.449,Day:1993md,,,
79,197,3.595,30.01,1.08,97.01,4.935,Day:1993md,,,
79,197,3.595,30.01,1.095,118.5,5.426,Day:1993md,,,
79,197,3.595,30.01,1.11,133.2,7.104,Day:1993md,,,
79,197,3.595,30.01,1.125,138.2,7.174,Day:1993md,,,
79,197,3.595,30.01,1.14,177.2,8.367,Day:1993md,,,
79,197,3.595,30.01,1.155,172.3,8.304,Day:1993md,,,
79,197,3.595,30.01,1.17,194.1,6.614,Day:1993md,,,
79,197,3.595,30.01,1.185,214.2,6.89,Day:1993md,,,
79,197,3.595,30.01,1.2,226.9,10.4,Day:1993md,,,
79,197,3.595,30.01,1.215,255.4,10.78,Day:1993md,,,
79,197,3.595,30.01,1.23,256.8,10.65,Day:1993md,,,
79,197,3.595,30.01,1.245,267.6,10.78,Day:1993md,,,
79,197,3.595,30.01,1.26,295.3,10.1,Day:1993md,,,
79,197,3.595,30.01,1.275,335.6,10.89,Day:1993md,,,
79,197,3.595,30.01,1.29,337.5,23.6,Day:1993md,,,
79,197,3.595,30.01,1.305,384.4,24.9,Day:1993md,,,
79,197,3.595,30.01,1.32,393.7,24.66,Day:1993md,,,
79,197,3.595,30.01,1.335,412.9,24.89,Day:1993md,,,
79,197,3.595,30.01,1.35,414.4,16.86,Day:1993md,,,
79,197,3.595,30.01,1.365,455.7,17.73,Day:1993md,,,
79,197,3.595,30.01,1.38,479.5,22.55,Day:1993md,,,
79,197,3.595,30.01,1.395,480.7,22.64,Day:1993md,,,
79,197,3.595,30.01,1.41,498.2,22.79,Day:1993md,,,
79,197,3.595,30.01,1.425,613.3,25.74,Day:1993md,,,
79,197,3.595,30.01,1.44,576.9,20.28,Day:1993md,,,
79,197,3.595,30.01,1.455,594.9,20.53,Day:1993md,,,
79,197,3.595,30.01,1.47,646.8,35.51,Day:1993md,,,
79,197,3.595,30.01,1.485,653.3,35.03,Day:1993md,,,
79,197,3.595,30.01,1.5,664,35.27,Day:1993md,,,
79,197,3.595,30.01,1.515,710.8,25.45,Day:1993md,,,
79,197,3.595,30.01,1.53,774,26.55,Day:1993md,,,
79,197,3.595,30.01,1.545,798.8,36.69,Day:1993md,,,
79,197,3.595,30.01,1.56,843.9,37.07,Day:1993md,,,
79,197,3.595,30.01,1.575,849.4,36.26,Day:1993md,,,
79,197,3.595,30.01,1.59,909.6,38.74,Day:1993md,,,
79,197,3.595,30.01,1.605,1019,28.7,Day:1993md,,,
79,197,3.595,30.01,1.62,1006,38.34,Day:1993md,,,
79,197,3.595,30.01,1.635,1164,41.41,Day:1993md,,,
79,197,3.595,30.01,1.65,1099,40.46,Day:1993md,,,
79,197,3.595,30.01,1.665,1161,41.46,Day:1993md,,,
79,197,3.595,30.01,1.68,1201,34.72,Day:1993md,,,
79,197,3.595,30.01,1.695,1250,58.78,Day:1993md,,,
79,197,3.595,30.01,1.71,1281,57.2,Day:1993md,,,
79,197,3.595,30.01,1.725,1310,56.42,Day:1993md,,,
79,197,3.595,30.01,1.74,1324,56.92,Day:1993md,,,
79,197,3.595,30.01,1.755,1463,43.23,Day:1993md,,,
79,197,3.595,30.01,1.77,1463,42.82,Day:1993md,,,
79,197,3.595,30.01,1.785,1567,60.24,Day:1993md,,,
79,197,3.595,30.01,1.8,1544,59.28,Day:1993md,,,
79,197,3.595,30.01,1.815,1536,58.44,Day:1993md,,,
79,197,3.595,30.01,1.83,1728,50,Day:1993md,,,
79,197,3.595,30.01,1.845,1742,77.2,Day:1993md,,,
79,197,3.595,30.01,1.86,1809,77.85,Day:1993md,,,
79,197,3.595,30.01,1.875,1688,74.67,Day:1993md,,,
79,197,3.595,30.01,1.89,1845,79.04,Day:1993md,,,
79,197,3.595,30.01,1.905,1837,57.6,Day:1993md,,,
79,197,3.595,30.01,1.92,1992,84.69,Day:1993md,,,
79,197,3.595,30.01,1.935,2018,83.84,Day:1993md,,,
79,197,3.595,30.01,1.95,1979,81.39,Day:1993md,,,
79,197,3.595,30.01,1.965,2142,56.76,Day:1993md,,,
79,197,3.595,30.01,1.98,2030,70.5,Day:1993md,,,
79,197,3.595,30.01,1.995,2125,71.99,Day:1993md,,,
79,197,3.595,30.01,2.01,2145,72.38,Day:1993md,,,
79,197,3.595,30.01,2.025,2203,74.99,Day:1993md,,,
79,197,3.605,16.02,0.06,12.63,1.355,Day:1993md,,,
79,197,3.605,16.02,0.075,26.01,2.005,Day:1993md,,,
79,197,3.605,16.02,0.09,61.33,2.964,Day:1993md,,,
79,197,3.605,16.02,0.105,107.7,3.818,Day:1993md,,,
79,197,3.605,16.02,0.12,169.2,4.903,Day:1993md,,,
79,197,3.605,16.02,0.135,268.6,6.266,Day:1993md,,,
79,197,3.605,16.02,0.15,388.9,7.281,Day:1993md,,,
79,197,3.605,16.02,0.165,537.6,8.555,Day:1993md,,,
79,197,3.605,16.02,0.18,738.1,10.63,Day:1993md,,,
79,197,3.605,16.02,0.195,1010,12.63,Day:1993md,,,
79,197,4.045,15,1.11,42680,682.9,Arrington:1998ps,,,
79,197,4.045,15,1.095,41560,656.6,Arrington:1998ps,,,
79,197,4.045,15,1.08,42910,660.8,Arrington:1998ps,,,
79,197,4.045,15,1.065,40770,631.9,Arrington:1998ps,,,
79,197,4.045,15,1.05,40470,615.1,Arrington:1998ps,,,
79,197,4.045,15,1.035,41310,615.5,Arrington:1998ps,,,
79,197,4.045,15,1.02,42220,616.4,Arrington:1998ps,,,
79,197,4.045,15,1.005,40990,602.6,Arrington:1998ps,,,
79,197,4.045,15,0.99,40740,594.8,Arrington:1998ps,,,
79,197,4.045,15,0.975,40650,589.4,Arrington:1998ps,,,
79,197,4.045,15,0.96,40860,588.4,Arrington:1998ps,,,
79,197,4.045,15,0.945,38210,565.5,Arrington:1998ps,,,
79,197,4.045,15,0.93,39300,573.8,Arrington:1998ps,,,
79,197,4.045,15,0.915,39370,578.7,Arrington:1998ps,,,
79,197,4.045,15,0.9,41390,600.2,Arrington:1998ps,,,
79,197,4.045,15,0.885,39480,588.3,Arrington:1998ps,,,
79,197,4.045,15,0.87,39350,594.2,Arrington:1998ps,,,
79,197,4.045,15,0.855,40980,610.6,Arrington:1998ps,,,
79,197,4.045,15,0.84,40230,607.5,Arrington:1998ps,,,
79,197,4.045,15,0.825,40650,613.8,Arrington:1998ps,,,
79,197,4.045,15,0.81,38820,601.7,Arrington:1998ps,,,
79,197,4.045,15,0.795,39080,609.6,Arrington:1998ps,,,
79,197,4.045,15,0.78,40120,621.9,Arrington:1998ps,,,
79,197,4.045,15,0.765,38220,607.7,Arrington:1998ps,,,
79,197,4.045,15,0.75,39510,624.3,Arrington:1998ps,,,
79,197,4.045,15,0.735,39510,628.2,Arrington:1998ps,,,
79,197,4.045,15,0.72,39480,631.7,Arrington:1998ps,,,
79,197,4.045,15,0.705,38850,625.5,Arrington:1998ps,,,
79,197,4.045,15,0.69,35900,592.3,Arrington:1998ps,,,
79,197,4.045,15,0.675,36010,601.4,Arrington:1998ps,,,
79,197,4.045,15,0.66,34380,577.6,Arrington:1998ps,,,
79,197,4.045,15,0.645,32120,558.9,Arrington:1998ps,,,
79,197,4.045,15,0.63,31980,559.7,Arrington:1998ps,,,
79,197,4.045,15,0.615,32070,170,Arrington:1998ps,,,
79,197,4.045,15,0.6,31700,168,Arrington:1998ps,,,
79,197,4.045,15,0.585,31340,166.1,Arrington:1998ps,,,
79,197,4.045,15,0.57,30690,162.7,Arrington:1998ps,,,
79,197,4.045,15,0.555,30770,163.1,Arrington:1998ps,,,
79,197,4.045,15,0.54,29770,160.8,Arrington:1998ps,,,
79,197,4.045,15,0.525,30320,166.8,Arrington:1998ps,,,
79,197,4.045,15,0.51,29300,164.1,Arrington:1998ps,,,
79,197,4.045,15,0.495,27480,159.4,Arrington:1998ps,,,
79,197,4.045,15,0.48,25960,158.4,Arrington:1998ps,,,
79,197,4.045,15,0.465,24970,159.8,Arrington:1998ps,,,
79,197,4.045,15,0.45,23330,158.6,Arrington:1998ps,,,
79,197,4.045,15,0.435,21230,152.9,Arrington:1998ps,,,
79,197,4.045,15,0.42,19080,145,Arrington:1998ps,,,
79,197,4.045,15,0.405,16690,136.9,Arrington:1998ps,,,
79,197,4.045,15,0.39,14450,128.6,Arrington:1998ps,,,
79,197,4.045,15,0.375,12210,118.4,Arrington:1998ps,,,
79,197,4.045,15,0.36,9549,103.1,Arrington:1998ps,,,
79,197,4.045,15,0.345,7057,85.39,Arrington:1998ps,,,
79,197,4.045,15,0.33,5907,80.93,Arrington:1998ps,,,
79,197,4.045,15,0.315,4947,75.19,Arrington:1998ps,,,
79,197,4.045,15,0.3,3754,65.7,Arrington:1998ps,,,
79,197,4.045,15,0.285,2898,57.67,Arrington:1998ps,,,
79,197,4.045,15,0.27,2228,50.58,Arrington:1998ps,,,
79,197,4.045,15,0.255,1625,43.23,Arrington:1998ps,,,
79,197,4.045,15,0.24,1318,39.28,Arrington:1998ps,,,
79,197,4.045,15,0.225,958.1,33.53,Arrington:1998ps,,,
79,197,4.045,15,0.21,742.3,29.77,Arrington:1998ps,,,
79,197,4.045,15,0.195,501.2,24.76,Arrington:1998ps,,,
79,197,4.045,15,0.18,394.6,22.29,Arrington:1998ps,,,
79,197,4.045,15,0.165,267.2,18.6,Arrington:1998ps,,,
79,197,4.045,15,0.15,193.9,15.98,Arrington:1998ps,,,
79,197,4.045,15,0.135,110.1,12.12,Arrington:1998ps,,,
79,197,4.045,15,0.12,77.33,10.11,Arrington:1998ps,,,
79,197,4.045,15,0.105,35.71,6.688,Arrington:1998ps,,,
79,197,4.045,15,0.09,26.35,5.436,Arrington:1998ps,,,
79,197,4.045,15,0.075,10.33,3.185,Arrington:1998ps,,,
79,197,4.045,15,0.06,0.7436,0.9107,Arrington:1998ps,,,
79,197,4.045,15,0.045,2.191,1.162,Arrington:1998ps,,,
79,197,4.045,15,0.03,0.3793,0.4645,Arrington:1998ps,,,
79,197,4.045,23,1.53,3038,28.56,Arrington:1998ps,,,
79,197,4.045,23,1.515,2962,27.25,Arrington:1998ps,,,
79,197,4.045,23,1.5,2927,26.64,Arrington:1998ps,,,
79,197,4.045,23,1.485,2888,25.99,Arrington:1998ps,,,
79,197,4.045,23,1.47,2753,24.78,Arrington:1998ps,,,
79,197,4.045,23,1.455,2741,24.39,Arrington:1998ps,,,
79,197,4.045,23,1.44,2646,23.81,Arrington:1998ps,,,
79,197,4.045,23,1.425,2603,23.43,Arrington:1998ps,,,
79,197,4.045,23,1.41,2539,23.1,Arrington:1998ps,,,
79,197,4.045,23,1.395,2522,22.95,Arrington:1998ps,,,
79,197,4.045,23,1.38,2418,22.49,Arrington:1998ps,,,
79,197,4.045,23,1.365,2389,22.46,Arrington:1998ps,,,
79,197,4.045,23,1.35,2285,21.94,Arrington:1998ps,,,
79,197,4.045,23,1.335,2218,21.74,Arrington:1998ps,,,
79,197,4.045,23,1.32,2151,21.29,Arrington:1998ps,,,
79,197,4.045,23,1.305,2085,21.06,Arrington:1998ps,,,
79,197,4.045,23,1.29,1942,20.39,Arrington:1998ps,,,
79,197,4.045,23,1.275,1896,20.1,Arrington:1998ps,,,
79,197,4.045,23,1.26,1838,19.85,Arrington:1998ps,,,
79,197,4.045,23,1.245,1795,19.75,Arrington:1998ps,,,
79,197,4.045,23,1.23,1706,19.28,Arrington:1998ps,,,
79,197,4.045,23,1.215,1680,19.32,Arrington:1998ps,,,
79,197,4.045,23,1.2,1645,19.25,Arrington:1998ps,,,
79,197,4.045,23,1.185,1589,19.07,Arrington:1998ps,,,
79,197,4.045,23,1.17,1538,18.92,Arrington:1998ps,,,
79,197,4.045,23,1.155,1467,18.63,Arrington:1998ps,,,
79,197,4.045,23,1.14,1419,18.45,Arrington:1998ps,,,
79,197,4.045,23,1.125,1339,18.08,Arrington:1998ps,,,
79,197,4.045,23,1.11,1279,10.62,Arrington:1998ps,,,
79,197,4.045,23,1.095,1204,10.23,Arrington:1998ps,,,
79,197,4.045,23,1.08,1121,9.753,Arrington:1998ps,,,
79,197,4.045,23,1.065,1104,9.715,Arrington:1998ps,,,
79,197,4.045,23,1.05,1033,9.4,Arrington:1998ps,,,
79,197,4.045,23,1.035,975,9.165,Arrington:1998ps,,,
79,197,4.045,23,1.02,945.1,9.073,Arrington:1998ps,,,
79,197,4.045,23,1.005,886.8,8.957,Arrington:1998ps,,,
79,197,4.045,23,0.99,833.9,8.839,Arrington:1998ps,,,
79,197,4.045,23,0.975,777.3,8.706,Arrington:1998ps,,,
79,197,4.045,23,0.96,701.5,9.33,Arrington:1998ps,,,
79,197,4.045,23,0.945,673.2,9.223,Arrington:1998ps,,,
79,197,4.045,23,0.93,616.1,8.872,Arrington:1998ps,,,
79,197,4.045,23,0.915,554.7,8.542,Arrington:1998ps,,,
79,197,4.045,23,0.9,497.5,8.159,Arrington:1998ps,,,
79,197,4.045,23,0.885,429.8,7.607,Arrington:1998ps,,,
79,197,4.045,23,0.87,405.3,7.498,Arrington:1998ps,,,
79,197,4.045,23,0.855,344.9,6.932,Arrington:1998ps,,,
79,197,4.045,23,0.84,282.1,6.319,Arrington:1998ps,,,
79,197,4.045,23,0.825,249.1,5.953,Arrington:1998ps,,,
79,197,4.045,23,0.81,221.2,5.574,Arrington:1998ps,,,
79,197,4.045,23,0.795,167.7,4.696,Arrington:1998ps,,,
79,197,4.045,23,0.78,143.8,4.472,Arrington:1998ps,,,
79,197,4.045,23,0.765,124.2,1.664,Arrington:1998ps,,,
79,197,4.045,23,0.75,104.9,1.5,Arrington:1998ps,,,
79,197,4.045,23,0.735,88.09,1.348,Arrington:1998ps,,,
79,197,4.045,23,0.72,72.53,1.211,Arrington:1998ps,,,
79,197,4.045,23,0.705,60.39,1.087,Arrington:1998ps,,,
79,197,4.045,23,0.69,50.12,0.9773,Arrington:1998ps,,,
79,197,4.045,23,0.675,40.57,0.8723,Arrington:1998ps,,,
79,197,4.045,23,0.66,35.06,0.8099,Arrington:1998ps,,,
79,197,4.045,23,0.645,29,0.7366,Arrington:1998ps,,,
79,197,4.045,23,0.63,23.4,0.6599,Arrington:1998ps,,,
79,197,4.045,23,0.615,19.74,0.61,Arrington:1998ps,,,
79,197,4.045,23,0.6,16.66,0.5614,Arrington:1998ps,,,
79,197,4.045,23,0.585,12.99,0.4975,Arrington:1998ps,,,
79,197,4.045,23,0.57,10.63,0.4528,Arrington:1998ps,,,
79,197,4.045,23,0.555,9.129,0.4218,Arrington:1998ps,,,
79,197,4.045,23,0.54,6.963,0.3725,Arrington:1998ps,,,
79,197,4.045,23,0.525,5.339,0.3273,Arrington:1998ps,,,
79,197,4.045,23,0.51,4.149,0.2921,Arrington:1998ps,,,
79,197,4.045,23,0.495,3.122,0.2557,Arrington:1998ps,,,
79,197,4.045,23,0.48,2.796,0.2444,Arrington:1998ps,,,
79,197,4.045,23,0.465,2.068,0.2211,Arrington:1998ps,,,
79,197,4.045,23,0.45,1.706,0.2016,Arrington:1998ps,,,
79,197,4.045,23,0.435,1.055,0.1599,Arrington:1998ps,,,
79,197,4.045,23,0.42,0.9389,0.1513,Arrington:1998ps,,,
79,197,4.045,23,0.405,0.7532,0.1364,Arrington:1998ps,,,
79,197,4.045,23,0.39,0.5362,0.1156,Arrington:1998ps,,,
79,197,4.045,23,0.375,0.3174,0.0897,Arrington:1998ps,,,
79,197,4.045,23,0.36,0.1706,0.06676,Arrington:1998ps,,,
79,197,4.045,23,0.345,0.1462,0.06212,Arrington:1998ps,,,
79,197,4.045,23,0.33,0.04854,0.03837,Arrington:1998ps,,,
79,197,4.045,23,0.315,0.09654,0.0512,Arrington:1998ps,,,
79,197,4.045,23,0.3,0.04818,0.03809,Arrington:1998ps,,,
79,197,4.045,23,0.285,0.02392,0.0293,Arrington:1998ps,,,
79,197,4.045,30,2.16,1135,9.647,Arrington:1998ps,,,
79,197,4.045,30,2.145,1107,9.188,Arrington:1998ps,,,
79,197,4.045,30,2.13,1059,8.79,Arrington:1998ps,,,
79,197,4.045,30,2.115,1040,8.528,Arrington:1998ps,,,
79,197,4.045,30,2.1,989.8,8.116,Arrington:1998ps,,,
79,197,4.045,30,2.085,967.7,7.935,Arrington:1998ps,,,
79,197,4.045,30,2.07,919.8,7.726,Arrington:1998ps,,,
79,197,4.045,30,2.055,884.1,7.515,Arrington:1998ps,,,
79,197,4.045,30,2.04,878.1,7.552,Arrington:1998ps,,,
79,197,4.045,30,2.025,853.1,7.422,Arrington:1998ps,,,
79,197,4.045,30,2.01,822.9,7.324,Arrington:1998ps,,,
79,197,4.045,30,1.995,779.4,7.17,Arrington:1998ps,,,
79,197,4.045,30,1.98,754.5,7.017,Arrington:1998ps,,,
79,197,4.045,30,1.965,734.1,6.974,Arrington:1998ps,,,
79,197,4.045,30,1.95,721.6,7,Arrington:1998ps,,,
79,197,4.045,30,1.935,672.8,6.728,Arrington:1998ps,,,
79,197,4.045,30,1.92,655.2,6.683,Arrington:1998ps,,,
79,197,4.045,30,1.905,617.5,6.546,Arrington:1998ps,,,
79,197,4.045,30,1.89,597.7,4.423,Arrington:1998ps,,,
79,197,4.045,30,1.875,568.3,4.262,Arrington:1998ps,,,
79,197,4.045,30,1.86,547.8,4.163,Arrington:1998ps,,,
79,197,4.045,30,1.845,525,4.043,Arrington:1998ps,,,
79,197,4.045,30,1.83,490.3,3.873,Arrington:1998ps,,,
79,197,4.045,30,1.815,478.1,3.873,Arrington:1998ps,,,
79,197,4.045,30,1.8,455.9,3.83,Arrington:1998ps,,,
79,197,4.045,30,1.785,430.6,3.746,Arrington:1998ps,,,
79,197,4.045,30,1.77,406.7,3.742,Arrington:1998ps,,,
79,197,4.045,30,1.755,383.3,3.68,Arrington:1998ps,,,
79,197,4.045,30,1.74,364.6,4.229,Arrington:1998ps,,,
79,197,4.045,30,1.725,351.7,4.185,Arrington:1998ps,,,
79,197,4.045,30,1.71,343.3,4.12,Arrington:1998ps,,,
79,197,4.045,30,1.695,318.4,3.98,Arrington:1998ps,,,
79,197,4.045,30,1.68,302.9,3.907,Arrington:1998ps,,,
79,197,4.045,30,1.665,283.5,3.771,Arrington:1998ps,,,
79,197,4.045,30,1.65,267.6,3.693,Arrington:1998ps,,,
79,197,4.045,30,1.635,245.7,3.538,Arrington:1998ps,,,
79,197,4.045,30,1.62,244.4,3.544,Arrington:1998ps,,,
79,197,4.045,30,1.605,229.3,3.462,Arrington:1998ps,,,
79,197,4.045,30,1.59,214.2,3.363,Arrington:1998ps,,,
79,197,4.045,30,1.575,202.8,3.306,Arrington:1998ps,,,
79,197,4.045,30,1.56,190.3,3.216,Arrington:1998ps,,,
79,197,4.045,30,1.545,173.5,3.088,Arrington:1998ps,,,
79,197,4.045,30,1.53,165.8,1.99,Arrington:1998ps,,,
79,197,4.045,30,1.515,154,1.894,Arrington:1998ps,,,
79,197,4.045,30,1.5,145.6,1.835,Arrington:1998ps,,,
79,197,4.045,30,1.485,133.7,1.765,Arrington:1998ps,,,
79,197,4.045,30,1.47,125.6,1.733,Arrington:1998ps,,,
79,197,4.045,30,1.455,116.5,1.678,Arrington:1998ps,,,
79,197,4.045,30,1.44,109.8,1.658,Arrington:1998ps,,,
79,197,4.045,30,1.425,100.1,1.602,Arrington:1998ps,,,
79,197,4.045,30,1.41,92.81,1.801,Arrington:1998ps,,,
79,197,4.045,30,1.395,83.54,1.713,Arrington:1998ps,,,
79,197,4.045,30,1.38,75.61,1.633,Arrington:1998ps,,,
79,197,4.045,30,1.365,66.4,1.547,Arrington:1998ps,,,
79,197,4.045,30,1.35,61.01,1.495,Arrington:1998ps,,,
79,197,4.045,30,1.335,57.72,1.46,Arrington:1998ps,,,
79,197,4.045,30,1.32,48.2,1.35,Arrington:1998ps,,,
79,197,4.045,30,1.305,45.49,1.319,Arrington:1998ps,,,
79,197,4.045,30,1.29,37.63,1.212,Arrington:1998ps,,,
79,197,4.045,30,1.275,32.76,0.9009,Arrington:1998ps,,,
79,197,4.045,30,1.26,28.31,0.8323,Arrington:1998ps,,,
79,197,4.045,30,1.245,25.5,0.7905,Arrington:1998ps,,,
79,197,4.045,30,1.23,21.01,0.7101,Arrington:1998ps,,,
79,197,4.045,30,1.215,16.07,0.5994,Arrington:1998ps,,,
79,197,4.045,30,1.2,14.36,0.5758,Arrington:1998ps,,,
79,197,4.045,30,1.185,12.82,0.5461,Arrington:1998ps,,,
79,197,4.045,30,1.17,10.55,0.4959,Arrington:1998ps,,,
79,197,4.045,30,1.155,8.356,0.4429,Arrington:1998ps,,,
79,197,4.045,30,1.14,7.91,0.4319,Arrington:1998ps,,,
79,197,4.045,30,1.125,5.695,0.3685,Arrington:1998ps,,,
79,197,4.045,30,1.11,5.756,0.3713,Arrington:1998ps,,,
79,197,4.045,30,1.095,4.025,0.3123,Arrington:1998ps,,,
79,197,4.045,30,1.08,3.025,0.2716,Arrington:1998ps,,,
79,197,4.045,30,1.065,2.716,0.2591,Arrington:1998ps,,,
79,197,4.045,30,1.05,2.167,0.2336,Arrington:1998ps,,,
79,197,4.045,30,1.035,2.258,0.2421,Arrington:1998ps,,,
79,197,4.045,30,1.02,1.651,0.2113,Arrington:1998ps,,,
79,197,4.045,30,1.005,1.42,0.2006,Arrington:1998ps,,,
79,197,4.045,30,0.99,1.377,0.203,Arrington:1998ps,,,
79,197,4.045,30,0.975,1.089,0.1865,Arrington:1998ps,,,
79,197,4.045,30,0.96,1.019,0.2435,Arrington:1998ps,,,
79,197,4.045,30,0.945,0.963,0.237,Arrington:1998ps,,,
79,197,4.045,30,0.93,0.2297,0.1218,Arrington:1998ps,,,
79,197,4.045,30,0.915,0.7504,0.2121,Arrington:1998ps,,,
79,197,4.045,30,0.9,0.583,0.1889,Arrington:1998ps,,,
79,197,4.045,30,0.885,0.4702,0.1713,Arrington:1998ps,,,
79,197,4.045,30,0.87,0.3544,0.1506,Arrington:1998ps,,,
79,197,4.045,30,0.855,0.2408,0.1277,Arrington:1998ps,,,
79,197,4.045,30,0.84,0.3656,0.1554,Arrington:1998ps,,,
79,197,4.045,30,0.825,0.06189,0.0758,Arrington:1998ps,,,
79,197,4.045,30,0.81,0.1257,0.09939,Arrington:1998ps,,,
79,197,4.045,45,1.8,0.08463,0.02221,Arrington:1998ps,,,
79,197,4.045,45,1.815,0.08272,0.02035,Arrington:1998ps,,,
79,197,4.045,45,1.83,0.1324,0.02396,Arrington:1998ps,,,
79,197,4.045,45,1.845,0.1584,0.02488,Arrington:1998ps,,,
79,197,4.045,45,1.86,0.1232,0.02129,Arrington:1998ps,,,
79,197,4.045,45,1.875,0.2161,0.02755,Arrington:1998ps,,,
79,197,4.045,45,1.89,0.2016,0.02637,Arrington:1998ps,,,
79,197,4.045,45,1.905,0.3202,0.03295,Arrington:1998ps,,,
79,197,4.045,45,1.92,0.3499,0.03408,Arrington:1998ps,,,
79,197,4.045,45,1.935,0.4644,0.03892,Arrington:1998ps,,,
79,197,4.045,45,1.95,0.4397,0.03777,Arrington:1998ps,,,
79,197,4.045,45,1.965,0.6484,0.04545,Arrington:1998ps,,,
79,197,4.045,45,1.98,0.6863,0.04633,Arrington:1998ps,,,
79,197,4.045,45,1.995,0.81,0.04973,Arrington:1998ps,,,
79,197,4.045,45,2.01,1.065,0.05826,Arrington:1998ps,,,
79,197,4.045,45,2.025,1.22,0.06259,Arrington:1998ps,,,
79,197,4.045,45,2.04,1.494,0.06887,Arrington:1998ps,,,
79,197,4.045,45,2.055,1.91,0.07755,Arrington:1998ps,,,
79,197,4.045,45,2.07,2,0.0788,Arrington:1998ps,,,
79,197,4.045,45,2.085,2.338,0.08487,Arrington:1998ps,,,
79,197,4.045,45,2.1,2.829,0.09223,Arrington:1998ps,,,
79,197,4.045,45,2.115,3.319,0.0999,Arrington:1998ps,,,
79,197,4.045,45,2.13,3.754,0.09385,Arrington:1998ps,,,
79,197,4.045,45,2.145,4.434,0.1002,Arrington:1998ps,,,
79,197,4.045,45,2.16,4.979,0.1051,Arrington:1998ps,,,
79,197,4.045,45,2.175,5.521,0.1099,Arrington:1998ps,,,
79,197,4.045,45,2.19,6.383,0.12,Arrington:1998ps,,,
79,197,4.045,45,2.205,7.274,0.1302,Arrington:1998ps,,,
79,197,4.045,45,2.22,7.45,0.2205,Arrington:1998ps,,,
79,197,4.045,45,2.235,8.44,0.2321,Arrington:1998ps,,,
79,197,4.045,45,2.25,9.32,0.2423,Arrington:1998ps,,,
79,197,4.045,45,2.265,10.87,0.2609,Arrington:1998ps,,,
79,197,4.045,45,2.28,11.58,0.264,Arrington:1998ps,,,
79,197,4.045,45,2.295,13.27,0.284,Arrington:1998ps,,,
79,197,4.045,45,2.31,14.33,0.2923,Arrington:1998ps,,,
79,197,4.045,45,2.325,15.95,0.3078,Arrington:1998ps,,,
79,197,4.045,45,2.34,17.76,0.325,Arrington:1998ps,,,
79,197,4.045,45,2.355,19.76,0.3399,Arrington:1998ps,,,
79,197,4.045,45,2.37,21.28,0.3532,Arrington:1998ps,,,
79,197,4.045,45,2.385,23.88,0.3701,Arrington:1998ps,,,
79,197,4.045,45,2.4,26.02,0.3877,Arrington:1998ps,,,
79,197,4.045,45,2.415,28.34,0.4053,Arrington:1998ps,,,
79,197,4.045,45,2.43,30.89,0.4325,Arrington:1998ps,,,
79,197,4.045,45,2.445,33.76,0.4625,Arrington:1998ps,,,
79,197,4.045,45,2.46,36.94,0.5061,Arrington:1998ps,,,
79,197,4.045,55,2.385,0.2451,0.05066,Arrington:1998ps,,,
79,197,4.045,55,2.4,0.3594,0.05571,Arrington:1998ps,,,
79,197,4.045,55,2.415,0.5033,0.06014,Arrington:1998ps,,,
79,197,4.045,55,2.43,0.4791,0.05582,Arrington:1998ps,,,
79,197,4.045,55,2.445,0.5987,0.06047,Arrington:1998ps,,,
79,197,4.045,55,2.46,0.6297,0.06177,Arrington:1998ps,,,
79,197,4.045,55,2.475,0.8919,0.07153,Arrington:1998ps,,,
79,197,4.045,55,2.49,1.071,0.07722,Arrington:1998ps,,,
79,197,4.045,55,2.505,1.226,0.08226,Arrington:1998ps,,,
79,197,4.045,55,2.52,1.566,0.09083,Arrington:1998ps,,,
79,197,4.045,55,2.535,1.769,0.0957,Arrington:1998ps,,,
79,197,4.045,55,2.55,1.982,0.1005,Arrington:1998ps,,,
79,197,4.045,55,2.565,2.254,0.1059,Arrington:1998ps,,,
79,197,4.045,55,2.58,2.586,0.1125,Arrington:1998ps,,,
79,197,4.045,55,2.595,3.076,0.1209,Arrington:1998ps,,,
79,197,4.045,55,2.61,3.248,0.1111,Arrington:1998ps,,,
79,197,4.045,55,2.625,4.01,0.1211,Arrington:1998ps,,,
79,197,4.045,55,2.64,4.486,0.1247,Arrington:1998ps,,,
79,197,4.045,55,2.655,5.131,0.1324,Arrington:1998ps,,,
79,197,4.045,55,2.67,5.815,0.143,Arrington:1998ps,,,
79,197,4.045,55,2.685,6.9,0.1615,Arrington:1998ps,,,
79,197,4.045,55,2.7,7.448,0.2838,Arrington:1998ps,,,
79,197,4.045,55,2.715,8.484,0.302,Arrington:1998ps,,,
79,197,4.045,55,2.73,9.254,0.31,Arrington:1998ps,,,
79,197,4.045,55,2.745,10.6,0.3328,Arrington:1998ps,,,
79,197,4.045,55,2.76,11.54,0.3427,Arrington:1998ps,,,
79,197,4.045,55,2.775,13.62,0.3718,Arrington:1998ps,,,
79,197,4.045,55,2.79,14.46,0.3803,Arrington:1998ps,,,
79,197,4.045,55,2.805,16.21,0.402,Arrington:1998ps,,,
79,197,4.045,55,2.82,18.51,0.3758,Arrington:1998ps,,,
79,197,4.045,55,2.835,19.92,0.3825,Arrington:1998ps,,,
79,197,4.045,55,2.85,22.7,0.4086,Arrington:1998ps,,,
79,197,4.045,55,2.865,25.24,0.4417,Arrington:1998ps,,,
79,197,4.045,55,2.88,28.74,0.8018,Arrington:1998ps,,,
79,197,4.045,55,2.895,30.58,0.8134,Arrington:1998ps,,,
79,197,4.045,55,2.91,34.07,0.8552,Arrington:1998ps,,,
79,197,4.045,55,2.925,35.76,0.869,Arrington:1998ps,,,
79,197,4.045,55,2.94,40.95,0.9214,Arrington:1998ps,,,
79,197,4.045,55,2.955,44.97,0.9624,Arrington:1998ps,,,
79,197,4.045,55,2.97,46.24,0.971,Arrington:1998ps,,,
79,197,4.045,55,2.985,52.44,1.028,Arrington:1998ps,,,
79,197,4.045,55,3,52.58,1.041,Arrington:1998ps,,,
79,197,4.045,55,3.015,62.02,1.154,Arrington:1998ps,,,
79,197,4.045,55,3.03,66.75,1.282,Arrington:1998ps,,,
79,197,4.045,74,3.03,0.931,0.07988,Arrington:1998ps,,,
79,197,4.045,74,3.045,0.928,0.07238,Arrington:1998ps,,,
79,197,4.045,74,3.06,1.18,0.07104,Arrington:1998ps,,,
79,197,4.045,74,3.075,1.32,0.06956,Arrington:1998ps,,,
79,197,4.045,74,3.09,1.26,0.06867,Arrington:1998ps,,,
79,197,4.045,74,3.105,1.84,0.07802,Arrington:1998ps,,,
79,197,4.045,74,3.12,2.13,0.08371,Arrington:1998ps,,,
79,197,4.045,74,3.135,2.64,0.09134,Arrington:1998ps,,,
79,197,4.045,74,3.15,3.13,0.09891,Arrington:1998ps,,,
79,197,4.045,74,3.165,3.83,0.1072,Arrington:1998ps,,,
79,197,4.045,74,3.18,4.34,0.1137,Arrington:1998ps,,,
79,197,4.045,74,3.195,4.77,0.1192,Arrington:1998ps,,,
79,197,4.045,74,3.21,5.83,0.1318,Arrington:1998ps,,,
79,197,4.045,74,3.225,7.28,0.1332,Arrington:1998ps,,,
79,197,4.045,74,3.24,7.52,0.1376,Arrington:1998ps,,,
79,197,4.045,74,3.255,8.69,0.2833,Arrington:1998ps,,,
79,197,4.045,74,3.27,9.13,0.2849,Arrington:1998ps,,,
79,197,4.045,74,3.285,11.1,0.3086,Arrington:1998ps,,,
79,197,4.045,74,3.3,13.2,0.3353,Arrington:1998ps,,,
79,197,4.045,74,3.315,14.2,0.355,Arrington:1998ps,,,
79,197,4.045,74,3.33,16.8,0.383,Arrington:1998ps,,,
79,197,4.045,74,3.345,17.9,0.4027,Arrington:1998ps,,,
79,197,4.045,74,3.36,20.2,0.4363,Arrington:1998ps,,,
79,197,4.045,74,3.375,24.7,0.4866,Arrington:1998ps,,,
79,197,4.045,74,3.39,24.2,0.5203,Arrington:1998ps,,,
79,197,4.212,53.39,2.6586,1.637,0.1014,Arrington:1995hs,,,
79,197,4.212,53.39,2.6689,1.839,0.09176,Arrington:1995hs,,,
79,197,4.212,53.39,2.6807,2.206,0.09937,Arrington:1995hs,,,
79,197,4.212,53.39,2.6924,2.699,0.1103,Arrington:1995hs,,,
79,197,4.212,53.39,2.7042,2.946,0.1147,Arrington:1995hs,,,
79,197,4.212,53.39,2.7159,3.484,0.124,Arrington:1995hs,,,
79,197,4.212,53.39,2.7277,3.6,0.1236,Arrington:1995hs,,,
79,197,4.212,53.39,2.7395,3.69,0.1236,Arrington:1995hs,,,
79,197,4.212,53.39,2.7512,3.94,0.1263,Arrington:1995hs,,,
79,197,4.212,53.39,2.763,4.31,0.1313,Arrington:1995hs,,,
79,197,4.212,53.39,2.7747,5.149,0.1457,Arrington:1995hs,,,
79,197,4.212,53.39,2.7865,6.43,0.1677,Arrington:1995hs,,,
79,197,4.212,53.39,2.7982,6.766,0.1764,Arrington:1995hs,,,
79,197,4.212,53.39,2.81,7.508,0.1912,Arrington:1995hs,,,
79,197,5.12,56.64,3.5666,0.4972,0.03053,Arrington:1995hs,,,
79,197,5.12,56.64,3.5769,0.5827,0.02783,Arrington:1995hs,,,
79,197,5.12,56.64,3.5887,0.7186,0.03054,Arrington:1995hs,,,
79,197,5.12,56.64,3.6004,0.8085,0.03208,Arrington:1995hs,,,
79,197,5.12,56.64,3.6122,0.9029,0.03368,Arrington:1995hs,,,
79,197,5.12,56.64,3.6239,0.9728,0.03462,Arrington:1995hs,,,
79,197,5.12,56.64,3.6357,1.101,0.03664,Arrington:1995hs,,,
79,197,5.12,56.64,3.6475,1.223,0.03857,Arrington:1995hs,,,
79,197,5.12,56.64,3.6592,1.382,0.04113,Arrington:1995hs,,,
79,197,5.12,56.64,3.671,1.556,0.04386,Arrington:1995hs,,,
79,197,5.12,56.64,3.6827,1.781,0.04704,Arrington:1995hs,,,
79,197,5.12,56.64,3.6945,2.042,0.05099,Arrington:1995hs,,,
79,197,5.12,56.64,3.7062,2.183,0.05396,Arrington:1995hs,,,
79,197,5.12,56.64,3.718,2.597,0.06093,Arrington:1995hs,,,
79,197,5.766,18,2.309966645,4024,12.13073351,Fomin:2010ei,0.45,12.13,1.33E-01
79,197,5.766,18,2.211861251,3702,10.71071434,Fomin:2010ei,0.4833,10.71,1.24E-01
79,197,5.766,18,2.121489978,3339,10.02064507,Fomin:2010ei,0.5167,10.02,1.14E-01
79,197,5.766,18,2.038453101,2976,9.853528983,Fomin:2010ei,0.55,9.853,1.02E-01
79,197,5.766,18,1.961671646,2640,9.749429756,Fomin:2010ei,0.5833,9.749,9.15E-02
79,197,5.766,18,1.890258361,2360,9.854347613,Fomin:2010ei,0.6167,9.854,8.28E-02
79,197,5.766,18,1.824053771,2043,10.24025488,Fomin:2010ei,0.65,10.24,7.23E-02
79,197,5.766,18,1.762329764,1782,4.510441538,Fomin:2010ei,0.6833,4.51,6.31E-02
79,197,5.766,18,1.704478837,1563,4.067384561,Fomin:2010ei,0.7167,4.067,5.59E-02
79,197,5.766,18,1.650462326,1396,3.93831906,Fomin:2010ei,0.75,3.938,5.01E-02
79,197,5.766,18,1.599764316,1254,3.716282727,Fomin:2010ei,0.7833,3.716,4.58E-02
79,197,5.766,18,1.551949218,1124,3.635246344,Fomin:2010ei,0.8167,3.635,4.23E-02
79,197,5.766,18,1.507040393,986.7,3.514193421,Fomin:2010ei,0.85,3.514,3.69E-02
79,197,5.766,18,1.464657531,878.9,3.427156006,Fomin:2010ei,0.8833,3.427,3.27E-02
79,197,5.766,18,1.424476335,794.8,3.39014765,Fomin:2010ei,0.9167,3.39,3.16E-02
79,197,5.766,18,1.386551768,716,3.326131711,Fomin:2010ei,0.95,3.326,2.96E-02
79,197,5.766,18,1.350594204,618.9,3.185117943,Fomin:2010ei,0.9833,3.185,2.74E-02
79,197,5.766,18,1.316354556,539.8,3.055076501,Fomin:2010ei,1.0167,3.055,2.16E-02
79,197,5.766,18,1.283903082,489.1,3.028071096,Fomin:2010ei,1.05,3.028,2.08E-02
79,197,5.766,18,1.253013135,430.7,2.946066,Fomin:2010ei,1.0833,2.946,1.97E-02
79,197,5.766,18,1.223488334,363.8,2.788051221,Fomin:2010ei,1.1167,2.788,1.69E-02
79,197,5.766,18,1.195405282,309.4,2.668047736,Fomin:2010ei,1.15,2.668,1.60E-02
79,197,5.766,18,1.168582498,265.5,2.553035958,Fomin:2010ei,1.1833,2.553,1.36E-02
79,197,5.766,18,1.142861691,218.3,2.440029606,Fomin:2010ei,1.2167,2.44,1.20E-02
79,197,5.766,18,1.118320853,182,0.794061381,Fomin:2010ei,1.25,0.794,9.87E-03
79,197,5.766,18,1.094811797,149.7,0.698855369,Fomin:2010ei,1.2833,0.6988,8.80E-03
79,197,5.766,18,1.072204501,122,0.620644057,Fomin:2010ei,1.3167,0.6206,7.40E-03
79,197,5.766,18,1.05057561,99.13,0.557835429,Fomin:2010ei,1.35,0.5578,6.29E-03
79,197,5.766,18,1.029802077,81.45,0.501722155,Fomin:2010ei,1.3833,0.5017,4.72E-03
79,197,5.766,18,1.009775346,67.06,0.457520766,Fomin:2010ei,1.4167,0.4575,4.36E-03
79,197,5.766,18,0.990569259,55.34,0.424913435,Fomin:2010ei,1.45,0.4249,3.38E-03
79,197,5.766,18,0.97208014,45.7,0.391111652,Fomin:2010ei,1.4833,0.3911,3.02E-03
79,197,5.766,18,0.954216073,38.38,0.368207397,Fomin:2010ei,1.5167,0.3682,2.33E-03
79,197,5.766,18,0.937047367,32.53,0.342607714,Fomin:2010ei,1.55,0.3426,2.30E-03
79,197,5.766,18,0.920485556,27.89,0.325004123,Fomin:2010ei,1.5833,0.325,1.64E-03
79,197,5.766,18,0.904451848,23.29,0.301004869,Fomin:2010ei,1.6167,0.301,1.71E-03
79,197,5.766,18,0.889012722,19.59,0.283102509,Fomin:2010ei,1.65,0.2831,1.19E-03
79,197,5.766,18,0.874091845,16.65,0.262402356,Fomin:2010ei,1.6833,0.2624,1.11E-03
79,197,5.766,18,0.859620944,14.09,0.248501795,Fomin:2010ei,1.7167,0.2485,9.45E-04
79,197,5.766,18,0.845662615,12.96,0.240101445,Fomin:2010ei,1.75,0.2401,8.33E-04
79,197,5.766,18,0.832150348,10.91,0.222401256,Fomin:2010ei,1.7833,0.2224,7.47E-04
79,197,5.766,18,0.819024415,9.514,0.211900764,Fomin:2010ei,1.8167,0.2119,5.69E-04
79,197,5.766,18,0.806343625,8.308,0.202400628,Fomin:2010ei,1.85,0.2024,5.04E-04
79,197,5.766,18,0.794049517,7.519,0.195600795,Fomin:2010ei,1.8833,0.1956,5.58E-04
79,197,5.766,18,0.782089397,6.351,0.180800435,Fomin:2010ei,1.9167,0.1808,3.97E-04
79,197,5.766,18,0.770518455,5.45,0.171300439,Fomin:2010ei,1.95,0.1713,3.88E-04
79,197,5.766,18,0.759284902,5.142,0.168300356,Fomin:2010ei,1.9833,0.1683,3.46E-04
79,197,5.766,18,0.748341903,4.343,0.158200253,Fomin:2010ei,2.0167,0.1582,2.83E-04
79,197,5.766,18,0.737741231,3.696,0.148100206,Fomin:2010ei,2.05,0.1481,2.47E-04
79,197,5.766,18,0.727436692,2.884,0.132100131,Fomin:2010ei,2.0833,0.1321,1.86E-04
79,197,5.766,18,0.717386373,2.784,0.130800142,Fomin:2010ei,2.1167,0.1308,1.93E-04
79,197,5.766,18,0.707638854,2.477,0.124800096,Fomin:2010ei,2.15,0.1248,1.55E-04
79,197,5.766,18,0.698152673,1.946,0.112900153,Fomin:2010ei,2.1833,0.1129,1.86E-04
79,197,5.766,18,0.688890095,2.116,0.119200082,Fomin:2010ei,2.2167,0.1192,1.40E-04
79,197,5.766,18,0.679896731,1.757,0.109600086,Fomin:2010ei,2.25,0.1096,1.37E-04
79,197,5.766,18,0.671135155,1.685,0.108300059,Fomin:2010ei,2.2833,0.1083,1.13E-04
79,197,5.766,18,0.662571206,1.308,0.09807006,Fomin:2010ei,2.3167,0.09807,1.09E-04
79,197,5.766,18,0.654247742,1.2,0.095460055,Fomin:2010ei,2.35,0.09546,1.03E-04
79,197,5.766,18,0.646130809,1.083,0.091830031,Fomin:2010ei,2.3833,0.09183,7.50E-05
79,197,5.766,18,0.638189327,0.9527,0.08661003,Fomin:2010ei,2.4167,0.08661,7.19E-05
79,197,5.766,18,0.630463609,0.8145,0.081040024,Fomin:2010ei,2.45,0.08104,6.18E-05
79,197,5.766,18,0.622922704,0.7796,0.079980019,Fomin:2010ei,2.4833,0.07998,5.53E-05
79,197,5.766,18,0.615538211,0.7021,0.076600018,Fomin:2010ei,2.5167,0.0766,5.26E-05
79,197,5.766,18,0.608348085,0.6116,0.072570013,Fomin:2010ei,2.55,0.07257,4.37E-05
79,197,5.766,18,0.601323997,0.7788,0.083010028,Fomin:2010ei,2.5833,0.08301,6.78E-05
79,197,5.766,18,0.594439883,0.4009,0.059740008,Fomin:2010ei,2.6167,0.05974,3.17E-05
79,197,5.766,18,0.587731526,0.3718,0.059510007,Fomin:2010ei,2.65,0.05951,2.98E-05
79,197,5.766,18,0.581172888,0.3627,0.058060006,Fomin:2010ei,2.6833,0.05806,2.69E-05
79,197,5.766,18,0.574739966,0.4466,0.066560018,Fomin:2010ei,2.7167,0.06656,4.83E-05
79,197,5.766,18,0.568466528,0.479,0.069860012,Fomin:2010ei,2.75,0.06986,4.07E-05
79,197,5.766,18,0.562328564,0.2711,0.052130004,Fomin:2010ei,2.7833,0.05213,2.00E-05
79,197,5.766,18,0.556303887,0.1987,0.045530002,Fomin:2010ei,2.8167,0.04553,1.50E-05
79,197,5.766,18,0.550424405,0.2062,0.047250003,Fomin:2010ei,2.85,0.04725,1.56E-05
79,197,5.766,18,0.544667902,0.2161,0.049510004,Fomin:2010ei,2.8833,0.04951,1.97E-05
79,197,5.766,18,0.539013805,0.18,0.044920002,Fomin:2010ei,2.9167,0.04492,1.30E-05
79,197,5.766,18,0.533492302,0.126,0.037870001,Fomin:2010ei,2.95,0.03787,1.05E-05
79,197,5.766,18,0.528082773,0.1453,0.041830002,Fomin:2010ei,2.9833,0.04183,1.13E-05
79,197,5.766,18,0.522766088,0.1499,0.043130002,Fomin:2010ei,3.0167,0.04313,1.26E-05
79,197,5.766,18,0.517570837,0.199,0.049660002,Fomin:2010ei,3.05,0.04966,1.57E-05
79,197,5.766,18,0.512477831,0.1169,0.038780002,Fomin:2010ei,3.0833,0.03878,1.09E-05
79,197,5.766,18,0.507469232,0.08443,0.034110001,Fomin:2010ei,3.1167,0.03411,8.78E-06
79,197,5.766,18,0.502572149,0.1851,0.049360003,Fomin:2010ei,3.15,0.04936,1.75E-05
79,197,5.766,18,0.497768677,0.06543,0.03206,Fomin:2010ei,3.1833,0.03206,5.29E-06
79,197,5.766,18,0.493042139,0.06433,0.031520001,Fomin:2010ei,3.2167,0.03152,6.76E-06
79,197,5.766,18,0.488418273,0.0513,0.02867,Fomin:2010ei,3.25,0.02867,5.27E-06
79,197,5.766,18,0.483880329,0.1308,0.043400002,Fomin:2010ei,3.2833,0.0434,1.41E-05
79,197,5.766,18,0.47941268,0.04031,0.02688,Fomin:2010ei,3.3167,0.02688,4.01E-06
79,197,5.766,18,0.475039787,0.06759,0.03311,Fomin:2010ei,3.35,0.03311,5.09E-06
79,197,5.766,18,0.470745947,0.02709,0.02346,Fomin:2010ei,3.3833,0.02346,2.44E-06
79,197,5.766,18,0.466516485,0.04177,0.027850001,Fomin:2010ei,3.4167,0.02785,5.38E-06
79,197,5.766,18,0.462374674,0.07159,0.035070001,Fomin:2010ei,3.45,0.03507,7.05E-06
79,197,5.766,18,0.458305759,0.02905,0.02515,Fomin:2010ei,3.4833,0.02515,2.30E-06
79,197,5.766,18,0.454295931,0.06063,0.0339,Fomin:2010ei,3.5167,0.0339,5.06E-06
79,197,5.766,18,0.450367356,0.01545,0.02185,Fomin:2010ei,3.55,0.02185,1.23E-06
79,197,5.766,18,0.446506144,0.03087,0.02673,Fomin:2010ei,3.5833,0.02673,2.49E-06
79,197,5.766,18,0.442699276,0.07828,0.038350001,Fomin:2010ei,3.6167,0.03835,8.18E-06
79,197,5.766,18,0.438967885,0.01647,0.02329,Fomin:2010ei,3.65,0.02329,1.46E-06
79,197,5.766,18,0.431679933,0.01559,0.02206,Fomin:2010ei,3.7167,0.02206,1.82E-06
79,197,5.766,18,0.428131242,0.03176,0.0275,Fomin:2010ei,3.75,0.0275,2.85E-06
79,197,5.766,18,0.424640422,0.01698,0.02401,Fomin:2010ei,3.7833,0.02401,1.47E-06
79,197,5.766,18,0.411208914,0.01819,0.02572,Fomin:2010ei,3.9167,0.02572,1.45E-06
79,197,5.766,18,0.404816281,0.01841,0.02603,Fomin:2010ei,3.9833,0.02603,1.90E-06
79,197,5.766,18,0.401684621,0.01821,0.02575,Fomin:2010ei,4.0167,0.02575,2.05E-06
79,197,5.766,18,0.392591537,0.01951,0.0276,Fomin:2010ei,4.1167,0.0276,2.46E-06
79,197,5.766,22,2.58668641,1063,3.104202655,Fomin:2010ei,0.55,3.104,3.55E-02
79,197,5.766,22,2.503121825,926.1,2.634183241,Fomin:2010ei,0.5833,2.634,3.11E-02
79,197,5.766,22,2.424559635,793.4,2.379151288,Fomin:2010ei,0.6167,2.379,2.68E-02
79,197,5.766,22,2.350993032,678.7,2.287119708,Fomin:2010ei,0.65,2.287,2.34E-02
79,197,5.766,22,2.281759313,583.8,2.209094379,Fomin:2010ei,0.6833,2.209,2.04E-02
79,197,5.766,22,2.216296243,487.9,2.095070523,Fomin:2010ei,0.7167,2.095,1.72E-02
79,197,5.766,22,2.154664568,411.1,2.124051562,Fomin:2010ei,0.75,2.124,1.48E-02
79,197,5.766,22,2.096367909,346.4,1.146067843,Fomin:2010ei,0.7833,1.146,1.25E-02
79,197,5.766,22,2.040981241,299.4,1.036061843,Fomin:2010ei,0.8167,1.036,1.13E-02
79,197,5.766,22,1.988599159,252.4,0.988544741,Fomin:2010ei,0.85,0.9885,9.41E-03
79,197,5.766,22,1.938838583,211.3,0.879934829,Fomin:2010ei,0.8833,0.8799,7.83E-03
79,197,5.766,22,1.891368869,184.9,0.854731422,Fomin:2010ei,0.9167,0.8547,7.33E-03
79,197,5.766,22,1.846300169,154.4,0.803725251,Fomin:2010ei,0.95,0.8037,6.37E-03
79,197,5.766,22,1.803329329,129.8,0.753120369,Fomin:2010ei,0.9833,0.7531,5.54E-03
79,197,5.766,22,1.762192841,109.7,0.709713726,Fomin:2010ei,1.0167,0.7097,4.41E-03
79,197,5.766,22,1.723006313,91.72,0.670810974,Fomin:2010ei,1.05,0.6708,3.84E-03
79,197,5.766,22,1.685524682,75.97,0.629708959,Fomin:2010ei,1.0833,0.6297,3.36E-03
79,197,5.766,22,1.649533592,63.45,0.594807315,Fomin:2010ei,1.1167,0.5948,2.95E-03
79,197,5.766,22,1.615148506,52.3,0.554905896,Fomin:2010ei,1.15,0.5549,2.56E-03
79,197,5.766,22,1.582167685,42.24,0.512704211,Fomin:2010ei,1.1833,0.5127,2.08E-03
79,197,5.766,22,1.550413657,32.71,0.466003104,Fomin:2010ei,1.2167,0.466,1.70E-03
79,197,5.766,22,1.519998694,26.22,0.196305114,Fomin:2010ei,1.25,0.1963,1.42E-03
79,197,5.766,22,1.490754092,20.36,0.167704496,Fomin:2010ei,1.2833,0.1677,1.23E-03
79,197,5.766,22,1.462530667,15.94,0.145602474,Fomin:2010ei,1.3167,0.1456,8.49E-04
79,197,5.766,22,1.435435909,12.38,0.127301964,Fomin:2010ei,1.35,0.1273,7.07E-04
79,197,5.766,22,1.409326803,9.697,0.112901639,Fomin:2010ei,1.3833,0.1129,6.08E-04
79,197,5.766,22,1.384076275,7.792,0.105700951,Fomin:2010ei,1.4167,0.1057,4.48E-04
79,197,5.766,22,1.359786294,6.105,0.095070635,Fomin:2010ei,1.45,0.09507,3.47E-04
79,197,5.766,22,1.336334168,5.131,0.089130459,Fomin:2010ei,1.4833,0.08913,2.86E-04
79,197,5.766,22,1.313610398,4.017,0.080340359,Fomin:2010ei,1.5167,0.08034,2.40E-04
79,197,5.766,22,1.291711186,3.167,0.071800246,Fomin:2010ei,1.55,0.0718,1.88E-04
79,197,5.766,22,1.270530165,2.532,0.065500172,Fomin:2010ei,1.5833,0.0655,1.50E-04
79,197,5.766,22,1.249972017,2.178,0.062110119,Fomin:2010ei,1.6167,0.06211,1.21E-04
79,197,5.766,22,1.230127213,1.836,0.057800114,Fomin:2010ei,1.65,0.0578,1.15E-04
79,197,5.766,22,1.210902682,1.476,0.052940068,Fomin:2010ei,1.6833,0.05294,8.46E-05
79,197,5.766,22,1.192214699,1.144,0.047070047,Fomin:2010ei,1.7167,0.04707,6.67E-05
79,197,5.766,22,1.174148205,0.9579,0.043720036,Fomin:2010ei,1.75,0.04372,5.62E-05
79,197,5.766,22,1.156621086,0.8736,0.042580036,Fomin:2010ei,1.7833,0.04258,5.52E-05
79,197,5.766,22,1.139559212,0.6577,0.03754002,Fomin:2010ei,1.8167,0.03754,3.84E-05
79,197,5.766,22,1.123042276,0.5724,0.03564002,Fomin:2010ei,1.85,0.03564,3.81E-05
79,197,5.766,22,1.106997297,0.4249,0.030910013,Fomin:2010ei,1.8833,0.03091,2.80E-05
79,197,5.766,22,1.091358167,0.4063,0.03089001,Fomin:2010ei,1.9167,0.03089,2.48E-05
79,197,5.766,22,1.076199653,0.3362,0.028410007,Fomin:2010ei,1.95,0.02841,2.05E-05
79,197,5.766,22,1.061456461,0.2969,0.027210007,Fomin:2010ei,1.9833,0.02721,2.02E-05
79,197,5.766,22,1.047069259,0.2498,0.025360005,Fomin:2010ei,2.0167,0.02536,1.66E-05
79,197,5.766,22,1.033108221,0.2067,0.022970003,Fomin:2010ei,2.05,0.02297,1.23E-05
79,197,5.766,22,1.019514582,0.1709,0.021530003,Fomin:2010ei,2.0833,0.02153,1.19E-05
79,197,5.766,22,1.006234783,0.1292,0.019040002,Fomin:2010ei,2.1167,0.01904,9.19E-06
79,197,5.766,22,0.993334732,0.1341,0.019770002,Fomin:2010ei,2.15,0.01977,8.29E-06
79,197,5.766,22,0.980761254,0.09462,0.016720001,Fomin:2010ei,2.1833,0.01672,7.00E-06
79,197,5.766,22,0.968465751,0.04262,0.01179,Fomin:2010ei,2.2167,0.01179,3.07E-06
79,197,5.766,22,0.956510179,0.08022,0.016030001,Fomin:2010ei,2.25,0.01603,5.37E-06
79,197,5.766,22,0.944846188,0.07635,0.015900001,Fomin:2010ei,2.2833,0.0159,5.70E-06
79,197,5.766,22,0.933429468,0.05201,0.013400001,Fomin:2010ei,2.3167,0.0134,4.29E-06
79,197,5.766,22,0.922318322,0.0342,0.01134,Fomin:2010ei,2.35,0.01134,2.85E-06
79,197,5.766,22,0.91146859,0.03754,0.01182,Fomin:2010ei,2.3833,0.01182,2.59E-06
79,197,5.766,22,0.900839699,0.03133,0.01101,Fomin:2010ei,2.4167,0.01101,2.15E-06
79,197,5.766,22,0.890486576,0.03966,0.01249,Fomin:2010ei,2.45,0.01249,3.05E-06
79,197,5.766,22,0.88036872,0.02611,0.01055,Fomin:2010ei,2.4833,0.01055,2.18E-06
79,197,5.766,22,0.870448837,0.03465,0.01217,Fomin:2010ei,2.5167,0.01217,2.75E-06
79,197,5.766,22,0.86077873,0.02337,0.0103,Fomin:2010ei,2.55,0.0103,1.77E-06
79,197,5.766,22,0.851321119,0.02407,0.01061,Fomin:2010ei,2.5833,0.01061,1.90E-06
79,197,5.766,22,0.842041596,0.0205,0.01005,Fomin:2010ei,2.6167,0.01005,1.53E-06
79,197,5.766,22,0.832989079,0.01245,0.008302,Fomin:2010ei,2.65,0.008302,9.10E-07
79,197,5.766,22,0.824129133,0.004222,0.005971,Fomin:2010ei,2.6833,0.005971,3.22E-07
79,197,5.766,22,0.815429907,0.004359,0.006165,Fomin:2010ei,2.7167,0.006165,3.13E-07
79,197,5.766,22,0.80693765,0.004594,0.006496,Fomin:2010ei,2.75,0.006496,3.29E-07
79,197,5.766,22,0.798620455,0.004568,0.006461,Fomin:2010ei,2.7833,0.006461,3.56E-07
79,197,5.766,22,0.790448746,0.00469,0.006632,Fomin:2010ei,2.8167,0.006632,3.59E-07
79,197,5.766,22,0.782466303,0.005162,0.0073,Fomin:2010ei,2.85,0.0073,3.94E-07
79,197,5.766,22,0.730764012,0.01093,0.01546,Fomin:2010ei,3.0833,0.01546,9.92E-07
79,197,5.766,26,2.819408669,291.2,1.002048443,Fomin:2010ei,0.65,1.002,9.85E-03
79,197,5.766,26,2.747478602,242.4,0.836941167,Fomin:2010ei,0.6833,0.8369,8.30E-03
79,197,5.766,26,2.678927318,200.8,0.762630872,Fomin:2010ei,0.7167,0.7626,6.86E-03
79,197,5.766,26,2.613904065,163.9,0.71092357,Fomin:2010ei,0.75,0.7109,5.79E-03
79,197,5.766,26,2.551962518,135.4,0.667618011,Fomin:2010ei,0.7833,0.6676,4.90E-03
79,197,5.766,26,2.492715386,108.6,0.618813669,Fomin:2010ei,0.8167,0.6188,4.11E-03
79,197,5.766,26,2.436322339,90.46,0.619809519,Fomin:2010ei,0.85,0.6198,3.44E-03
79,197,5.766,26,2.382424421,71.15,0.287412116,Fomin:2010ei,0.8833,0.2874,2.64E-03
79,197,5.766,26,2.330708129,60.19,0.255311365,Fomin:2010ei,0.9167,0.2553,2.41E-03
79,197,5.766,26,2.281334509,48.31,0.230808322,Fomin:2010ei,0.95,0.2308,1.96E-03
79,197,5.766,26,2.234009351,38.75,0.202906701,Fomin:2010ei,0.9833,0.2029,1.65E-03
79,197,5.766,26,2.188474202,31.38,0.186904356,Fomin:2010ei,1.0167,0.1869,1.28E-03
79,197,5.766,26,2.14488651,25.39,0.172403314,Fomin:2010ei,1.05,0.1724,1.07E-03
79,197,5.766,26,2.10300118,20.33,0.159102494,Fomin:2010ei,1.0833,0.1591,8.91E-04
79,197,5.766,26,2.062601749,16.29,0.146101887,Fomin:2010ei,1.1167,0.1461,7.43E-04
79,197,5.766,26,2.023839448,12.71,0.132701405,Fomin:2010ei,1.15,0.1327,6.11E-04
79,197,5.766,26,1.986507185,9.823,0.119500972,Fomin:2010ei,1.1833,0.1195,4.82E-04
79,197,5.766,26,1.950421173,7.447,0.106700663,Fomin:2010ei,1.2167,0.1067,3.76E-04
79,197,5.766,26,1.915725148,5.774,0.096170445,Fomin:2010ei,1.25,0.09617,2.93E-04
79,197,5.766,26,1.882241963,4.419,0.086910324,Fomin:2010ei,1.2833,0.08691,2.37E-04
79,197,5.766,26,1.849813692,3.267,0.080450205,Fomin:2010ei,1.3167,0.08045,1.82E-04
79,197,5.766,26,1.818576098,2.453,0.041210219,Fomin:2010ei,1.35,0.04121,1.34E-04
79,197,5.766,26,1.788375995,1.83,0.034840145,Fomin:2010ei,1.3833,0.03484,1.00E-04
79,197,5.766,26,1.759076249,1.406,0.030320099,Fomin:2010ei,1.4167,0.03032,7.76E-05
79,197,5.766,26,1.730804621,1.101,0.028690069,Fomin:2010ei,1.45,0.02869,6.31E-05
79,197,5.766,26,1.703427373,0.8335,0.024710046,Fomin:2010ei,1.4833,0.02471,4.77E-05
79,197,5.766,26,1.676824317,0.6563,0.022120032,Fomin:2010ei,1.5167,0.02212,3.78E-05
79,197,5.766,26,1.651115439,0.5185,0.020060019,Fomin:2010ei,1.55,0.02006,2.79E-05
79,197,5.766,26,1.626182989,0.3995,0.017920013,Fomin:2010ei,1.5833,0.01792,2.19E-05
79,197,5.766,26,1.601920755,0.3332,0.016540011,Fomin:2010ei,1.6167,0.01654,1.89E-05
79,197,5.766,26,1.578441323,0.2402,0.014330007,Fomin:2010ei,1.65,0.01433,1.39E-05
79,197,5.766,26,1.555640227,0.2285,0.014170006,Fomin:2010ei,1.6833,0.01417,1.36E-05
79,197,5.766,26,1.533422917,0.1577,0.012030004,Fomin:2010ei,1.7167,0.01203,1.01E-05
79,197,5.766,26,1.511895016,0.1337,0.011180002,Fomin:2010ei,1.75,0.01118,7.46E-06
79,197,5.766,26,1.490963211,0.1041,0.010020002,Fomin:2010ei,1.7833,0.01002,6.87E-06
79,197,5.766,26,1.470542778,0.084,0.009164001,Fomin:2010ei,1.8167,0.009164,4.91E-06
79,197,5.766,26,1.450732836,0.07112,0.008561001,Fomin:2010ei,1.85,0.008561,4.14E-06
79,197,5.766,26,1.431449525,0.04626,0.007053001,Fomin:2010ei,1.8833,0.007053,2.98E-06
79,197,5.766,26,1.412616475,0.05071,0.007475001,Fomin:2010ei,1.9167,0.007475,3.25E-06
79,197,5.766,26,1.39432676,0.03094,0.00595,Fomin:2010ei,1.95,0.00595,1.91E-06
79,197,5.766,26,1.3765046,0.02852,0.005816,Fomin:2010ei,1.9833,0.005816,1.70E-06
79,197,5.766,26,1.359080783,0.03186,0.006243,Fomin:2010ei,2.0167,0.006243,2.05E-06
79,197,5.766,26,1.342142784,0.02403,0.005506,Fomin:2010ei,2.05,0.005506,1.57E-06
79,197,5.766,26,1.325621779,0.01502,0.004512,Fomin:2010ei,2.0833,0.004512,9.47E-07
79,197,5.766,26,1.309454741,0.01283,0.004255,Fomin:2010ei,2.1167,0.004255,8.64E-07
79,197,5.766,26,1.293723962,0.003984,0.002656,Fomin:2010ei,2.15,0.002656,2.54E-07
79,197,5.766,26,1.278366651,0.01095,0.004107,Fomin:2010ei,2.1833,0.004107,7.65E-07
79,197,5.766,26,1.263325159,0.006924,0.003392,Fomin:2010ei,2.2167,0.003392,4.41E-07
79,197,5.766,26,1.248676989,0.002872,0.002487,Fomin:2010ei,2.25,0.002487,2.16E-07
79,197,5.766,26,1.234364615,0.002949,0.002553,Fomin:2010ei,2.2833,0.002553,1.91E-07
79,197,5.766,26,1.220335091,0.004544,0.003029,Fomin:2010ei,2.3167,0.003029,3.20E-07
79,197,5.766,26,1.206661498,0.003126,0.002707,Fomin:2010ei,2.35,0.002707,2.18E-07
79,197,5.766,26,1.193290928,0.001588,0.002246,Fomin:2010ei,2.3833,0.002246,1.14E-07
79,197,5.766,26,1.18017458,0.004908,0.003272,Fomin:2010ei,2.4167,0.003272,3.48E-07
79,197,5.766,26,1.16738144,0.001733,0.002451,Fomin:2010ei,2.45,0.002451,1.34E-07
79,197,5.766,26,1.118832271,0.002754,0.003894,Fomin:2010ei,2.5833,0.003894,2.00E-07
79,197,5.766,32,3.329589219,91.48,0.926005239,Fomin:2010ei,0.6833,0.926,3.12E-03
79,197,5.766,32,3.262210477,72.84,0.697704598,Fomin:2010ei,0.7167,0.6977,2.53E-03
79,197,5.766,32,3.197694543,57.84,0.585703598,Fomin:2010ei,0.75,0.5857,2.05E-03
79,197,5.766,32,3.135680953,46.07,0.535802624,Fomin:2010ei,0.7833,0.5358,1.68E-03
79,197,5.766,32,3.075851167,35.57,0.484301912,Fomin:2010ei,0.8167,0.4843,1.36E-03
79,197,5.766,32,3.018430981,27.57,0.436501292,Fomin:2010ei,0.85,0.4365,1.06E-03
79,197,5.766,32,2.963115354,22.3,0.426600823,Fomin:2010ei,0.8833,0.4266,8.38E-04
79,197,5.766,32,2.90963342,17.13,0.161001517,Fomin:2010ei,0.9167,0.161,6.99E-04
79,197,5.766,32,2.858199591,13.56,0.134301193,Fomin:2010ei,0.95,0.1343,5.66E-04
79,197,5.766,32,2.808552576,10.24,0.108000889,Fomin:2010ei,0.9833,0.108,4.38E-04
79,197,5.766,32,2.760459321,7.944,0.094360586,Fomin:2010ei,1.0167,0.09436,3.33E-04
79,197,5.766,32,2.714122228,6.018,0.084290397,Fomin:2010ei,1.05,0.08429,2.59E-04
79,197,5.766,32,2.669315083,4.384,0.073550264,Fomin:2010ei,1.0833,0.07355,1.97E-04
79,197,5.766,32,2.625835278,3.482,0.067190194,Fomin:2010ei,1.1167,0.06719,1.61E-04
79,197,5.766,32,2.583873227,2.622,0.059490135,Fomin:2010ei,1.15,0.05949,1.27E-04
79,197,5.766,32,2.543231226,1.807,0.050580078,Fomin:2010ei,1.1833,0.05058,8.87E-05
79,197,5.766,32,2.50373152,1.341,0.044880052,Fomin:2010ei,1.2167,0.04488,6.86E-05
79,197,5.766,32,2.46555291,0.9885,0.041150031,Fomin:2010ei,1.25,0.04115,5.03E-05
79,197,5.766,32,2.428521158,0.7599,0.026110033,Fomin:2010ei,1.2833,0.02611,4.12E-05
79,197,5.766,32,2.392479041,0.5466,0.022050019,Fomin:2010ei,1.3167,0.02205,2.92E-05
79,197,5.766,32,2.35759432,0.3382,0.019830008,Fomin:2010ei,1.35,0.01983,1.73E-05
79,197,5.766,32,2.323712287,0.2904,0.017800007,Fomin:2010ei,1.3833,0.0178,1.55E-05
79,197,5.766,32,2.290692864,0.2193,0.015670004,Fomin:2010ei,1.4167,0.01567,1.18E-05
79,197,5.766,32,2.258693439,0.1353,0.012460002,Fomin:2010ei,1.45,0.01246,7.37E-06
79,197,5.766,32,2.227575717,0.1063,0.011210001,Fomin:2010ei,1.4833,0.01121,5.52E-06
79,197,5.766,32,2.197214084,0.08749,0.010380001,Fomin:2010ei,1.5167,0.01038,4.66E-06
79,197,5.766,32,2.167756248,0.07017,0.009460001,Fomin:2010ei,1.55,0.00946,3.86E-06
79,197,5.766,32,2.139077838,0.05501,0.008486001,Fomin:2010ei,1.5833,0.008486,3.00E-06
79,197,5.766,32,2.111065551,0.0288,0.006278,Fomin:2010ei,1.6167,0.006278,1.55E-06
79,197,5.766,32,2.083858097,0.02712,0.006214,Fomin:2010ei,1.65,0.006214,1.62E-06
79,197,5.766,32,2.057343021,0.02105,0.005614,Fomin:2010ei,1.6833,0.005614,1.18E-06
79,197,5.766,32,2.031417579,0.01743,0.005238,Fomin:2010ei,1.7167,0.005238,1.02E-06
79,197,5.766,32,2.00621215,0.02256,0.006015,Fomin:2010ei,1.75,0.006015,1.33E-06
79,197,5.766,32,1.981624543,0.01704,0.005367,Fomin:2010ei,1.7833,0.005367,1.10E-06
79,197,5.766,32,1.957561144,0.00638,0.003567,Fomin:2010ei,1.8167,0.003567,3.76E-07
79,197,5.766,32,1.934144626,0.006565,0.00367,Fomin:2010ei,1.85,0.00367,3.97E-07
79,197,5.766,32,1.911281707,0.01047,0.004619,Fomin:2010ei,1.8833,0.004619,6.39E-07
79,197,5.766,32,1.867075206,0.002317,0.003277,Fomin:2010ei,1.95,0.003277,1.53E-07
79,197,5.766,40,4.725156417,292.9,1.938024601,Fomin:2010ei,0.3167,1.938,9.77E-03
79,197,5.766,40,4.637141288,257.3,1.371027086,Fomin:2010ei,0.35,1.371,8.62E-03
79,197,5.766,40,4.552345102,219.3,1.171022929,Fomin:2010ei,0.3833,1.171,7.33E-03
79,197,5.766,40,4.470353367,188.1,1.266015975,Fomin:2010ei,0.4167,1.266,6.36E-03
79,197,5.766,40,4.391495486,158.3,1.226011905,Fomin:2010ei,0.45,1.226,5.40E-03
79,197,5.766,40,4.315371513,130.9,0.729014006,Fomin:2010ei,0.4833,0.729,4.52E-03
79,197,5.766,40,4.241624664,110.3,0.586712665,Fomin:2010ei,0.5167,0.5867,3.86E-03
79,197,5.766,40,4.170565838,89.66,0.540509302,Fomin:2010ei,0.55,0.5405,3.17E-03
79,197,5.766,40,4.101848643,72.75,0.47410719,Fomin:2010ei,0.5833,0.4741,2.61E-03
79,197,5.766,40,4.035162786,58.1,0.564003921,Fomin:2010ei,0.6167,0.564,2.10E-03
79,197,5.766,40,3.970800722,46.47,0.496602917,Fomin:2010ei,0.65,0.4966,1.70E-03
79,197,5.766,40,3.908459612,36.05,0.448202,Fomin:2010ei,0.6833,0.4482,1.34E-03
79,197,5.766,40,3.84786713,28.7,0.447701293,Fomin:2010ei,0.7167,0.4477,1.08E-03
79,197,5.766,40,3.789297885,23.06,0.325401268,Fomin:2010ei,0.75,0.3254,9.08E-04
79,197,5.766,40,3.732484899,18.39,0.327700815,Fomin:2010ei,0.7833,0.3277,7.31E-04
79,197,5.766,40,3.677187227,13.86,0.29030058,Fomin:2010ei,0.8167,0.2903,5.80E-04
79,197,5.766,40,3.62366252,10.5,0.25490038,Fomin:2010ei,0.85,0.2549,4.40E-04
79,197,5.766,40,3.571673656,7.354,0.216900209,Fomin:2010ei,0.8833,0.2169,3.01E-04
79,197,5.766,40,3.521005912,5.441,0.21140014,Fomin:2010ei,0.9167,0.2114,2.44E-04
79,197,5.766,40,3.471901004,4.248,0.065310286,Fomin:2010ei,0.95,0.06531,1.93E-04
79,197,5.766,40,3.424146918,3.088,0.0511702,Fomin:2010ei,0.9833,0.05117,1.43E-04
79,197,5.766,40,3.377551055,2.301,0.045050125,Fomin:2010ei,1.0167,0.04505,1.06E-04
79,197,5.766,40,3.332340268,1.591,0.038640075,Fomin:2010ei,1.05,0.03864,7.63E-05
79,197,5.766,40,3.288323846,1.144,0.032600048,Fomin:2010ei,1.0833,0.0326,5.60E-05
79,197,5.766,40,3.245328027,0.8124,0.029890027,Fomin:2010ei,1.1167,0.02989,4.04E-05
79,197,5.766,40,3.203565856,0.5483,0.026880015,Fomin:2010ei,1.15,0.02688,2.83E-05
79,197,5.766,40,3.162864853,0.4266,0.022340011,Fomin:2010ei,1.1833,0.02234,2.26E-05
79,197,5.766,40,3.123067422,0.2986,0.017050008,Fomin:2010ei,1.2167,0.01705,1.69E-05
79,197,5.766,40,3.084373818,0.2056,0.014660005,Fomin:2010ei,1.25,0.01466,1.17E-05
79,197,5.766,40,3.046627279,0.152,0.013450003,Fomin:2010ei,1.2833,0.01345,8.98E-06
79,197,5.766,40,3.009684182,0.08181,0.011100001,Fomin:2010ei,1.3167,0.0111,4.61E-06
79,197,5.766,40,2.973732956,0.06234,0.009471001,Fomin:2010ei,1.35,0.009471,3.39E-06
79,197,5.766,40,2.93863048,0.03826,0.007156,Fomin:2010ei,1.3833,0.007156,2.06E-06
79,197,5.766,40,2.904245298,0.03498,0.007438,Fomin:2010ei,1.4167,0.007438,2.01E-06
79,197,5.766,40,2.870754907,0.02463,0.006682,Fomin:2010ei,1.45,0.006682,1.34E-06
79,197,5.766,40,2.838028101,0.01039,0.00595,Fomin:2010ei,1.4833,0.00595,5.65E-07
79,197,5.766,40,2.805944084,0.007199,0.003174,Fomin:2010ei,1.5167,0.003174,4.08E-07
79,197,5.766,40,2.774670244,0.004899,0.004784,Fomin:2010ei,1.55,0.004784,2.87E-07
79,197,5.766,40,2.74408585,0.001683,0.00396,Fomin:2010ei,1.5833,0.00396,9.43E-08
79,197,5.766,40,2.714079491,0.005422,0.003031,Fomin:2010ei,1.6167,0.003031,3.15E-07
79,197,5.766,40,2.684809216,0.003198,0.002769,Fomin:2010ei,1.65,0.002769,1.83E-07
79,197,5.766,40,2.656163541,0.001999,0.002827,Fomin:2010ei,1.6833,0.002827,1.16E-07
79,197,5.766,50,4.973092307,131,2.034005893,Fomin:2010ei,0.35,2.034,4.90E-03
79,197,5.766,50,4.908867108,119.3,1.555006439,Fomin:2010ei,0.3833,1.555,4.48E-03
79,197,5.766,50,4.84609409,97.89,1.069006106,Fomin:2010ei,0.4167,1.069,3.61E-03
79,197,5.766,50,4.785087134,82.34,1.01000494,Fomin:2010ei,0.45,1.01,3.16E-03
79,197,5.766,50,4.725597102,68.55,0.955503742,Fomin:2010ei,0.4833,0.9555,2.67E-03
79,197,5.766,50,4.667395996,53.9,0.685903326,Fomin:2010ei,0.5167,0.6859,2.14E-03
79,197,5.766,50,4.610779027,44.61,0.57950278,Fomin:2010ei,0.55,0.5795,1.80E-03
79,197,5.766,50,4.555519158,35.64,0.525402015,Fomin:2010ei,0.5833,0.5254,1.46E-03
79,197,5.766,50,4.501408083,28.29,0.417401592,Fomin:2010ei,0.6167,0.4174,1.15E-03
79,197,5.766,50,4.44872375,21.37,0.44660089,Fomin:2010ei,0.65,0.4466,8.91E-04
79,197,5.766,50,4.397258382,17.09,0.397700657,Fomin:2010ei,0.6833,0.3977,7.23E-04
79,197,5.766,50,4.346820873,12.76,0.362900419,Fomin:2010ei,0.7167,0.3629,5.51E-04
79,197,5.766,50,4.297673219,10.01,0.229900409,Fomin:2010ei,0.75,0.2299,4.34E-04
79,197,5.766,50,4.249624522,7.121,0.206400257,Fomin:2010ei,0.7833,0.2064,3.25E-04
79,197,5.766,50,4.202498796,5.483,0.185800176,Fomin:2010ei,0.8167,0.1858,2.56E-04
79,197,5.766,50,4.156543289,3.937,0.156700113,Fomin:2010ei,0.85,0.1567,1.88E-04
79,197,5.766,50,4.111581982,2.992,0.140100069,Fomin:2010ei,0.8833,0.1401,1.39E-04
79,197,5.766,50,4.067452248,2.26,0.147500047,Fomin:2010ei,0.9167,0.1475,1.17E-04
