Z,A,E0,ThetaDeg,nu,cross,error,dataSet
79,197,2.015,35.51,0.5504,2629,33.16,Arrington:1995hs
79,197,2.015,35.51,0.5601,2808,28.69,Arrington:1995hs
79,197,2.015,35.51,0.5712,3106,29.39,Arrington:1995hs
79,197,2.015,35.51,0.5823,3408,30.69,Arrington:1995hs
79,197,2.015,35.51,0.5934,3487,30.61,Arrington:1995hs
79,197,2.015,35.51,0.6045,3753,31.71,Arrington:1995hs
79,197,2.015,35.51,0.6155,3809,31.76,Arrington:1995hs
79,197,2.015,35.51,0.6266,3804,30.95,Arrington:1995hs
79,197,2.015,35.51,0.6377,4016,31.97,Arrington:1995hs
79,197,2.015,35.51,0.6488,4200,32.42,Arrington:1995hs
79,197,2.015,35.51,0.6599,4366,33.14,Arrington:1995hs
79,197,2.015,35.51,0.671,4643,35.06,Arrington:1995hs
79,197,2.015,35.51,0.6821,4857,37.76,Arrington:1995hs
79,197,2.015,35.51,0.6931,5071,40.96,Arrington:1995hs
79,197,2.02,15.022,0.06,305800,6913,Day:1993md
79,197,2.02,15.022,0.075,406400,7806,Day:1993md
79,197,2.02,15.022,0.09,514500,8891,Day:1993md
79,197,2.02,15.022,0.105,632700,20910,Day:1993md
79,197,2.02,15.022,0.12,734400,22210,Day:1993md
79,197,2.02,15.022,0.135,757200,17190,Day:1993md
79,197,2.02,15.022,0.15,795400,17390,Day:1993md
79,197,2.02,15.022,0.165,812900,25750,Day:1993md
79,197,2.02,15.022,0.18,811900,24820,Day:1993md
79,197,2.02,15.022,0.195,762200,23200,Day:1993md
79,197,2.02,15.022,0.21,738400,14500,Day:1993md
79,197,2.02,15.022,0.225,695800,13920,Day:1993md
79,197,2.02,15.022,0.24,633600,15870,Day:1993md
79,197,2.02,15.022,0.255,595900,15180,Day:1993md
79,197,2.02,15.022,0.27,573400,14730,Day:1993md
79,197,2.02,15.022,0.285,523700,11650,Day:1993md
79,197,2.02,15.022,0.3,517300,19150,Day:1993md
79,197,2.02,15.022,0.315,468400,17920,Day:1993md
79,197,2.02,15.022,0.33,482500,18090,Day:1993md
79,197,2.02,15.022,0.345,498500,19040,Day:1993md
79,197,2.02,15.022,0.36,497900,19600,Day:1993md
79,197,2.02,20.016,0.06,5100,264.7,Day:1993md
79,197,2.02,20.016,0.075,9508,353.9,Day:1993md
79,197,2.02,20.016,0.09,16270,457.2,Day:1993md
79,197,2.02,20.016,0.105,26040,556.9,Day:1993md
79,197,2.02,20.016,0.12,39370,2254,Day:1993md
79,197,2.02,20.016,0.135,55480,2597,Day:1993md
79,197,2.02,20.016,0.15,69800,2221,Day:1993md
79,197,2.02,20.016,0.165,87780,2418,Day:1993md
79,197,2.02,20.016,0.18,102600,2271,Day:1993md
79,197,2.02,20.016,0.195,115900,2401,Day:1993md
79,197,2.02,20.016,0.21,130800,3304,Day:1993md
79,197,2.02,20.016,0.225,139700,2873,Day:1993md
79,197,2.02,20.016,0.24,146400,3594,Day:1993md
79,197,2.02,20.016,0.255,149600,3046,Day:1993md
79,197,2.02,20.016,0.27,148600,3715,Day:1993md
79,197,2.02,20.016,0.285,142800,3587,Day:1993md
79,197,2.02,20.016,0.3,144600,3630,Day:1993md
79,197,2.02,20.016,0.315,146400,5103,Day:1993md
79,197,2.02,20.016,0.33,142700,3417,Day:1993md
79,197,2.02,20.016,0.345,141100,4458,Day:1993md
79,197,2.02,20.016,0.36,131700,4170,Day:1993md
79,197,2.02,20.016,0.375,140500,4188,Day:1993md
79,197,2.02,20.016,0.39,129000,2831,Day:1993md
79,197,2.02,20.016,0.405,125100,2794,Day:1993md
79,197,2.02,20.016,0.42,127500,3831,Day:1993md
79,197,2.02,20.016,0.435,125800,3828,Day:1993md
79,197,2.02,20.016,0.45,126600,3951,Day:1993md
79,197,3.188,47.68,1.6358,16.6,0.5314,Arrington:1995hs
79,197,3.188,47.68,1.6461,19.57,0.4913,Arrington:1995hs
79,197,3.188,47.68,1.6578,21.24,0.5018,Arrington:1995hs
79,197,3.188,47.68,1.6696,23.92,0.5296,Arrington:1995hs
79,197,3.188,47.68,1.6813,27.55,0.5674,Arrington:1995hs
79,197,3.188,47.68,1.6931,28.72,0.5749,Arrington:1995hs
79,197,3.188,47.68,1.7048,30.94,0.5974,Arrington:1995hs
79,197,3.188,47.68,1.7166,34.9,0.6334,Arrington:1995hs
79,197,3.188,47.68,1.7283,39.11,0.6707,Arrington:1995hs
79,197,3.188,47.68,1.7401,41.99,0.6946,Arrington:1995hs
79,197,3.188,47.68,1.7518,44.91,0.7159,Arrington:1995hs
79,197,3.188,47.68,1.7636,51.78,0.7829,Arrington:1995hs
79,197,3.188,47.68,1.7753,55.58,0.8435,Arrington:1995hs
79,197,3.188,47.68,1.7871,60.87,0.9134,Arrington:1995hs
79,197,3.595,16.02,0.21,1508,65.41,Day:1993md
79,197,3.595,16.02,0.225,1946,73.03,Day:1993md
79,197,3.595,16.02,0.24,2558,84.29,Day:1993md
79,197,3.595,16.02,0.255,3513,101.4,Day:1993md
79,197,3.595,16.02,0.27,4550,120.5,Day:1993md
79,197,3.595,16.02,0.285,6005,130.6,Day:1993md
79,197,3.595,16.02,0.3,7680,144.4,Day:1993md
79,197,3.595,16.02,0.315,9481,158.5,Day:1993md
79,197,3.595,16.02,0.33,12180,528.6,Day:1993md
79,197,3.595,16.02,0.345,15180,589.2,Day:1993md
79,197,3.595,16.02,0.36,17880,633.3,Day:1993md
79,197,3.595,16.02,0.375,19920,659.1,Day:1993md
79,197,3.595,16.02,0.39,22140,699.3,Day:1993md
79,197,3.595,16.02,0.405,24610,520.6,Day:1993md
79,197,3.595,16.02,0.42,27850,545.9,Day:1993md
79,197,3.595,16.02,0.435,29490,552.5,Day:1993md
79,197,3.595,16.02,0.45,31290,728.1,Day:1993md
79,197,3.595,16.02,0.465,33360,727.9,Day:1993md
79,197,3.595,16.02,0.48,34310,719.2,Day:1993md
79,197,3.595,16.02,0.495,35440,718.2,Day:1993md
79,197,3.595,16.02,0.51,36180,720.5,Day:1993md
79,197,3.595,16.02,0.525,36530,675.9,Day:1993md
79,197,3.595,16.02,0.54,34880,658,Day:1993md
79,197,3.595,16.02,0.555,35990,680.4,Day:1993md
79,197,3.595,16.02,0.57,36560,1583,Day:1993md
79,197,3.595,16.02,0.585,37360,1593,Day:1993md
79,197,3.595,16.02,0.6,38020,1543,Day:1993md
79,197,3.595,16.02,0.615,37730,1505,Day:1993md
79,197,3.595,16.02,0.63,38040,1536,Day:1993md
79,197,3.595,16.02,0.645,36560,1127,Day:1993md
79,197,3.595,16.02,0.66,38850,1151,Day:1993md
79,197,3.595,16.02,0.675,39920,1137,Day:1993md
79,197,3.595,16.02,0.69,43390,1579,Day:1993md
79,197,3.595,16.02,0.705,40950,1572,Day:1993md
79,197,3.595,16.02,0.72,43080,1587,Day:1993md
79,197,3.595,16.02,0.735,41420,1507,Day:1993md
79,197,3.595,16.02,0.75,38950,1508,Day:1993md
79,197,3.595,16.02,0.765,42870,1145,Day:1993md
79,197,3.595,16.02,0.78,40100,1082,Day:1993md
79,197,3.595,16.02,0.795,41990,1119,Day:1993md
79,197,3.595,16.02,0.81,43800,1549,Day:1993md
79,197,3.595,16.02,0.825,42890,1506,Day:1993md
79,197,3.595,16.02,0.84,42160,1487,Day:1993md
79,197,3.595,16.02,0.855,42180,1494,Day:1993md
79,197,3.595,16.02,0.87,39760,1134,Day:1993md
79,197,3.595,16.02,0.885,43120,1186,Day:1993md
79,197,3.595,16.02,0.9,42050,1162,Day:1993md
79,197,3.595,16.02,0.915,43910,1790,Day:1993md
79,197,3.595,16.02,0.93,41440,1699,Day:1993md
79,197,3.595,16.02,0.945,43860,1797,Day:1993md
79,197,3.595,16.02,0.96,41450,1760,Day:1993md
79,197,3.595,16.02,0.975,43350,1237,Day:1993md
79,197,3.595,16.02,0.99,45040,1243,Day:1993md
79,197,3.595,16.02,1.005,41390,1577,Day:1993md
79,197,3.595,16.02,1.02,44980,1667,Day:1993md
79,197,3.595,16.02,1.035,44480,1634,Day:1993md
79,197,3.595,16.02,1.05,43890,1578,Day:1993md
79,197,3.595,16.02,1.065,44910,1645,Day:1993md
79,197,3.595,16.02,1.08,41950,1191,Day:1993md
79,197,3.595,16.02,1.095,44120,1217,Day:1993md
79,197,3.595,16.02,1.11,45310,1767,Day:1993md
79,197,3.595,16.02,1.125,42650,1714,Day:1993md
79,197,3.595,16.02,1.14,43040,1760,Day:1993md
79,197,3.595,16.02,1.155,42480,1775,Day:1993md
79,197,3.595,16.02,1.17,47440,1329,Day:1993md
79,197,3.595,16.02,1.185,45560,1240,Day:1993md
79,197,3.595,16.02,1.2,46040,1627,Day:1993md
79,197,3.595,16.02,1.215,43500,1549,Day:1993md
79,197,3.595,16.02,1.23,45440,1563,Day:1993md
79,197,3.595,16.02,1.245,48850,1615,Day:1993md
79,197,3.595,16.02,1.26,46330,1571,Day:1993md
79,197,3.595,16.02,1.275,46450,1238,Day:1993md
79,197,3.595,16.02,1.29,46120,1257,Day:1993md
79,197,3.595,16.02,1.305,42750,1838,Day:1993md
79,197,3.595,16.02,1.32,45820,1830,Day:1993md
79,197,3.595,16.02,1.335,43760,1780,Day:1993md
79,197,3.595,16.02,1.35,41880,1777,Day:1993md
79,197,3.595,16.02,1.365,44260,1353,Day:1993md
79,197,3.595,16.02,1.38,43330,1318,Day:1993md
79,197,3.595,16.02,1.395,45010,1898,Day:1993md
79,197,3.595,16.02,1.41,46510,1898,Day:1993md
79,197,3.595,16.02,1.425,41440,1770,Day:1993md
79,197,3.595,16.02,1.44,41400,1286,Day:1993md
79,197,3.595,16.02,1.455,42500,1270,Day:1993md
79,197,3.595,16.02,1.47,45840,1796,Day:1993md
79,197,3.595,16.02,1.485,42460,1715,Day:1993md
79,197,3.595,16.02,1.5,43950,1732,Day:1993md
79,197,3.595,16.02,1.515,41790,1697,Day:1993md
79,197,3.595,16.02,1.53,40220,1692,Day:1993md
79,197,3.595,16.02,1.545,40560,1731,Day:1993md
79,197,3.595,20.016,0.165,1.868,0.652,Day:1993md
79,197,3.595,20.016,0.18,2.75,0.663,Day:1993md
79,197,3.595,20.016,0.195,5.812,0.9507,Day:1993md
79,197,3.595,20.016,0.21,8.07,1.094,Day:1993md
79,197,3.595,20.016,0.225,14.66,1.456,Day:1993md
79,197,3.595,20.016,0.24,21.19,1.794,Day:1993md
79,197,3.595,20.016,0.255,31.87,2.305,Day:1993md
79,197,3.595,20.016,0.27,38.43,1.999,Day:1993md
79,197,3.595,20.016,0.285,53.55,2.3,Day:1993md
79,197,3.595,20.016,0.3,69.1,2.555,Day:1993md
79,197,3.595,20.016,0.315,99.66,4.888,Day:1993md
79,197,3.595,20.016,0.33,123.5,5.378,Day:1993md
79,197,3.595,20.016,0.345,163.8,6.135,Day:1993md
79,197,3.595,20.016,0.36,204.3,6.817,Day:1993md
79,197,3.595,20.016,0.375,250.7,7.55,Day:1993md
79,197,3.595,20.016,0.39,317,8.668,Day:1993md
79,197,3.595,20.016,0.405,408.7,9.451,Day:1993md
79,197,3.595,20.016,0.42,496.3,10.55,Day:1993md
79,197,3.595,20.016,0.435,612.9,11.91,Day:1993md
79,197,3.595,20.016,0.45,850,35.73,Day:1993md
79,197,3.595,20.016,0.465,1052,38.6,Day:1993md
79,197,3.595,20.016,0.48,1239,41.06,Day:1993md
79,197,3.595,20.016,0.495,1487,44.77,Day:1993md
79,197,3.595,20.016,0.51,1715,47.82,Day:1993md
79,197,3.595,20.016,0.525,2051,46.93,Day:1993md
79,197,3.595,20.016,0.54,2384,50.6,Day:1993md
79,197,3.595,20.016,0.555,2785,55.81,Day:1993md
79,197,3.595,20.016,0.57,3103,116.4,Day:1993md
79,197,3.595,20.016,0.585,3639,125,Day:1993md
79,197,3.595,20.016,0.6,3870,122.2,Day:1993md
79,197,3.595,20.016,0.615,4277,125.8,Day:1993md
79,197,3.595,20.016,0.63,4876,137.5,Day:1993md
79,197,3.595,20.016,0.645,5007,123.5,Day:1993md
79,197,3.595,20.016,0.66,5284,126.9,Day:1993md
79,197,3.595,20.016,0.675,5507,125.5,Day:1993md
79,197,3.595,20.016,0.69,6093,245,Day:1993md
79,197,3.595,20.016,0.705,6534,253.2,Day:1993md
79,197,3.595,20.016,0.72,6344,239.9,Day:1993md
79,197,3.595,20.016,0.735,6606,245.4,Day:1993md
79,197,3.595,20.016,0.75,6723,190.4,Day:1993md
79,197,3.595,20.016,0.765,7019,186.9,Day:1993md
79,197,3.595,20.016,0.78,7525,196.3,Day:1993md
79,197,3.595,20.016,0.795,7677,281,Day:1993md
79,197,3.595,20.016,0.81,7272,272.6,Day:1993md
79,197,3.595,20.016,0.825,8401,290.9,Day:1993md
79,197,3.595,20.016,0.84,8130,286.3,Day:1993md
79,197,3.595,20.016,0.855,7945,286.2,Day:1993md
79,197,3.595,20.016,0.87,8092,289.8,Day:1993md
79,197,3.595,20.016,0.885,8187,296.6,Day:1993md
79,197,3.595,25.012,0.375,0.8669,0.4318,Day:1993md
79,197,3.595,25.012,0.405,1.843,0.4368,Day:1993md
79,197,3.595,25.012,0.42,2.546,0.5259,Day:1993md
79,197,3.595,25.012,0.435,3.19,0.5804,Day:1993md
79,197,3.595,25.012,0.45,3.269,0.6124,Day:1993md
79,197,3.595,25.012,0.465,3.797,0.6466,Day:1993md
79,197,3.595,25.012,0.48,5.765,0.712,Day:1993md
79,197,3.595,25.012,0.495,6.072,0.7232,Day:1993md
79,197,3.595,25.012,0.51,8.401,0.8798,Day:1993md
79,197,3.595,25.012,0.525,11.13,1.021,Day:1993md
79,197,3.595,25.012,0.54,15.05,2.868,Day:1993md
79,197,3.595,25.012,0.555,23.75,3.503,Day:1993md
79,197,3.595,25.012,0.57,17.97,3.017,Day:1993md
79,197,3.595,25.012,0.585,27.59,3.918,Day:1993md
79,197,3.595,25.012,0.6,27.59,3.993,Day:1993md
79,197,3.595,25.012,0.615,37.62,3.693,Day:1993md
79,197,3.595,25.012,0.63,43.09,3.832,Day:1993md
79,197,3.595,25.012,0.645,53.02,6.513,Day:1993md
79,197,3.595,25.012,0.66,71.29,7.86,Day:1993md
79,197,3.595,25.012,0.675,68.3,7.497,Day:1993md
79,197,3.595,25.012,0.69,98.66,8.88,Day:1993md
79,197,3.595,25.012,0.705,126.5,10.2,Day:1993md
79,197,3.595,25.012,0.72,167,9.592,Day:1993md
79,197,3.595,25.012,0.735,177.7,9.473,Day:1993md
79,197,3.595,25.012,0.75,217,10.65,Day:1993md
79,197,3.595,25.012,0.765,303.4,19.7,Day:1993md
79,197,3.595,25.012,0.78,311.5,20.04,Day:1993md
79,197,3.595,25.012,0.795,331.8,20.18,Day:1993md
79,197,3.595,25.012,0.81,424.9,23.28,Day:1993md
79,197,3.595,25.012,0.825,497.3,25.47,Day:1993md
79,197,3.595,25.012,0.84,521.3,19.91,Day:1993md
79,197,3.595,25.012,0.855,620.2,21.79,Day:1993md
79,197,3.595,25.012,0.87,679.9,33.97,Day:1993md
79,197,3.595,25.012,0.885,783,36.64,Day:1993md
79,197,3.595,25.012,0.9,839.2,37.77,Day:1993md
79,197,3.595,25.012,0.915,895,38.48,Day:1993md
79,197,3.595,25.012,0.93,938,39.58,Day:1993md
79,197,3.595,25.012,0.945,1034,29.25,Day:1993md
79,197,3.595,25.012,0.96,1010,28.45,Day:1993md
79,197,3.595,25.012,0.975,1102,39.48,Day:1993md
79,197,3.595,25.012,0.99,1240,42.57,Day:1993md
79,197,3.595,25.012,1.005,1182,41.13,Day:1993md
79,197,3.595,25.012,1.02,1256,40.75,Day:1993md
79,197,3.595,25.012,1.035,1299,42.81,Day:1993md
79,197,3.595,25.012,1.05,1380,34.85,Day:1993md
79,197,3.595,25.012,1.065,1387,34.24,Day:1993md
79,197,3.595,25.012,1.08,1538,55.93,Day:1993md
79,197,3.595,25.012,1.095,1555,56.39,Day:1993md
79,197,3.595,25.012,1.11,1566,57.74,Day:1993md
79,197,3.595,25.012,1.125,1670,59.53,Day:1993md
79,197,3.595,25.012,1.14,1753,60.04,Day:1993md
79,197,3.595,25.012,1.155,1857,61.87,Day:1993md
79,197,3.595,30.01,0.975,41.72,5.545,Day:1993md
79,197,3.595,30.01,0.99,48.77,5.676,Day:1993md
79,197,3.595,30.01,1.005,44.81,5.291,Day:1993md
79,197,3.595,30.01,1.02,62.02,6.508,Day:1993md
79,197,3.595,30.01,1.035,63.96,6.526,Day:1993md
79,197,3.595,30.01,1.05,66.88,6.183,Day:1993md
79,197,3.595,30.01,1.065,87.35,7.449,Day:1993md
79,197,3.595,30.01,1.08,97.01,4.935,Day:1993md
79,197,3.595,30.01,1.095,118.5,5.426,Day:1993md
79,197,3.595,30.01,1.11,133.2,7.104,Day:1993md
79,197,3.595,30.01,1.125,138.2,7.174,Day:1993md
79,197,3.595,30.01,1.14,177.2,8.367,Day:1993md
79,197,3.595,30.01,1.155,172.3,8.304,Day:1993md
79,197,3.595,30.01,1.17,194.1,6.614,Day:1993md
79,197,3.595,30.01,1.185,214.2,6.89,Day:1993md
79,197,3.595,30.01,1.2,226.9,10.4,Day:1993md
79,197,3.595,30.01,1.215,255.4,10.78,Day:1993md
79,197,3.595,30.01,1.23,256.8,10.65,Day:1993md
79,197,3.595,30.01,1.245,267.6,10.78,Day:1993md
79,197,3.595,30.01,1.26,295.3,10.1,Day:1993md
79,197,3.595,30.01,1.275,335.6,10.89,Day:1993md
79,197,3.595,30.01,1.29,337.5,23.6,Day:1993md
79,197,3.595,30.01,1.305,384.4,24.9,Day:1993md
79,197,3.595,30.01,1.32,393.7,24.66,Day:1993md
79,197,3.595,30.01,1.335,412.9,24.89,Day:1993md
79,197,3.595,30.01,1.35,414.4,16.86,Day:1993md
79,197,3.595,30.01,1.365,455.7,17.73,Day:1993md
79,197,3.595,30.01,1.38,479.5,22.55,Day:1993md
79,197,3.595,30.01,1.395,480.7,22.64,Day:1993md
79,197,3.595,30.01,1.41,498.2,22.79,Day:1993md
79,197,3.595,30.01,1.425,613.3,25.74,Day:1993md
79,197,3.595,30.01,1.44,576.9,20.28,Day:1993md
79,197,3.595,30.01,1.455,594.9,20.53,Day:1993md
79,197,3.595,30.01,1.47,646.8,35.51,Day:1993md
79,197,3.595,30.01,1.485,653.3,35.03,Day:1993md
79,197,3.595,30.01,1.5,664,35.27,Day:1993md
79,197,3.595,30.01,1.515,710.8,25.45,Day:1993md
79,197,3.595,30.01,1.53,774,26.55,Day:1993md
79,197,3.595,30.01,1.545,798.8,36.69,Day:1993md
79,197,3.595,30.01,1.56,843.9,37.07,Day:1993md
79,197,3.595,30.01,1.575,849.4,36.26,Day:1993md
79,197,3.595,30.01,1.59,909.6,38.74,Day:1993md
79,197,3.595,30.01,1.605,1019,28.7,Day:1993md
79,197,3.595,30.01,1.62,1006,38.34,Day:1993md
79,197,3.595,30.01,1.635,1164,41.41,Day:1993md
79,197,3.595,30.01,1.65,1099,40.46,Day:1993md
79,197,3.595,30.01,1.665,1161,41.46,Day:1993md
79,197,3.595,30.01,1.68,1201,34.72,Day:1993md
79,197,3.595,30.01,1.695,1250,58.78,Day:1993md
79,197,3.595,30.01,1.71,1281,57.2,Day:1993md
79,197,3.595,30.01,1.725,1310,56.42,Day:1993md
79,197,3.595,30.01,1.74,1324,56.92,Day:1993md
79,197,3.595,30.01,1.755,1463,43.23,Day:1993md
79,197,3.595,30.01,1.77,1463,42.82,Day:1993md
79,197,3.595,30.01,1.785,1567,60.24,Day:1993md
79,197,3.595,30.01,1.8,1544,59.28,Day:1993md
79,197,3.595,30.01,1.815,1536,58.44,Day:1993md
79,197,3.595,30.01,1.83,1728,50,Day:1993md
79,197,3.595,30.01,1.845,1742,77.2,Day:1993md
79,197,3.595,30.01,1.86,1809,77.85,Day:1993md
79,197,3.595,30.01,1.875,1688,74.67,Day:1993md
79,197,3.595,30.01,1.89,1845,79.04,Day:1993md
79,197,3.595,30.01,1.905,1837,57.6,Day:1993md
79,197,3.595,30.01,1.92,1992,84.69,Day:1993md
79,197,3.595,30.01,1.935,2018,83.84,Day:1993md
79,197,3.595,30.01,1.95,1979,81.39,Day:1993md
79,197,3.595,30.01,1.965,2142,56.76,Day:1993md
79,197,3.595,30.01,1.98,2030,70.5,Day:1993md
79,197,3.595,30.01,1.995,2125,71.99,Day:1993md
79,197,3.595,30.01,2.01,2145,72.38,Day:1993md
79,197,3.595,30.01,2.025,2203,74.99,Day:1993md
79,197,3.605,16.02,0.06,12.63,1.355,Day:1993md
79,197,3.605,16.02,0.075,26.01,2.005,Day:1993md
79,197,3.605,16.02,0.09,61.33,2.964,Day:1993md
79,197,3.605,16.02,0.105,107.7,3.818,Day:1993md
79,197,3.605,16.02,0.12,169.2,4.903,Day:1993md
79,197,3.605,16.02,0.135,268.6,6.266,Day:1993md
79,197,3.605,16.02,0.15,388.9,7.281,Day:1993md
79,197,3.605,16.02,0.165,537.6,8.555,Day:1993md
79,197,3.605,16.02,0.18,738.1,10.63,Day:1993md
79,197,3.605,16.02,0.195,1010,12.63,Day:1993md
79,197,4.045,15,1.11,42680,682.9,Arrington:1998ps
79,197,4.045,15,1.095,41560,656.6,Arrington:1998ps
79,197,4.045,15,1.08,42910,660.8,Arrington:1998ps
79,197,4.045,15,1.065,40770,631.9,Arrington:1998ps
79,197,4.045,15,1.05,40470,615.1,Arrington:1998ps
79,197,4.045,15,1.035,41310,615.5,Arrington:1998ps
79,197,4.045,15,1.02,42220,616.4,Arrington:1998ps
79,197,4.045,15,1.005,40990,602.6,Arrington:1998ps
79,197,4.045,15,0.99,40740,594.8,Arrington:1998ps
79,197,4.045,15,0.975,40650,589.4,Arrington:1998ps
79,197,4.045,15,0.96,40860,588.4,Arrington:1998ps
79,197,4.045,15,0.945,38210,565.5,Arrington:1998ps
79,197,4.045,15,0.93,39300,573.8,Arrington:1998ps
79,197,4.045,15,0.915,39370,578.7,Arrington:1998ps
79,197,4.045,15,0.9,41390,600.2,Arrington:1998ps
79,197,4.045,15,0.885,39480,588.3,Arrington:1998ps
79,197,4.045,15,0.87,39350,594.2,Arrington:1998ps
79,197,4.045,15,0.855,40980,610.6,Arrington:1998ps
79,197,4.045,15,0.84,40230,607.5,Arrington:1998ps
79,197,4.045,15,0.825,40650,613.8,Arrington:1998ps
79,197,4.045,15,0.81,38820,601.7,Arrington:1998ps
79,197,4.045,15,0.795,39080,609.6,Arrington:1998ps
79,197,4.045,15,0.78,40120,621.9,Arrington:1998ps
79,197,4.045,15,0.765,38220,607.7,Arrington:1998ps
79,197,4.045,15,0.75,39510,624.3,Arrington:1998ps
79,197,4.045,15,0.735,39510,628.2,Arrington:1998ps
79,197,4.045,15,0.72,39480,631.7,Arrington:1998ps
79,197,4.045,15,0.705,38850,625.5,Arrington:1998ps
79,197,4.045,15,0.69,35900,592.3,Arrington:1998ps
79,197,4.045,15,0.675,36010,601.4,Arrington:1998ps
79,197,4.045,15,0.66,34380,577.6,Arrington:1998ps
79,197,4.045,15,0.645,32120,558.9,Arrington:1998ps
79,197,4.045,15,0.63,31980,559.7,Arrington:1998ps
79,197,4.045,15,0.615,32070,170,Arrington:1998ps
79,197,4.045,15,0.6,31700,168,Arrington:1998ps
79,197,4.045,15,0.585,31340,166.1,Arrington:1998ps
79,197,4.045,15,0.57,30690,162.7,Arrington:1998ps
79,197,4.045,15,0.555,30770,163.1,Arrington:1998ps
79,197,4.045,15,0.54,29770,160.8,Arrington:1998ps
79,197,4.045,15,0.525,30320,166.8,Arrington:1998ps
79,197,4.045,15,0.51,29300,164.1,Arrington:1998ps
79,197,4.045,15,0.495,27480,159.4,Arrington:1998ps
79,197,4.045,15,0.48,25960,158.4,Arrington:1998ps
79,197,4.045,15,0.465,24970,159.8,Arrington:1998ps
79,197,4.045,15,0.45,23330,158.6,Arrington:1998ps
79,197,4.045,15,0.435,21230,152.9,Arrington:1998ps
79,197,4.045,15,0.42,19080,145,Arrington:1998ps
79,197,4.045,15,0.405,16690,136.9,Arrington:1998ps
79,197,4.045,15,0.39,14450,128.6,Arrington:1998ps
79,197,4.045,15,0.375,12210,118.4,Arrington:1998ps
79,197,4.045,15,0.36,9549,103.1,Arrington:1998ps
79,197,4.045,15,0.345,7057,85.39,Arrington:1998ps
79,197,4.045,15,0.33,5907,80.93,Arrington:1998ps
79,197,4.045,15,0.315,4947,75.19,Arrington:1998ps
79,197,4.045,15,0.3,3754,65.7,Arrington:1998ps
79,197,4.045,15,0.285,2898,57.67,Arrington:1998ps
79,197,4.045,15,0.27,2228,50.58,Arrington:1998ps
79,197,4.045,15,0.255,1625,43.23,Arrington:1998ps
79,197,4.045,15,0.24,1318,39.28,Arrington:1998ps
79,197,4.045,15,0.225,958.1,33.53,Arrington:1998ps
79,197,4.045,15,0.21,742.3,29.77,Arrington:1998ps
79,197,4.045,15,0.195,501.2,24.76,Arrington:1998ps
79,197,4.045,15,0.18,394.6,22.29,Arrington:1998ps
79,197,4.045,15,0.165,267.2,18.6,Arrington:1998ps
79,197,4.045,15,0.15,193.9,15.98,Arrington:1998ps
79,197,4.045,15,0.135,110.1,12.12,Arrington:1998ps
79,197,4.045,15,0.12,77.33,10.11,Arrington:1998ps
79,197,4.045,15,0.105,35.71,6.688,Arrington:1998ps
79,197,4.045,15,0.09,26.35,5.436,Arrington:1998ps
79,197,4.045,15,0.075,10.33,3.185,Arrington:1998ps
79,197,4.045,15,0.06,0.7436,0.9107,Arrington:1998ps
79,197,4.045,15,0.045,2.191,1.162,Arrington:1998ps
79,197,4.045,15,0.03,0.3793,0.4645,Arrington:1998ps
79,197,4.045,23,1.53,3038,28.56,Arrington:1998ps
79,197,4.045,23,1.515,2962,27.25,Arrington:1998ps
79,197,4.045,23,1.5,2927,26.64,Arrington:1998ps
79,197,4.045,23,1.485,2888,25.99,Arrington:1998ps
79,197,4.045,23,1.47,2753,24.78,Arrington:1998ps
79,197,4.045,23,1.455,2741,24.39,Arrington:1998ps
79,197,4.045,23,1.44,2646,23.81,Arrington:1998ps
79,197,4.045,23,1.425,2603,23.43,Arrington:1998ps
79,197,4.045,23,1.41,2539,23.1,Arrington:1998ps
79,197,4.045,23,1.395,2522,22.95,Arrington:1998ps
79,197,4.045,23,1.38,2418,22.49,Arrington:1998ps
79,197,4.045,23,1.365,2389,22.46,Arrington:1998ps
79,197,4.045,23,1.35,2285,21.94,Arrington:1998ps
79,197,4.045,23,1.335,2218,21.74,Arrington:1998ps
79,197,4.045,23,1.32,2151,21.29,Arrington:1998ps
79,197,4.045,23,1.305,2085,21.06,Arrington:1998ps
79,197,4.045,23,1.29,1942,20.39,Arrington:1998ps
79,197,4.045,23,1.275,1896,20.1,Arrington:1998ps
79,197,4.045,23,1.26,1838,19.85,Arrington:1998ps
79,197,4.045,23,1.245,1795,19.75,Arrington:1998ps
79,197,4.045,23,1.23,1706,19.28,Arrington:1998ps
79,197,4.045,23,1.215,1680,19.32,Arrington:1998ps
79,197,4.045,23,1.2,1645,19.25,Arrington:1998ps
79,197,4.045,23,1.185,1589,19.07,Arrington:1998ps
79,197,4.045,23,1.17,1538,18.92,Arrington:1998ps
79,197,4.045,23,1.155,1467,18.63,Arrington:1998ps
79,197,4.045,23,1.14,1419,18.45,Arrington:1998ps
79,197,4.045,23,1.125,1339,18.08,Arrington:1998ps
79,197,4.045,23,1.11,1279,10.62,Arrington:1998ps
79,197,4.045,23,1.095,1204,10.23,Arrington:1998ps
79,197,4.045,23,1.08,1121,9.753,Arrington:1998ps
79,197,4.045,23,1.065,1104,9.715,Arrington:1998ps
79,197,4.045,23,1.05,1033,9.4,Arrington:1998ps
79,197,4.045,23,1.035,975,9.165,Arrington:1998ps
79,197,4.045,23,1.02,945.1,9.073,Arrington:1998ps
79,197,4.045,23,1.005,886.8,8.957,Arrington:1998ps
79,197,4.045,23,0.99,833.9,8.839,Arrington:1998ps
79,197,4.045,23,0.975,777.3,8.706,Arrington:1998ps
79,197,4.045,23,0.96,701.5,9.33,Arrington:1998ps
79,197,4.045,23,0.945,673.2,9.223,Arrington:1998ps
79,197,4.045,23,0.93,616.1,8.872,Arrington:1998ps
79,197,4.045,23,0.915,554.7,8.542,Arrington:1998ps
79,197,4.045,23,0.9,497.5,8.159,Arrington:1998ps
79,197,4.045,23,0.885,429.8,7.607,Arrington:1998ps
79,197,4.045,23,0.87,405.3,7.498,Arrington:1998ps
79,197,4.045,23,0.855,344.9,6.932,Arrington:1998ps
79,197,4.045,23,0.84,282.1,6.319,Arrington:1998ps
79,197,4.045,23,0.825,249.1,5.953,Arrington:1998ps
79,197,4.045,23,0.81,221.2,5.574,Arrington:1998ps
79,197,4.045,23,0.795,167.7,4.696,Arrington:1998ps
79,197,4.045,23,0.78,143.8,4.472,Arrington:1998ps
79,197,4.045,23,0.765,124.2,1.664,Arrington:1998ps
79,197,4.045,23,0.75,104.9,1.5,Arrington:1998ps
79,197,4.045,23,0.735,88.09,1.348,Arrington:1998ps
79,197,4.045,23,0.72,72.53,1.211,Arrington:1998ps
79,197,4.045,23,0.705,60.39,1.087,Arrington:1998ps
79,197,4.045,23,0.69,50.12,0.9773,Arrington:1998ps
79,197,4.045,23,0.675,40.57,0.8723,Arrington:1998ps
79,197,4.045,23,0.66,35.06,0.8099,Arrington:1998ps
79,197,4.045,23,0.645,29,0.7366,Arrington:1998ps
79,197,4.045,23,0.63,23.4,0.6599,Arrington:1998ps
79,197,4.045,23,0.615,19.74,0.61,Arrington:1998ps
79,197,4.045,23,0.6,16.66,0.5614,Arrington:1998ps
79,197,4.045,23,0.585,12.99,0.4975,Arrington:1998ps
79,197,4.045,23,0.57,10.63,0.4528,Arrington:1998ps
79,197,4.045,23,0.555,9.129,0.4218,Arrington:1998ps
79,197,4.045,23,0.54,6.963,0.3725,Arrington:1998ps
79,197,4.045,23,0.525,5.339,0.3273,Arrington:1998ps
79,197,4.045,23,0.51,4.149,0.2921,Arrington:1998ps
79,197,4.045,23,0.495,3.122,0.2557,Arrington:1998ps
79,197,4.045,23,0.48,2.796,0.2444,Arrington:1998ps
79,197,4.045,23,0.465,2.068,0.2211,Arrington:1998ps
79,197,4.045,23,0.45,1.706,0.2016,Arrington:1998ps
79,197,4.045,23,0.435,1.055,0.1599,Arrington:1998ps
79,197,4.045,23,0.42,0.9389,0.1513,Arrington:1998ps
79,197,4.045,23,0.405,0.7532,0.1364,Arrington:1998ps
79,197,4.045,23,0.39,0.5362,0.1156,Arrington:1998ps
79,197,4.045,23,0.375,0.3174,0.0897,Arrington:1998ps
79,197,4.045,23,0.36,0.1706,0.06676,Arrington:1998ps
79,197,4.045,23,0.345,0.1462,0.06212,Arrington:1998ps
79,197,4.045,23,0.33,0.04854,0.03837,Arrington:1998ps
79,197,4.045,23,0.315,0.09654,0.0512,Arrington:1998ps
79,197,4.045,23,0.3,0.04818,0.03809,Arrington:1998ps
79,197,4.045,23,0.285,0.02392,0.0293,Arrington:1998ps
79,197,4.045,30,2.16,1135,9.647,Arrington:1998ps
79,197,4.045,30,2.145,1107,9.188,Arrington:1998ps
79,197,4.045,30,2.13,1059,8.79,Arrington:1998ps
79,197,4.045,30,2.115,1040,8.528,Arrington:1998ps
79,197,4.045,30,2.1,989.8,8.116,Arrington:1998ps
79,197,4.045,30,2.085,967.7,7.935,Arrington:1998ps
79,197,4.045,30,2.07,919.8,7.726,Arrington:1998ps
79,197,4.045,30,2.055,884.1,7.515,Arrington:1998ps
79,197,4.045,30,2.04,878.1,7.552,Arrington:1998ps
79,197,4.045,30,2.025,853.1,7.422,Arrington:1998ps
79,197,4.045,30,2.01,822.9,7.324,Arrington:1998ps
79,197,4.045,30,1.995,779.4,7.17,Arrington:1998ps
79,197,4.045,30,1.98,754.5,7.017,Arrington:1998ps
79,197,4.045,30,1.965,734.1,6.974,Arrington:1998ps
79,197,4.045,30,1.95,721.6,7,Arrington:1998ps
79,197,4.045,30,1.935,672.8,6.728,Arrington:1998ps
79,197,4.045,30,1.92,655.2,6.683,Arrington:1998ps
79,197,4.045,30,1.905,617.5,6.546,Arrington:1998ps
79,197,4.045,30,1.89,597.7,4.423,Arrington:1998ps
79,197,4.045,30,1.875,568.3,4.262,Arrington:1998ps
79,197,4.045,30,1.86,547.8,4.163,Arrington:1998ps
79,197,4.045,30,1.845,525,4.043,Arrington:1998ps
79,197,4.045,30,1.83,490.3,3.873,Arrington:1998ps
79,197,4.045,30,1.815,478.1,3.873,Arrington:1998ps
79,197,4.045,30,1.8,455.9,3.83,Arrington:1998ps
79,197,4.045,30,1.785,430.6,3.746,Arrington:1998ps
79,197,4.045,30,1.77,406.7,3.742,Arrington:1998ps
79,197,4.045,30,1.755,383.3,3.68,Arrington:1998ps
79,197,4.045,30,1.74,364.6,4.229,Arrington:1998ps
79,197,4.045,30,1.725,351.7,4.185,Arrington:1998ps
79,197,4.045,30,1.71,343.3,4.12,Arrington:1998ps
79,197,4.045,30,1.695,318.4,3.98,Arrington:1998ps
79,197,4.045,30,1.68,302.9,3.907,Arrington:1998ps
79,197,4.045,30,1.665,283.5,3.771,Arrington:1998ps
79,197,4.045,30,1.65,267.6,3.693,Arrington:1998ps
79,197,4.045,30,1.635,245.7,3.538,Arrington:1998ps
79,197,4.045,30,1.62,244.4,3.544,Arrington:1998ps
79,197,4.045,30,1.605,229.3,3.462,Arrington:1998ps
79,197,4.045,30,1.59,214.2,3.363,Arrington:1998ps
79,197,4.045,30,1.575,202.8,3.306,Arrington:1998ps
79,197,4.045,30,1.56,190.3,3.216,Arrington:1998ps
79,197,4.045,30,1.545,173.5,3.088,Arrington:1998ps
79,197,4.045,30,1.53,165.8,1.99,Arrington:1998ps
79,197,4.045,30,1.515,154,1.894,Arrington:1998ps
79,197,4.045,30,1.5,145.6,1.835,Arrington:1998ps
79,197,4.045,30,1.485,133.7,1.765,Arrington:1998ps
79,197,4.045,30,1.47,125.6,1.733,Arrington:1998ps
79,197,4.045,30,1.455,116.5,1.678,Arrington:1998ps
79,197,4.045,30,1.44,109.8,1.658,Arrington:1998ps
79,197,4.045,30,1.425,100.1,1.602,Arrington:1998ps
79,197,4.045,30,1.41,92.81,1.801,Arrington:1998ps
79,197,4.045,30,1.395,83.54,1.713,Arrington:1998ps
79,197,4.045,30,1.38,75.61,1.633,Arrington:1998ps
79,197,4.045,30,1.365,66.4,1.547,Arrington:1998ps
79,197,4.045,30,1.35,61.01,1.495,Arrington:1998ps
79,197,4.045,30,1.335,57.72,1.46,Arrington:1998ps
79,197,4.045,30,1.32,48.2,1.35,Arrington:1998ps
79,197,4.045,30,1.305,45.49,1.319,Arrington:1998ps
79,197,4.045,30,1.29,37.63,1.212,Arrington:1998ps
79,197,4.045,30,1.275,32.76,0.9009,Arrington:1998ps
79,197,4.045,30,1.26,28.31,0.8323,Arrington:1998ps
79,197,4.045,30,1.245,25.5,0.7905,Arrington:1998ps
79,197,4.045,30,1.23,21.01,0.7101,Arrington:1998ps
79,197,4.045,30,1.215,16.07,0.5994,Arrington:1998ps
79,197,4.045,30,1.2,14.36,0.5758,Arrington:1998ps
79,197,4.045,30,1.185,12.82,0.5461,Arrington:1998ps
79,197,4.045,30,1.17,10.55,0.4959,Arrington:1998ps
79,197,4.045,30,1.155,8.356,0.4429,Arrington:1998ps
79,197,4.045,30,1.14,7.91,0.4319,Arrington:1998ps
79,197,4.045,30,1.125,5.695,0.3685,Arrington:1998ps
79,197,4.045,30,1.11,5.756,0.3713,Arrington:1998ps
79,197,4.045,30,1.095,4.025,0.3123,Arrington:1998ps
79,197,4.045,30,1.08,3.025,0.2716,Arrington:1998ps
79,197,4.045,30,1.065,2.716,0.2591,Arrington:1998ps
79,197,4.045,30,1.05,2.167,0.2336,Arrington:1998ps
79,197,4.045,30,1.035,2.258,0.2421,Arrington:1998ps
79,197,4.045,30,1.02,1.651,0.2113,Arrington:1998ps
79,197,4.045,30,1.005,1.42,0.2006,Arrington:1998ps
79,197,4.045,30,0.99,1.377,0.203,Arrington:1998ps
79,197,4.045,30,0.975,1.089,0.1865,Arrington:1998ps
79,197,4.045,30,0.96,1.019,0.2435,Arrington:1998ps
79,197,4.045,30,0.945,0.963,0.237,Arrington:1998ps
79,197,4.045,30,0.93,0.2297,0.1218,Arrington:1998ps
79,197,4.045,30,0.915,0.7504,0.2121,Arrington:1998ps
79,197,4.045,30,0.9,0.583,0.1889,Arrington:1998ps
79,197,4.045,30,0.885,0.4702,0.1713,Arrington:1998ps
79,197,4.045,30,0.87,0.3544,0.1506,Arrington:1998ps
79,197,4.045,30,0.855,0.2408,0.1277,Arrington:1998ps
79,197,4.045,30,0.84,0.3656,0.1554,Arrington:1998ps
79,197,4.045,30,0.825,0.06189,0.0758,Arrington:1998ps
79,197,4.045,30,0.81,0.1257,0.09939,Arrington:1998ps
79,197,4.045,45,1.8,0.08463,0.02221,Arrington:1998ps
79,197,4.045,45,1.815,0.08272,0.02035,Arrington:1998ps
79,197,4.045,45,1.83,0.1324,0.02396,Arrington:1998ps
79,197,4.045,45,1.845,0.1584,0.02488,Arrington:1998ps
79,197,4.045,45,1.86,0.1232,0.02129,Arrington:1998ps
79,197,4.045,45,1.875,0.2161,0.02755,Arrington:1998ps
79,197,4.045,45,1.89,0.2016,0.02637,Arrington:1998ps
79,197,4.045,45,1.905,0.3202,0.03295,Arrington:1998ps
79,197,4.045,45,1.92,0.3499,0.03408,Arrington:1998ps
79,197,4.045,45,1.935,0.4644,0.03892,Arrington:1998ps
79,197,4.045,45,1.95,0.4397,0.03777,Arrington:1998ps
79,197,4.045,45,1.965,0.6484,0.04545,Arrington:1998ps
79,197,4.045,45,1.98,0.6863,0.04633,Arrington:1998ps
79,197,4.045,45,1.995,0.81,0.04973,Arrington:1998ps
79,197,4.045,45,2.01,1.065,0.05826,Arrington:1998ps
79,197,4.045,45,2.025,1.22,0.06259,Arrington:1998ps
79,197,4.045,45,2.04,1.494,0.06887,Arrington:1998ps
79,197,4.045,45,2.055,1.91,0.07755,Arrington:1998ps
79,197,4.045,45,2.07,2,0.0788,Arrington:1998ps
79,197,4.045,45,2.085,2.338,0.08487,Arrington:1998ps
79,197,4.045,45,2.1,2.829,0.09223,Arrington:1998ps
79,197,4.045,45,2.115,3.319,0.0999,Arrington:1998ps
79,197,4.045,45,2.13,3.754,0.09385,Arrington:1998ps
79,197,4.045,45,2.145,4.434,0.1002,Arrington:1998ps
79,197,4.045,45,2.16,4.979,0.1051,Arrington:1998ps
79,197,4.045,45,2.175,5.521,0.1099,Arrington:1998ps
79,197,4.045,45,2.19,6.383,0.12,Arrington:1998ps
79,197,4.045,45,2.205,7.274,0.1302,Arrington:1998ps
79,197,4.045,45,2.22,7.45,0.2205,Arrington:1998ps
79,197,4.045,45,2.235,8.44,0.2321,Arrington:1998ps
79,197,4.045,45,2.25,9.32,0.2423,Arrington:1998ps
79,197,4.045,45,2.265,10.87,0.2609,Arrington:1998ps
79,197,4.045,45,2.28,11.58,0.264,Arrington:1998ps
79,197,4.045,45,2.295,13.27,0.284,Arrington:1998ps
79,197,4.045,45,2.31,14.33,0.2923,Arrington:1998ps
79,197,4.045,45,2.325,15.95,0.3078,Arrington:1998ps
79,197,4.045,45,2.34,17.76,0.325,Arrington:1998ps
79,197,4.045,45,2.355,19.76,0.3399,Arrington:1998ps
79,197,4.045,45,2.37,21.28,0.3532,Arrington:1998ps
79,197,4.045,45,2.385,23.88,0.3701,Arrington:1998ps
79,197,4.045,45,2.4,26.02,0.3877,Arrington:1998ps
79,197,4.045,45,2.415,28.34,0.4053,Arrington:1998ps
79,197,4.045,45,2.43,30.89,0.4325,Arrington:1998ps
79,197,4.045,45,2.445,33.76,0.4625,Arrington:1998ps
79,197,4.045,45,2.46,36.94,0.5061,Arrington:1998ps
79,197,4.045,55,2.385,0.2451,0.05066,Arrington:1998ps
79,197,4.045,55,2.4,0.3594,0.05571,Arrington:1998ps
79,197,4.045,55,2.415,0.5033,0.06014,Arrington:1998ps
79,197,4.045,55,2.43,0.4791,0.05582,Arrington:1998ps
79,197,4.045,55,2.445,0.5987,0.06047,Arrington:1998ps
79,197,4.045,55,2.46,0.6297,0.06177,Arrington:1998ps
79,197,4.045,55,2.475,0.8919,0.07153,Arrington:1998ps
79,197,4.045,55,2.49,1.071,0.07722,Arrington:1998ps
79,197,4.045,55,2.505,1.226,0.08226,Arrington:1998ps
79,197,4.045,55,2.52,1.566,0.09083,Arrington:1998ps
79,197,4.045,55,2.535,1.769,0.0957,Arrington:1998ps
79,197,4.045,55,2.55,1.982,0.1005,Arrington:1998ps
79,197,4.045,55,2.565,2.254,0.1059,Arrington:1998ps
79,197,4.045,55,2.58,2.586,0.1125,Arrington:1998ps
79,197,4.045,55,2.595,3.076,0.1209,Arrington:1998ps
79,197,4.045,55,2.61,3.248,0.1111,Arrington:1998ps
79,197,4.045,55,2.625,4.01,0.1211,Arrington:1998ps
79,197,4.045,55,2.64,4.486,0.1247,Arrington:1998ps
79,197,4.045,55,2.655,5.131,0.1324,Arrington:1998ps
79,197,4.045,55,2.67,5.815,0.143,Arrington:1998ps
79,197,4.045,55,2.685,6.9,0.1615,Arrington:1998ps
79,197,4.045,55,2.7,7.448,0.2838,Arrington:1998ps
79,197,4.045,55,2.715,8.484,0.302,Arrington:1998ps
79,197,4.045,55,2.73,9.254,0.31,Arrington:1998ps
79,197,4.045,55,2.745,10.6,0.3328,Arrington:1998ps
79,197,4.045,55,2.76,11.54,0.3427,Arrington:1998ps
79,197,4.045,55,2.775,13.62,0.3718,Arrington:1998ps
79,197,4.045,55,2.79,14.46,0.3803,Arrington:1998ps
79,197,4.045,55,2.805,16.21,0.402,Arrington:1998ps
79,197,4.045,55,2.82,18.51,0.3758,Arrington:1998ps
79,197,4.045,55,2.835,19.92,0.3825,Arrington:1998ps
79,197,4.045,55,2.85,22.7,0.4086,Arrington:1998ps
79,197,4.045,55,2.865,25.24,0.4417,Arrington:1998ps
79,197,4.045,55,2.88,28.74,0.8018,Arrington:1998ps
79,197,4.045,55,2.895,30.58,0.8134,Arrington:1998ps
79,197,4.045,55,2.91,34.07,0.8552,Arrington:1998ps
79,197,4.045,55,2.925,35.76,0.869,Arrington:1998ps
79,197,4.045,55,2.94,40.95,0.9214,Arrington:1998ps
79,197,4.045,55,2.955,44.97,0.9624,Arrington:1998ps
79,197,4.045,55,2.97,46.24,0.971,Arrington:1998ps
79,197,4.045,55,2.985,52.44,1.028,Arrington:1998ps
79,197,4.045,55,3,52.58,1.041,Arrington:1998ps
79,197,4.045,55,3.015,62.02,1.154,Arrington:1998ps
79,197,4.045,55,3.03,66.75,1.282,Arrington:1998ps
79,197,4.045,74,3.03,0.931,0.07988,Arrington:1998ps
79,197,4.045,74,3.045,0.928,0.07238,Arrington:1998ps
79,197,4.045,74,3.06,1.18,0.07104,Arrington:1998ps
79,197,4.045,74,3.075,1.32,0.06956,Arrington:1998ps
79,197,4.045,74,3.09,1.26,0.06867,Arrington:1998ps
79,197,4.045,74,3.105,1.84,0.07802,Arrington:1998ps
79,197,4.045,74,3.12,2.13,0.08371,Arrington:1998ps
79,197,4.045,74,3.135,2.64,0.09134,Arrington:1998ps
79,197,4.045,74,3.15,3.13,0.09891,Arrington:1998ps
79,197,4.045,74,3.165,3.83,0.1072,Arrington:1998ps
79,197,4.045,74,3.18,4.34,0.1137,Arrington:1998ps
79,197,4.045,74,3.195,4.77,0.1192,Arrington:1998ps
79,197,4.045,74,3.21,5.83,0.1318,Arrington:1998ps
79,197,4.045,74,3.225,7.28,0.1332,Arrington:1998ps
79,197,4.045,74,3.24,7.52,0.1376,Arrington:1998ps
79,197,4.045,74,3.255,8.69,0.2833,Arrington:1998ps
79,197,4.045,74,3.27,9.13,0.2849,Arrington:1998ps
79,197,4.045,74,3.285,11.1,0.3086,Arrington:1998ps
79,197,4.045,74,3.3,13.2,0.3353,Arrington:1998ps
79,197,4.045,74,3.315,14.2,0.355,Arrington:1998ps
79,197,4.045,74,3.33,16.8,0.383,Arrington:1998ps
79,197,4.045,74,3.345,17.9,0.4027,Arrington:1998ps
79,197,4.045,74,3.36,20.2,0.4363,Arrington:1998ps
79,197,4.045,74,3.375,24.7,0.4866,Arrington:1998ps
79,197,4.045,74,3.39,24.2,0.5203,Arrington:1998ps
79,197,4.212,53.39,2.6586,1.637,0.1014,Arrington:1995hs
79,197,4.212,53.39,2.6689,1.839,0.09176,Arrington:1995hs
79,197,4.212,53.39,2.6807,2.206,0.09937,Arrington:1995hs
79,197,4.212,53.39,2.6924,2.699,0.1103,Arrington:1995hs
79,197,4.212,53.39,2.7042,2.946,0.1147,Arrington:1995hs
79,197,4.212,53.39,2.7159,3.484,0.124,Arrington:1995hs
79,197,4.212,53.39,2.7277,3.6,0.1236,Arrington:1995hs
79,197,4.212,53.39,2.7395,3.69,0.1236,Arrington:1995hs
79,197,4.212,53.39,2.7512,3.94,0.1263,Arrington:1995hs
79,197,4.212,53.39,2.763,4.31,0.1313,Arrington:1995hs
79,197,4.212,53.39,2.7747,5.149,0.1457,Arrington:1995hs
79,197,4.212,53.39,2.7865,6.43,0.1677,Arrington:1995hs
79,197,4.212,53.39,2.7982,6.766,0.1764,Arrington:1995hs
79,197,4.212,53.39,2.81,7.508,0.1912,Arrington:1995hs
79,197,5.12,56.64,3.5666,0.4972,0.03053,Arrington:1995hs
79,197,5.12,56.64,3.5769,0.5827,0.02783,Arrington:1995hs
79,197,5.12,56.64,3.5887,0.7186,0.03054,Arrington:1995hs
79,197,5.12,56.64,3.6004,0.8085,0.03208,Arrington:1995hs
79,197,5.12,56.64,3.6122,0.9029,0.03368,Arrington:1995hs
79,197,5.12,56.64,3.6239,0.9728,0.03462,Arrington:1995hs
79,197,5.12,56.64,3.6357,1.101,0.03664,Arrington:1995hs
79,197,5.12,56.64,3.6475,1.223,0.03857,Arrington:1995hs
79,197,5.12,56.64,3.6592,1.382,0.04113,Arrington:1995hs
79,197,5.12,56.64,3.671,1.556,0.04386,Arrington:1995hs
79,197,5.12,56.64,3.6827,1.781,0.04704,Arrington:1995hs
79,197,5.12,56.64,3.6945,2.042,0.05099,Arrington:1995hs
79,197,5.12,56.64,3.7062,2.183,0.05396,Arrington:1995hs
79,197,5.12,56.64,3.718,2.597,0.06093,Arrington:1995hs
79,197,5.766,18,0.01963829,4024,12.13073351,Fomin:2010ei
79,197,5.766,18,0.018289478,3702,10.71071434,Fomin:2010ei
79,197,5.766,18,0.017110737,3339,10.02064507,Fomin:2010ei
79,197,5.766,18,0.016077648,2976,9.853528983,Fomin:2010ei
79,197,5.766,18,0.015162205,2640,9.749429756,Fomin:2010ei
79,197,5.766,18,0.014343074,2360,9.854347613,Fomin:2010ei
79,197,5.766,18,0.013610002,2043,10.24025488,Fomin:2010ei
79,197,5.766,18,0.012948221,1782,4.510441538,Fomin:2010ei
79,197,5.766,18,0.012346093,1563,4.067384561,Fomin:2010ei
79,197,5.766,18,0.011799049,1396,3.93831906,Fomin:2010ei
79,197,5.766,18,0.011298425,1254,3.716282727,Fomin:2010ei
79,197,5.766,18,0.01083723,1124,3.635246344,Fomin:2010ei
79,197,5.766,18,0.010413432,986.7,3.514193421,Fomin:2010ei
79,197,5.766,18,0.010021533,878.9,3.427156006,Fomin:2010ei
79,197,5.766,18,0.00965701,794.8,3.39014765,Fomin:2010ei
79,197,5.766,18,0.009319053,716,3.326131711,Fomin:2010ei
79,197,5.766,18,0.009003951,618.9,3.185117943,Fomin:2010ei
79,197,5.766,18,0.008708605,539.8,3.055076501,Fomin:2010ei
79,197,5.766,18,0.008432822,489.1,3.028071096,Fomin:2010ei
79,197,5.766,18,0.00817397,430.7,2.946066,Fomin:2010ei
79,197,5.766,18,0.007929826,363.8,2.788051221,Fomin:2010ei
79,197,5.766,18,0.007700513,309.4,2.668047736,Fomin:2010ei
79,197,5.766,18,0.007484089,265.5,2.553035958,Fomin:2010ei
79,197,5.766,18,0.0072789,218.3,2.440029606,Fomin:2010ei
79,197,5.766,18,0.007085229,182,0.794061381,Fomin:2010ei
79,197,5.766,18,0.006901596,149.7,0.698855369,Fomin:2010ei
79,197,5.766,18,0.006726731,122,0.620644057,Fomin:2010ei
79,197,5.766,18,0.006560994,99.13,0.557835429,Fomin:2010ei
79,197,5.766,18,0.006403227,81.45,0.501722155,Fomin:2010ei
79,197,5.766,18,0.006252429,67.06,0.457520766,Fomin:2010ei
79,197,5.766,18,0.006108991,55.34,0.424913435,Fomin:2010ei
79,197,5.766,18,0.005971987,45.7,0.391111652,Fomin:2010ei
79,197,5.766,18,0.005840608,38.38,0.368207397,Fomin:2010ei
79,197,5.766,18,0.005715253,32.53,0.342607714,Fomin:2010ei
79,197,5.766,18,0.005595167,27.89,0.325004123,Fomin:2010ei
79,197,5.766,18,0.005479684,23.29,0.301004869,Fomin:2010ei
79,197,5.766,18,0.005369197,19.59,0.283102509,Fomin:2010ei
79,197,5.766,18,0.005263077,16.65,0.262402356,Fomin:2010ei
79,197,5.766,18,0.005160771,14.09,0.248501795,Fomin:2010ei
79,197,5.766,18,0.005062655,12.96,0.240101445,Fomin:2010ei
79,197,5.766,18,0.0049682,10.91,0.222401256,Fomin:2010ei
79,197,5.766,18,0.004876937,9.514,0.211900764,Fomin:2010ei
79,197,5.766,18,0.004789225,8.308,0.202400628,Fomin:2010ei
79,197,5.766,18,0.004704613,7.519,0.195600795,Fomin:2010ei
79,197,5.766,18,0.004622697,6.351,0.180800435,Fomin:2010ei
79,197,5.766,18,0.004543818,5.45,0.171300439,Fomin:2010ei
79,197,5.766,18,0.004467585,5.142,0.168300356,Fomin:2010ei
79,197,5.766,18,0.004393651,4.343,0.158200253,Fomin:2010ei
79,197,5.766,18,0.004322334,3.696,0.148100206,Fomin:2010ei
79,197,5.766,18,0.004253296,2.884,0.132100131,Fomin:2010ei
79,197,5.766,18,0.00418623,2.784,0.130800142,Fomin:2010ei
79,197,5.766,18,0.004121439,2.477,0.124800096,Fomin:2010ei
79,197,5.766,18,0.004058622,1.946,0.112900153,Fomin:2010ei
79,197,5.766,18,0.003997512,2.116,0.119200082,Fomin:2010ei
79,197,5.766,18,0.003938389,1.757,0.109600086,Fomin:2010ei
79,197,5.766,18,0.00388099,1.685,0.108300059,Fomin:2010ei
79,197,5.766,18,0.003825074,1.308,0.09807006,Fomin:2010ei
79,197,5.766,18,0.003770908,1.2,0.095460055,Fomin:2010ei
79,197,5.766,18,0.003718254,1.083,0.091830031,Fomin:2010ei
79,197,5.766,18,0.003666898,0.9527,0.08661003,Fomin:2010ei
79,197,5.766,18,0.00361709,0.8145,0.081040024,Fomin:2010ei
79,197,5.766,18,0.003568616,0.7796,0.079980019,Fomin:2010ei
79,197,5.766,18,0.003521284,0.7021,0.076600018,Fomin:2010ei
79,197,5.766,18,0.003475328,0.6116,0.072570013,Fomin:2010ei
79,197,5.766,18,0.003430556,0.7788,0.083010028,Fomin:2010ei
79,197,5.766,18,0.003386794,0.4009,0.059740008,Fomin:2010ei
79,197,5.766,18,0.00334426,0.3718,0.059510007,Fomin:2010ei
79,197,5.766,18,0.003302781,0.3627,0.058060006,Fomin:2010ei
79,197,5.766,18,0.003262199,0.4466,0.066560018,Fomin:2010ei
79,197,5.766,18,0.003222718,0.479,0.069860012,Fomin:2010ei
79,197,5.766,18,0.003184182,0.2711,0.052130004,Fomin:2010ei
79,197,5.766,18,0.003146446,0.1987,0.045530002,Fomin:2010ei
79,197,5.766,18,0.003109702,0.2062,0.047250003,Fomin:2010ei
79,197,5.766,18,0.003073806,0.2161,0.049510004,Fomin:2010ei
79,197,5.766,18,0.003038625,0.18,0.044920002,Fomin:2010ei
79,197,5.766,18,0.003004343,0.126,0.037870001,Fomin:2010ei
79,197,5.766,18,0.002970825,0.1453,0.041830002,Fomin:2010ei
79,197,5.766,18,0.00293795,0.1499,0.043130002,Fomin:2010ei
79,197,5.766,18,0.00290589,0.199,0.049660002,Fomin:2010ei
79,197,5.766,18,0.002874521,0.1169,0.038780002,Fomin:2010ei
79,197,5.766,18,0.002843732,0.08443,0.034110001,Fomin:2010ei
79,197,5.766,18,0.002813684,0.1851,0.049360003,Fomin:2010ei
79,197,5.766,18,0.002784265,0.06543,0.03206,Fomin:2010ei
79,197,5.766,18,0.002755369,0.06433,0.031520001,Fomin:2010ei
79,197,5.766,18,0.00272715,0.0513,0.02867,Fomin:2010ei
79,197,5.766,18,0.002699504,0.1308,0.043400002,Fomin:2010ei
79,197,5.766,18,0.002672332,0.04031,0.02688,Fomin:2010ei
79,197,5.766,18,0.00264578,0.06759,0.03311,Fomin:2010ei
79,197,5.766,18,0.002619751,0.02709,0.02346,Fomin:2010ei
79,197,5.766,18,0.002594153,0.04177,0.027850001,Fomin:2010ei
79,197,5.766,18,0.002569125,0.07159,0.035070001,Fomin:2010ei
79,197,5.766,18,0.002544575,0.02905,0.02515,Fomin:2010ei
79,197,5.766,18,0.002520419,0.06063,0.0339,Fomin:2010ei
79,197,5.766,18,0.002496787,0.01545,0.02185,Fomin:2010ei
79,197,5.766,18,0.002473594,0.03087,0.02673,Fomin:2010ei
79,197,5.766,18,0.00245076,0.07828,0.038350001,Fomin:2010ei
79,197,5.766,18,0.00242841,0.01647,0.02329,Fomin:2010ei
79,197,5.766,18,0.002384848,0.01559,0.02206,Fomin:2010ei
79,197,5.766,18,0.002363679,0.03176,0.0275,Fomin:2010ei
79,197,5.766,18,0.002342883,0.01698,0.02401,Fomin:2010ei
79,197,5.766,18,0.002263117,0.01819,0.02572,Fomin:2010ei
79,197,5.766,18,0.002225293,0.01841,0.02603,Fomin:2010ei
79,197,5.766,18,0.002206796,0.01821,0.02575,Fomin:2010ei
79,197,5.766,18,0.00215321,0.01951,0.0276,Fomin:2010ei
79,197,5.766,22,0.02388719,1063,3.104202655,Fomin:2010ei
79,197,5.766,22,0.022528823,926.1,2.634183241,Fomin:2010ei
79,197,5.766,22,0.021313189,793.4,2.379151288,Fomin:2010ei
79,197,5.766,22,0.020225128,678.7,2.287119708,Fomin:2010ei
79,197,5.766,22,0.019242765,583.8,2.209094379,Fomin:2010ei
79,197,5.766,22,0.018348858,487.9,2.095070523,Fomin:2010ei
79,197,5.766,22,0.017536646,411.1,2.124051562,Fomin:2010ei
79,197,5.766,22,0.016793292,346.4,1.146067843,Fomin:2010ei
79,197,5.766,22,0.016108427,299.4,1.036061843,Fomin:2010ei
79,197,5.766,22,0.01547905,252.4,0.988544741,Fomin:2010ei
79,197,5.766,22,0.014897005,211.3,0.879934829,Fomin:2010ei
79,197,5.766,22,0.014355583,184.9,0.854731422,Fomin:2010ei
79,197,5.766,22,0.013853591,154.4,0.803725251,Fomin:2010ei
79,197,5.766,22,0.013385521,129.8,0.753120369,Fomin:2010ei
79,197,5.766,22,0.012946775,109.7,0.709713726,Fomin:2010ei
79,197,5.766,22,0.01253707,91.72,0.670810974,Fomin:2010ei
79,197,5.766,22,0.0121525,75.97,0.629708959,Fomin:2010ei
79,197,5.766,22,0.011789768,63.45,0.594807315,Fomin:2010ei
79,197,5.766,22,0.011449055,52.3,0.554905896,Fomin:2010ei
79,197,5.766,22,0.011127481,42.24,0.512704211,Fomin:2010ei
79,197,5.766,22,0.010822591,32.71,0.466003104,Fomin:2010ei
79,197,5.766,22,0.010534804,26.22,0.196305114,Fomin:2010ei
79,197,5.766,22,0.010261926,20.36,0.167704496,Fomin:2010ei
79,197,5.766,22,0.010002069,15.94,0.145602474,Fomin:2010ei
79,197,5.766,22,0.009755768,12.38,0.127301964,Fomin:2010ei
79,197,5.766,22,0.009521307,9.697,0.112901639,Fomin:2010ei
79,197,5.766,22,0.009297195,7.792,0.105700951,Fomin:2010ei
79,197,5.766,22,0.009084017,6.105,0.095070635,Fomin:2010ei
79,197,5.766,22,0.008880395,5.131,0.089130459,Fomin:2010ei
79,197,5.766,22,0.00868513,4.017,0.080340359,Fomin:2010ei
79,197,5.766,22,0.008498815,3.167,0.071800246,Fomin:2010ei
79,197,5.766,22,0.008320326,2.532,0.065500172,Fomin:2010ei
79,197,5.766,22,0.008148676,2.178,0.062110119,Fomin:2010ei
79,197,5.766,22,0.007984449,1.836,0.057800114,Fomin:2010ei
79,197,5.766,22,0.00782671,1.476,0.052940068,Fomin:2010ei
79,197,5.766,22,0.007674637,1.144,0.047070047,Fomin:2010ei
79,197,5.766,22,0.00752879,0.9579,0.043720036,Fomin:2010ei
79,197,5.766,22,0.007388383,0.8736,0.042580036,Fomin:2010ei
79,197,5.766,22,0.007252719,0.6577,0.03754002,Fomin:2010ei
79,197,5.766,22,0.007122331,0.5724,0.03564002,Fomin:2010ei
79,197,5.766,22,0.006996549,0.4249,0.030910013,Fomin:2010ei
79,197,5.766,22,0.006874774,0.4063,0.03089001,Fomin:2010ei
79,197,5.766,22,0.006757511,0.3362,0.028410007,Fomin:2010ei
79,197,5.766,22,0.006644182,0.2969,0.027210007,Fomin:2010ei
79,197,5.766,22,0.006534268,0.2498,0.025360005,Fomin:2010ei
79,197,5.766,22,0.006428244,0.2067,0.022970003,Fomin:2010ei
79,197,5.766,22,0.006325606,0.1709,0.021530003,Fomin:2010ei
79,197,5.766,22,0.006225901,0.1292,0.019040002,Fomin:2010ei
79,197,5.766,22,0.006129574,0.1341,0.019770002,Fomin:2010ei
79,197,5.766,22,0.006036183,0.09462,0.016720001,Fomin:2010ei
79,197,5.766,22,0.005945327,0.04262,0.01179,Fomin:2010ei
79,197,5.766,22,0.005857425,0.08022,0.016030001,Fomin:2010ei
79,197,5.766,22,0.005772085,0.07635,0.015900001,Fomin:2010ei
79,197,5.766,22,0.005688951,0.05201,0.013400001,Fomin:2010ei
79,197,5.766,22,0.005608415,0.0342,0.01134,Fomin:2010ei
79,197,5.766,22,0.005530129,0.03754,0.01182,Fomin:2010ei
79,197,5.766,22,0.005453772,0.03133,0.01101,Fomin:2010ei
79,197,5.766,22,0.005379714,0.03966,0.01249,Fomin:2010ei
79,197,5.766,22,0.005307641,0.02611,0.01055,Fomin:2010ei
79,197,5.766,22,0.005237265,0.03465,0.01217,Fomin:2010ei
79,197,5.766,22,0.005168934,0.02337,0.0103,Fomin:2010ei
79,197,5.766,22,0.005102363,0.02407,0.01061,Fomin:2010ei
79,197,5.766,22,0.005037292,0.0205,0.01005,Fomin:2010ei
79,197,5.766,22,0.004974048,0.01245,0.008302,Fomin:2010ei
79,197,5.766,22,0.004912372,0.004222,0.005971,Fomin:2010ei
79,197,5.766,22,0.004852029,0.004359,0.006165,Fomin:2010ei
79,197,5.766,22,0.004793324,0.004594,0.006496,Fomin:2010ei
79,197,5.766,22,0.004736023,0.004568,0.006461,Fomin:2010ei
79,197,5.766,22,0.004679909,0.00469,0.006632,Fomin:2010ei
79,197,5.766,22,0.004625272,0.005162,0.0073,Fomin:2010ei
79,197,5.766,22,0.004275557,0.01093,0.01546,Fomin:2010ei
79,197,5.766,26,0.02807218,291.2,1.002048443,Fomin:2010ei
79,197,5.766,26,0.026710445,242.4,0.836941167,Fomin:2010ei
79,197,5.766,26,0.025471171,200.8,0.762630872,Fomin:2010ei
79,197,5.766,26,0.024345026,163.9,0.71092357,Fomin:2010ei
79,197,5.766,26,0.023314244,135.4,0.667618011,Fomin:2010ei
79,197,5.766,26,0.022364476,108.6,0.618813669,Fomin:2010ei
79,197,5.766,26,0.021491581,90.46,0.619809519,Fomin:2010ei
79,197,5.766,26,0.020684264,71.15,0.287412116,Fomin:2010ei
79,197,5.766,26,0.019933238,60.19,0.255311365,Fomin:2010ei
79,197,5.766,26,0.019236856,48.31,0.230808322,Fomin:2010ei
79,197,5.766,26,0.01858749,38.75,0.202906701,Fomin:2010ei
79,197,5.766,26,0.017978769,31.38,0.186904356,Fomin:2010ei
79,197,5.766,26,0.017410307,25.39,0.172403314,Fomin:2010ei
79,197,5.766,26,0.016876691,20.33,0.159102494,Fomin:2010ei
79,197,5.766,26,0.01637335,16.29,0.146101887,Fomin:2010ei
79,197,5.766,26,0.015900542,12.71,0.132701405,Fomin:2010ei
79,197,5.766,26,0.015454274,9.823,0.119500972,Fomin:2010ei
79,197,5.766,26,0.01503114,7.447,0.106700663,Fomin:2010ei
79,197,5.766,26,0.014631727,5.774,0.096170445,Fomin:2010ei
79,197,5.766,26,0.01425299,4.419,0.086910324,Fomin:2010ei
79,197,5.766,26,0.013892314,3.267,0.080450205,Fomin:2010ei
79,197,5.766,26,0.013550442,2.453,0.041210219,Fomin:2010ei
79,197,5.766,26,0.013224992,1.83,0.034840145,Fomin:2010ei
79,197,5.766,26,0.012913899,1.406,0.030320099,Fomin:2010ei
79,197,5.766,26,0.012617974,1.101,0.028690069,Fomin:2010ei
79,197,5.766,26,0.012335307,0.8335,0.024710046,Fomin:2010ei
79,197,5.766,26,0.012064234,0.6563,0.022120032,Fomin:2010ei
79,197,5.766,26,0.011805578,0.5185,0.020060019,Fomin:2010ei
79,197,5.766,26,0.01155778,0.3995,0.017920013,Fomin:2010ei
79,197,5.766,26,0.011319473,0.3332,0.016540011,Fomin:2010ei
79,197,5.766,26,0.011091464,0.2402,0.014330007,Fomin:2010ei
79,197,5.766,26,0.010872461,0.2285,0.014170006,Fomin:2010ei
79,197,5.766,26,0.010661318,0.1577,0.012030004,Fomin:2010ei
79,197,5.766,26,0.010458816,0.1337,0.011180002,Fomin:2010ei
79,197,5.766,26,0.010263864,0.1041,0.010020002,Fomin:2010ei
79,197,5.766,26,0.010075493,0.084,0.009164001,Fomin:2010ei
79,197,5.766,26,0.009894445,0.07112,0.008561001,Fomin:2010ei
79,197,5.766,26,0.009719789,0.04626,0.007053001,Fomin:2010ei
79,197,5.766,26,0.009550694,0.05071,0.007475001,Fomin:2010ei
79,197,5.766,26,0.009387864,0.03094,0.00595,Fomin:2010ei
79,197,5.766,26,0.009230492,0.02852,0.005816,Fomin:2010ei
79,197,5.766,26,0.00907786,0.03186,0.006243,Fomin:2010ei
79,197,5.766,26,0.008930628,0.02403,0.005506,Fomin:2010ei
79,197,5.766,26,0.008788096,0.01502,0.004512,Fomin:2010ei
79,197,5.766,26,0.008649635,0.01283,0.004255,Fomin:2010ei
79,197,5.766,26,0.008515864,0.003984,0.002656,Fomin:2010ei
79,197,5.766,26,0.008386167,0.01095,0.004107,Fomin:2010ei
79,197,5.766,26,0.00825999,0.006924,0.003392,Fomin:2010ei
79,197,5.766,26,0.008137915,0.002872,0.002487,Fomin:2010ei
79,197,5.766,26,0.008019396,0.002949,0.002553,Fomin:2010ei
79,197,5.766,26,0.007903938,0.004544,0.003029,Fomin:2010ei
79,197,5.766,26,0.007792089,0.003126,0.002707,Fomin:2010ei
79,197,5.766,26,0.007683361,0.001588,0.002246,Fomin:2010ei
79,197,5.766,26,0.007577313,0.004908,0.003272,Fomin:2010ei
79,197,5.766,26,0.007474457,0.001733,0.002451,Fomin:2010ei
79,197,5.766,26,0.007089244,0.002754,0.003894,Fomin:2010ei
79,197,5.766,32,0.040010467,91.48,0.926005239,Fomin:2010ei
79,197,5.766,32,0.03815822,72.84,0.697704598,Fomin:2010ei
79,197,5.766,32,0.036474712,57.84,0.585703598,Fomin:2010ei
79,197,5.766,32,0.034933477,46.07,0.535802624,Fomin:2010ei
79,197,5.766,32,0.033513131,35.57,0.484301912,Fomin:2010ei
79,197,5.766,32,0.032207539,27.57,0.436501292,Fomin:2010ei
79,197,5.766,32,0.030999858,22.3,0.426600823,Fomin:2010ei
79,197,5.766,32,0.029876229,17.13,0.161001517,Fomin:2010ei
79,197,5.766,32,0.028834225,13.56,0.134301193,Fomin:2010ei
79,197,5.766,32,0.027862457,10.24,0.108000889,Fomin:2010ei
79,197,5.766,32,0.026951415,7.944,0.094360586,Fomin:2010ei
79,197,5.766,32,0.026100539,6.018,0.084290397,Fomin:2010ei
79,197,5.766,32,0.025301745,4.384,0.073550264,Fomin:2010ei
79,197,5.766,32,0.024548203,3.482,0.067190194,Fomin:2010ei
79,197,5.766,32,0.023840311,2.622,0.059490135,Fomin:2010ei
79,197,5.766,32,0.023172102,1.807,0.050580078,Fomin:2010ei
79,197,5.766,32,0.022538484,1.341,0.044880052,Fomin:2010ei
79,197,5.766,32,0.021940344,0.9885,0.041150031,Fomin:2010ei
79,197,5.766,32,0.02137313,0.7599,0.026110033,Fomin:2010ei
79,197,5.766,32,0.020832928,0.5466,0.022050019,Fomin:2010ei
79,197,5.766,32,0.020320861,0.3382,0.019830008,Fomin:2010ei
79,197,5.766,32,0.019833362,0.2904,0.017800007,Fomin:2010ei
79,197,5.766,32,0.019367343,0.2193,0.015670004,Fomin:2010ei
79,197,5.766,32,0.018924021,0.1353,0.012460002,Fomin:2010ei
79,197,5.766,32,0.018500541,0.1063,0.011210001,Fomin:2010ei
79,197,5.766,32,0.01809441,0.08749,0.010380001,Fomin:2010ei
79,197,5.766,32,0.017706866,0.07017,0.009460001,Fomin:2010ei
79,197,5.766,32,0.017335575,0.05501,0.008486001,Fomin:2010ei
79,197,5.766,32,0.016978487,0.0288,0.006278,Fomin:2010ei
79,197,5.766,32,0.016636819,0.02712,0.006214,Fomin:2010ei
79,197,5.766,32,0.016308631,0.02105,0.005614,Fomin:2010ei
79,197,5.766,32,0.015992211,0.01743,0.005238,Fomin:2010ei
79,197,5.766,32,0.01568873,0.02256,0.006015,Fomin:2010ei
79,197,5.766,32,0.015396553,0.01704,0.005367,Fomin:2010ei
79,197,5.766,32,0.01511423,0.00638,0.003567,Fomin:2010ei
79,197,5.766,32,0.014842874,0.006565,0.00367,Fomin:2010ei
79,197,5.766,32,0.01458109,0.01047,0.004619,Fomin:2010ei
79,197,5.766,32,0.01408356,0.002317,0.003277,Fomin:2010ei
79,197,5.766,40,0.130804486,292.9,1.938024601,Fomin:2010ei
79,197,5.766,40,0.118615389,257.3,1.371027086,Fomin:2010ei
79,197,5.766,40,0.108504344,219.3,1.171022929,Fomin:2010ei
79,197,5.766,40,0.099958101,188.1,1.266015975,Fomin:2010ei
79,197,5.766,40,0.092680096,158.3,1.226011905,Fomin:2010ei
79,197,5.766,40,0.086389992,130.9,0.729014006,Fomin:2010ei
79,197,5.766,40,0.080883993,110.3,0.586712665,Fomin:2010ei
79,197,5.766,40,0.076051427,89.66,0.540509302,Fomin:2010ei
79,197,5.766,40,0.071763766,72.75,0.47410719,Fomin:2010ei
79,197,5.766,40,0.06792288,58.1,0.564003921,Fomin:2010ei
79,197,5.766,40,0.064482053,46.47,0.496602917,Fomin:2010ei
79,197,5.766,40,0.061373027,36.05,0.448202,Fomin:2010ei
79,197,5.766,40,0.058541931,28.7,0.447701293,Fomin:2010ei
79,197,5.766,40,0.055967899,23.06,0.325401268,Fomin:2010ei
79,197,5.766,40,0.053610689,18.39,0.327700815,Fomin:2010ei
79,197,5.766,40,0.051437769,13.86,0.29030058,Fomin:2010ei
79,197,5.766,40,0.049439898,10.5,0.25490038,Fomin:2010ei
79,197,5.766,40,0.04759142,7.354,0.216900209,Fomin:2010ei
79,197,5.766,40,0.04587122,5.441,0.21140014,Fomin:2010ei
79,197,5.766,40,0.04427566,4.248,0.065310286,Fomin:2010ei
79,197,5.766,40,0.042787367,3.088,0.0511702,Fomin:2010ei
79,197,5.766,40,0.041391833,2.301,0.045050125,Fomin:2010ei
79,197,5.766,40,0.040088247,1.591,0.038640075,Fomin:2010ei
79,197,5.766,40,0.038864264,1.144,0.032600048,Fomin:2010ei
79,197,5.766,40,0.037709453,0.8124,0.029890027,Fomin:2010ei
79,197,5.766,40,0.036624454,0.5483,0.026880015,Fomin:2010ei
79,197,5.766,40,0.035600146,0.4266,0.022340011,Fomin:2010ei
79,197,5.766,40,0.034628745,0.2986,0.017050008,Fomin:2010ei
79,197,5.766,40,0.033711628,0.2056,0.014660005,Fomin:2010ei
79,197,5.766,40,0.032841837,0.152,0.013450003,Fomin:2010ei
79,197,5.766,40,0.032013382,0.08181,0.011100001,Fomin:2010ei
79,197,5.766,40,0.031227995,0.06234,0.009471001,Fomin:2010ei
79,197,5.766,40,0.030480222,0.03826,0.007156,Fomin:2010ei
79,197,5.766,40,0.029765332,0.03498,0.007438,Fomin:2010ei
79,197,5.766,40,0.029085204,0.02463,0.006682,Fomin:2010ei
79,197,5.766,40,0.028435463,0.01039,0.00595,Fomin:2010ei
79,197,5.766,40,0.027812292,0.007199,0.003174,Fomin:2010ei
79,197,5.766,40,0.027217597,0.004899,0.004784,Fomin:2010ei
79,197,5.766,40,0.026647801,0.001683,0.00396,Fomin:2010ei
79,197,5.766,40,0.026099766,0.005422,0.003031,Fomin:2010ei
79,197,5.766,40,0.025575362,0.003198,0.002769,Fomin:2010ei
79,197,5.766,40,0.025071616,0.001999,0.002827,Fomin:2010ei
79,197,5.766,50,0.179164797,131,2.034005893,Fomin:2010ei
79,197,5.766,50,0.164042308,119.3,1.555006439,Fomin:2010ei
79,197,5.766,50,0.151238607,97.89,1.069006106,Fomin:2010ei
79,197,5.766,50,0.140319306,82.34,1.01000494,Fomin:2010ei
79,197,5.766,50,0.130870561,68.55,0.955503742,Fomin:2010ei
79,197,5.766,50,0.122590818,53.9,0.685903326,Fomin:2010ei
79,197,5.766,50,0.115316944,44.61,0.57950278,Fomin:2010ei
79,197,5.766,50,0.108857906,35.64,0.525402015,Fomin:2010ei
79,197,5.766,50,0.10306763,28.29,0.417401592,Fomin:2010ei
79,197,5.766,50,0.097877028,21.37,0.44660089,Fomin:2010ei
79,197,5.766,50,0.093184167,17.09,0.397700657,Fomin:2010ei
79,197,5.766,50,0.088908514,12.76,0.362900419,Fomin:2010ei
79,197,5.766,50,0.085019182,10.01,0.229900409,Fomin:2010ei
79,197,5.766,50,0.081455869,7.121,0.206400257,Fomin:2010ei
79,197,5.766,50,0.078169788,5.483,0.185800176,Fomin:2010ei
79,197,5.766,50,0.075147283,3.937,0.156700113,Fomin:2010ei
79,197,5.766,50,0.072349813,2.992,0.140100069,Fomin:2010ei
79,197,5.766,50,0.069745631,2.26,0.147500047,Fomin:2010ei
