q_0.1_x,q_0.1_RL_1b,q_0.1_RT_1b,q_0.1_RL_1b2b,q_0.1_RT_1b2b,,q_0.148_x,q_0.148_RL_1b,q_0.148_RT_1b,q_0.148_RL_1b2b,q_0.148_RT_1b2b,,q_0.167_x,q_0.167_RL_1b,q_0.167_RT_1b,q_0.167_RL_1b2b,q_0.167_RT_1b2b,,q_0.205_x,q_0.205_RL_1b,q_0.205_RT_1b,q_0.205_RL_1b2b,q_0.205_RT_1b2b,,q_0.24_x,q_0.24_RL_1b,q_0.24_RT_1b,q_0.24_RL_1b2b,q_0.24_RT_1b2b,,q_0.3_x,q_0.3_RL_1b,q_0.3_RT_1b,q_0.3_RL_1b2b,q_0.3_RT_1b2b,,q_0.38_x,q_0.38_RL_1b,q_0.38_RT_1b,q_0.38_RL_1b2b,q_0.38_RT_1b2b,,q_0.475_x,q_0.475_RL_1b,q_0.475_RT_1b,q_0.475_RL_1b2b,q_0.475_RT_1b2b,,q_0.57_x,q_0.57_RL_1b,q_0.57_RT_1b,q_0.57_RL_1b2b,q_0.57_RT_1b2b,,q_0.649_x,q_0.649_RL_1b,q_0.649_RT_1b,q_0.649_RL_1b2b,q_0.649_RT_1b2b
10,0.0703346,0.00602566,0.0700972,0.00807933,,10,0.0395077,0.00326105,0.0395695,0.00425473,,10,0.026855,0.00267757,0.0269479,0.00346519,,10,0.0115953,0.00231679,0.0116403,0.0029462,,10,0.00569857,0.00214039,0.00569853,0.00267759,,10,0.00147417,0.00130233,0.0014698,0.00159386,,10,0.0001551,0.0003902,0.000151784,0.000467202,,10,4.96E-06,1.92E-05,4.72E-06,2.25E-05,,10,0,0,-7.11E-10,0,,10,0,0,-7.11E-10,0
11,0.147451,0.0126573,0.146964,0.01701,,11,0.0862277,0.00705649,0.0863602,0.009234,,11,0.059476,0.00584521,0.0596821,0.00759058,,11,0.0261004,0.0051171,0.0262116,0.00652806,,11,0.0130803,0.00490136,0.0130855,0.00614455,,11,0.00372588,0.00326651,0.00371427,0.00400515,,11,0.000415525,0.00106454,0.000407734,0.00127784,,11,1.50E-05,6.34E-05,1.43E-05,7.42E-05,,11,0,0,-7.11E-10,0,,11,0,0,-7.11E-10,0
12,0.24538,0.0212836,0.244568,0.0286431,,12,0.149728,0.0124087,0.149935,0.0162601,,12,0.105256,0.0104367,0.1056,0.0135747,,12,0.0478849,0.00934844,0.0480844,0.0119456,,12,0.0246587,0.00918475,0.0246729,0.0115274,,12,0.00750942,0.00656867,0.00749027,0.00806236,,12,0.000850235,0.00230879,0.000836925,0.00277612,,12,3.51E-05,0.000159966,3.34E-05,0.000187335,,12,0,0,-7.11E-10,0,,12,0,0,-7.11E-10,0
13,0.324837,0.0287913,0.323731,0.0387809,,13,0.208066,0.0179508,0.208282,0.0235306,,13,0.150024,0.015486,0.150439,0.0201473,,13,0.0720298,0.0142501,0.0722814,0.0182128,,13,0.0385819,0.014258,0.0385899,0.0178973,,13,0.0125235,0.0108202,0.0124927,0.0132886,,13,0.00148886,0.00413101,0.00146818,0.00497429,,13,6.77E-05,0.000330453,6.42E-05,0.000387249,,13,0,0,-7.11E-10,0,,13,0,0,-7.11E-10,0
14,0.344245,0.0318,0.342997,0.0428524,,14,0.234072,0.0218986,0.234155,0.028685,,14,0.174761,0.0196119,0.17507,0.0254861,,14,0.0907855,0.0186178,0.0909677,0.0237642,,14,0.0511976,0.0186681,0.0511541,0.0234108,,14,0.0175747,0.0147194,0.017522,0.0180801,,14,0.00234361,0.00617772,0.00230886,0.00744879,,14,0.000119425,0.000569784,0.000113329,0.000668167,,14,2.08E-12,8.61E-11,-7.09E-10,9.65E-11,,14,0,0,-7.11E-10,0
15,0.295998,0.0295734,0.294799,0.0398571,,15,0.217458,0.0234205,0.217272,0.0306192,,15,0.170261,0.0219938,0.170271,0.0285098,,15,0.098507,0.0215504,0.0984666,0.027437,,15,0.0593105,0.0212877,0.0591504,0.0266444,,15,0.0214028,0.0169025,0.0213099,0.0207561,,15,0.00339176,0.00785475,0.00332989,0.00948488,,15,0.000201213,0.000840954,0.000191282,0.00098693,,15,1.04E-08,2.67E-08,9.20E-09,3.04E-08,,15,0,0,-7.11E-10,0
16,0.213065,0.0246361,0.212038,0.0331933,,16,0.173188,0.0232286,0.172702,0.0302607,,16,0.144145,0.0228907,0.143783,0.0295567,,16,0.0952302,0.0230014,0.0948845,0.0291913,,16,0.0620321,0.0221395,0.0617036,0.0276486,,16,0.0237266,0.0171429,0.0235654,0.0210428,,16,0.00465435,0.00878723,0.0045486,0.0106305,,16,0.000325478,0.00109782,0.000310274,0.00128976,,16,8.04E-08,2.21E-07,7.59E-08,2.52E-07,,16,0,0,-7.11E-10,0
17,0.137569,0.020283,0.136734,0.0273023,,17,0.12622,0.0226961,0.125525,0.0294141,,17,0.112326,0.0231559,0.11168,0.0297499,,17,0.0852949,0.023577,0.0846797,0.0298362,,17,0.0607238,0.0222372,0.060212,0.0277376,,17,0.0254624,0.0166281,0.0251955,0.0204171,,17,0.00621847,0.0091447,0.00605498,0.0110888,,17,0.000503554,0.00132352,0.000481717,0.00155733,,17,3.52E-07,9.74E-07,3.35E-07,1.11E-06,,17,0,0,-7.11E-10,0
18,0.0904813,0.0181281,0.0897919,0.0243639,,18,0.0927658,0.0227452,0.09199,0.0293087,,18,0.0869302,0.0235103,0.0861558,0.03005,,18,0.0738683,0.0239314,0.0730949,0.0302323,,18,0.057612,0.0225765,0.0569396,0.0281897,,18,0.0277365,0.0168581,0.0273291,0.0207417,,18,0.00814039,0.00946165,0.00791405,0.0115042,,18,0.000740138,0.00154192,0.000710813,0.00181841,,18,1.13E-06,3.09E-06,1.08E-06,3.53E-06,,18,0,0,-7.11E-10,0
19,0.0693592,0.0178715,0.0687571,0.0239803,,19,0.0760209,0.0235614,0.0752458,0.0302194,,19,0.0725835,0.0243223,0.0717916,0.0309596,,19,0.0653931,0.024618,0.0645566,0.0310851,,19,0.0551725,0.0236735,0.0543739,0.0296437,,19,0.0310015,0.0184805,0.0304366,0.022818,,19,0.0102993,0.010146,0.0100152,0.0123707,,19,0.00102909,0.00179109,0.000992198,0.00211871,,19,2.91E-06,7.89E-06,2.78E-06,9.02E-06,,19,0,0,-7.11E-10,0
20,0.0628013,0.0183995,0.0622525,0.0246524,,20,0.0717246,0.0247193,0.0709673,0.031615,,20,0.0683541,0.0254549,0.0675757,0.0323179,,20,0.0621755,0.0257616,0.061316,0.0325354,,20,0.0551558,0.0254567,0.0542606,0.0319759,,20,0.0349716,0.0211225,0.0342584,0.0261734,,20,0.0124186,0.0112316,0.012088,0.0137309,,20,0.00135343,0.00209741,0.00130953,0.00249029,,20,6.35E-06,1.69E-05,6.07E-06,1.93E-05,,20,0,0,-7.11E-10,0
21,0.0650359,0.0190724,0.0645272,0.0255169,,21,0.0766435,0.0258464,0.0758986,0.0330224,,21,0.0724469,0.0266402,0.0716779,0.0337866,,21,0.0645676,0.0271566,0.0636962,0.0343071,,21,0.0579466,0.0275085,0.056985,0.0346312,,21,0.0389846,0.023948,0.0381581,0.029757,,21,0.0142025,0.0124529,0.0138391,0.0152592,,21,0.00168944,0.00246445,0.00163939,0.00293766,,21,1.20E-05,3.14E-05,1.15E-05,3.59E-05,,21,0,0,-7.11E-10,0
22,0.0688132,0.0192568,0.0683596,0.025711,,22,0.0855446,0.0264745,0.084812,0.0338263,,22,0.0810158,0.0274478,0.0802527,0.0348083,,22,0.0704875,0.0283528,0.0696157,0.035824,,22,0.0623916,0.029291,0.0614012,0.0369214,,22,0.0424064,0.0262891,0.0415169,0.0327299,,22,0.0154866,0.0135342,0.0151048,0.0166134,,22,0.002012,0.00287088,0.00195677,0.00343472,,22,2.03E-05,5.17E-05,1.94E-05,5.93E-05,,22,0,0,-7.11E-10,0
23,0.0726407,0.0189036,0.0722628,0.0251673,,23,0.0957851,0.0265351,0.0950786,0.0339342,,23,0.0912107,0.0277526,0.090464,0.0352224,,23,0.0775113,0.02906,0.0766599,0.0367244,,23,0.0668059,0.0303822,0.0658294,0.03832,,23,0.0447338,0.0277549,0.0438347,0.0346042,,23,0.0162598,0.0143254,0.0158739,0.0176071,,23,0.00230097,0.00328926,0.00224162,0.00394769,,23,3.10E-05,7.76E-05,2.98E-05,8.90E-05,,23,0,0,-7.11E-10,0
24,0.0761423,0.018146,0.075856,0.0240674,,24,0.106526,0.0262163,0.10586,0.0335881,,24,0.102179,0.0277413,0.101462,0.0352731,,24,0.0847846,0.0293866,0.0839756,0.0371586,,24,0.0705828,0.0308284,0.0696586,0.0388957,,24,0.045849,0.0283362,0.044987,0.0353705,,24,0.0165969,0.0148289,0.0162202,0.0182482,,24,0.00254476,0.003691,0.00248248,0.00444212,,24,4.40E-05,0.000108009,4.23E-05,0.000123965,,24,0,0,-7.11E-10,0
25,0.0790645,0.0171662,0.0788768,0.0226587,,25,0.11687,0.0256913,0.116258,0.0329966,,25,0.112958,0.0275576,0.112281,0.0351331,,25,0.0918318,0.0295138,0.0910813,0.0373628,,25,0.0736279,0.03086,0.0727827,0.0389514,,25,0.0459981,0.0282901,0.0452068,0.0353529,,25,0.0166076,0.0151642,0.0162516,0.0186902,,25,0.00274092,0.00406896,0.00267694,0.00490982,,25,5.85E-05,0.000141681,5.63E-05,0.000162877,,25,0,0,-7.11E-10,0
26,0.0812581,0.0161469,0.0811651,0.0211916,,26,0.126326,0.0251534,0.125771,0.0323924,,26,0.123112,0.0273846,0.12248,0.0350211,,26,0.0985735,0.0296497,0.0978859,0.0376001,,26,0.0762174,0.0307855,0.0754617,0.0388873,,26,0.0455951,0.027959,0.0448913,0.034984,,26,0.0164126,0.015437,0.016085,0.0190656,,26,0.00289384,0.00442937,0.0028293,0.00535867,,26,7.35E-05,0.000177412,7.09E-05,0.000204392,,26,0,0,-7.11E-10,0
27,0.0825869,0.0152275,0.0825763,0.0198605,,27,0.134418,0.0247407,0.133914,0.0319397,,27,0.132196,0.0273442,0.131603,0.0350768,,27,0.104963,0.0299426,0.104331,0.038051,,27,0.0786637,0.0308438,0.0779929,0.0390079,,27,0.0450523,0.027642,0.0444371,0.0346412,,27,0.0161375,0.0157124,0.0158413,0.0194511,,27,0.00301148,0.00477875,0.00294733,0.00579658,,27,8.83E-05,0.00021433,8.53E-05,0.000247606,,27,0,0,-7.11E-10,0
28,0.0829235,0.0144807,0.0829784,0.0187715,,28,0.140698,0.024522,0.140234,0.0317196,,28,0.139742,0.0274881,0.139177,0.0353548,,28,0.110797,0.0304418,0.110206,0.0387679,,28,0.0810943,0.0311456,0.080493,0.039449,,28,0.0446684,0.0275314,0.0441307,0.0345642,,28,0.0158884,0.0160212,0.0156218,0.0198796,,28,0.00310487,0.00512446,0.00304167,0.00623194,,28,0.000101832,0.000251989,9.86E-05,0.000292101,,28,6.76E-13,7.40E-12,-7.11E-10,8.14E-12
29,0.0821856,0.0139195,0.082288,0.0179484,,29,0.144822,0.0244971,0.144386,0.0317304,,29,0.14536,0.0278028,0.14481,0.0358318,,29,0.115811,0.0311137,0.115243,0.0396973,,29,0.083483,0.0316751,0.0829303,0.040181,,29,0.0445979,0.0276917,0.0441185,0.0348288,,29,0.015747,0.0163832,0.0155043,0.0203712,,29,0.00318685,0.00547066,0.00312467,0.00666911,,29,0.000113633,0.000290462,0.000110245,0.000338024,,29,1.49E-10,1.41E-09,-5.70E-10,1.55E-09
30,0.0803876,0.0135174,0.0805215,0.0173575,,30,0.146657,0.0246304,0.146237,0.0319288,,30,0.148838,0.0282503,0.148291,0.0364595,,30,0.119779,0.0319125,0.119216,0.0407761,,30,0.0857343,0.0323834,0.0852082,0.0411344,,30,0.044883,0.028106,0.0444401,0.0354087,,30,0.0157635,0.0168053,0.0155369,0.0209322,,30,0.00327327,0.00581979,0.00321164,0.00711013,,30,0.000123848,0.000330402,0.000120401,0.000386155,,30,1.12E-09,1.02E-08,3.49E-10,1.13E-08
31,0.0776368,0.0132234,0.0777897,0.0169295,,31,0.146319,0.0248613,0.145907,0.0322405,,31,0.150221,0.0287747,0.149669,0.0371696,,31,0.122619,0.0327893,0.122047,0.041942,,31,0.0877504,0.0332195,0.0872308,0.0422415,,31,0.0454932,0.0287339,0.0450659,0.036251,,31,0.0159527,0.0172907,0.0157339,0.0215668,,31,0.00337843,0.00617193,0.00331643,0.00755425,,31,0.000133379,0.000373062,0.000129912,0.000437918,,31,4.83E-09,4.30E-08,3.88E-09,4.76E-08
32,0.0741377,0.0129892,0.0743004,0.0165965,,32,0.14415,0.0251271,0.143741,0.0325882,,32,0.14979,0.0293185,0.14923,0.0378926,,32,0.124416,0.0336974,0.123824,0.0431387,,32,0.0894797,0.034131,0.088951,0.0434364,,32,0.0463636,0.0295246,0.0459338,0.0372914,,32,0.0162975,0.017839,0.0160786,0.0222751,,32,0.00351062,0.00652628,0.00344713,0.00799994,,32,0.000143575,0.000419898,0.000140062,0.000494918,,32,1.56E-08,1.41E-07,1.41E-08,1.55E-07
33,0.0700705,0.0127295,0.0702388,0.0162367,,33,0.14057,0.0253324,0.140164,0.0328503,,33,0.147934,0.0298031,0.147363,0.0385303,,33,0.125339,0.0345888,0.124721,0.0443072,,33,0.0909146,0.0350725,0.0903663,0.0446634,,33,0.0474174,0.0304286,0.046972,0.0384695,,33,0.0167619,0.0184438,0.0165367,0.0230516,,33,0.00366888,0.00688091,0.00360287,0.00844458,,33,0.000155815,0.000471979,0.000152184,0.000558285,,33,4.99E-08,4.67E-07,4.72E-08,5.03E-07
34,0.0657584,0.0124952,0.0659276,0.0159171,,34,0.136084,0.0255098,0.135681,0.0330664,,34,0.145111,0.0302407,0.144531,0.0390966,,34,0.125595,0.0354301,0.12495,0.0454054,,34,0.0920338,0.0359904,0.0914617,0.0458556,,34,0.0485408,0.0313834,0.0480727,0.0397087,,34,0.017298,0.0190903,0.0170624,0.0238793,,34,0.00384582,0.00723219,0.00377654,0.00888418,,34,0.00017075,0.000529891,0.00016691,0.000628537,,34,1.86E-07,1.15E-06,1.81E-07,1.23E-06
35,0.0613763,0.0122672,0.0615442,0.0156088,,35,0.131129,0.0256659,0.130729,0.0332445,,35,0.14175,0.0306537,0.141161,0.0396191,,35,0.125526,0.0362921,0.12485,0.0465208,,35,0.0930512,0.0369488,0.0924485,0.0470935,,35,0.0497671,0.0324086,0.0492698,0.0410334,,35,0.0178838,0.0197779,0.0176348,0.0247582,,35,0.00403249,0.00757832,0.00395952,0.00931689,,35,0.000188262,0.000592536,0.000184126,0.000704413,,35,4.91E-07,2.57E-06,4.82E-07,2.72E-06
36,0.0570162,0.0119766,0.0571841,0.0152158,,36,0.125874,0.0256936,0.125483,0.0332481,,36,0.137987,0.0309398,0.137397,0.0399682,,36,0.12514,0.0370718,0.124436,0.0475236,,36,0.0939329,0.0378807,0.0932984,0.048293,,36,0.0510904,0.0334929,0.0505592,0.0424298,,36,0.0185329,0.020522,0.0182677,0.0257072,,36,0.00422568,0.00792465,0.00414869,0.00974938,,36,0.000207924,0.000658957,0.000203425,0.000784748,,36,8.88E-07,4.52E-06,8.73E-07,4.76E-06
37,0.0527888,0.0116281,0.052959,0.0147443,,37,0.120514,0.0255861,0.120137,0.0330697,,37,0.133994,0.031081,0.133409,0.0401219,,37,0.124518,0.0377392,0.123793,0.0483759,,37,0.0946873,0.0387408,0.0940234,0.0493965,,37,0.0524113,0.0345625,0.0518469,0.0438049,,37,0.0192128,0.0212978,0.0189303,0.0266958,,37,0.00442304,0.00827474,0.00434178,0.0101861,,37,0.00022921,0.000728213,0.000224307,0.000868447,,37,1.36E-06,6.91E-06,1.33E-06,7.28E-06
38,0.0487363,0.0112282,0.0489113,0.014204,,38,0.115133,0.0253405,0.114778,0.0327069,,38,0.129847,0.0310674,0.129277,0.0400691,,38,0.123709,0.0382771,0.122969,0.0490565,,38,0.0953683,0.039521,0.0946785,0.0503945,,38,0.053721,0.0355957,0.0531254,0.045131,,38,0.0199049,0.0220855,0.0196053,0.0276997,,38,0.00462204,0.00862913,0.00453644,0.010628,,38,0.000251733,0.000800132,0.000246403,0.000955307,,38,1.92E-06,9.76E-06,1.89E-06,1.03E-05
39,0.0449994,0.0107919,0.0451818,0.013614,,39,0.10992,0.0249675,0.109596,0.0321743,,39,0.125713,0.0309046,0.125166,0.0398176,,39,0.122788,0.038681,0.122042,0.0495601,,39,0.0960165,0.0402173,0.0953053,0.0512824,,39,0.0550258,0.0365831,0.054402,0.046396,,39,0.0206113,0.022879,0.0202952,0.0287107,,39,0.00482386,0.00899074,0.00473389,0.0110787,,39,0.000275392,0.000875127,0.000269627,0.00104584,,39,2.61E-06,1.31E-05,2.57E-06,1.38E-05
40,0.0415703,0.0103295,0.0417622,0.0129889,,40,0.104924,0.0244768,0.104636,0.0314863,,40,0.12166,0.0305973,0.121146,0.0393751,,40,0.121819,0.0389473,0.121075,0.049883,,40,0.0966816,0.04083,0.0959543,0.0520606,,40,0.0563287,0.0375174,0.0556804,0.0475901,,40,0.0213382,0.0236765,0.0210066,0.0297263,,40,0.00503037,0.00936167,0.00493598,0.0115408,,40,0.000300468,0.000954214,0.000294261,0.00114129,,40,3.45E-06,1.71E-05,3.40E-06,1.81E-05
41,0.038452,0.00985349,0.0386548,0.0123453,,41,0.100157,0.02389,0.0999121,0.0306719,,41,0.1177,0.0301651,0.117227,0.0387685,,41,0.120808,0.0390837,0.120077,0.0500369,,41,0.0973609,0.04136,0.0966237,0.0527311,,41,0.0576228,0.0383932,0.0569544,0.0487064,,41,0.0220891,0.0244747,0.0217432,0.0307415,,41,0.0052444,0.00974526,0.00514558,0.0120183,,41,0.000327477,0.0010386,0.000320806,0.00124307,,41,4.48E-06,2.18E-05,4.42E-06,2.32E-05
42,0.0356212,0.00937007,0.0358355,0.0116922,,42,0.095608,0.0232206,0.095411,0.0297497,,42,0.113836,0.0296193,0.113411,0.0380136,,42,0.119765,0.0390957,0.119053,0.0500291,,42,0.0980523,0.0418085,0.0973113,0.0532959,,42,0.0588887,0.039208,0.0582049,0.0497427,,42,0.0228608,0.0252724,0.0225017,0.0317549,,42,0.00546775,0.0101423,0.00536444,0.0125121,,42,0.000356979,0.00112936,0.0003498,0.00135243,,42,5.75E-06,2.76E-05,5.69E-06,2.94E-05
43,0.033037,0.00888257,0.033263,0.0110348,,43,0.0912434,0.0224828,0.0910974,0.0287393,,43,0.110043,0.028974,0.109671,0.0371292,,43,0.11868,0.03899,0.117996,0.0498682,,43,0.0987401,0.0421737,0.0980013,0.0537516,,43,0.0601078,0.0399568,0.0594135,0.0506923,,43,0.0236453,0.0260669,0.0232744,0.032763,,43,0.00570128,0.0105536,0.00559344,0.0130233,,43,0.0003894,0.00122708,0.000381655,0.00147,,43,7.30E-06,3.44E-05,7.24E-06,3.68E-05
44,0.0306557,0.00839279,0.0308928,0.0103762,,44,0.0870215,0.0216893,0.086928,0.027658,,44,0.106292,0.0282434,0.105977,0.0361346,,44,0.117526,0.0387752,0.116875,0.0495649,,44,0.0993964,0.0424564,0.0986652,0.0540991,,44,0.0612628,0.0406393,0.0605627,0.051555,,44,0.0244316,0.0268523,0.0240503,0.0337582,,44,0.00594418,0.0109777,0.00583177,0.0135496,,44,0.000424852,0.00133162,0.000416471,0.00159553,,44,9.17E-06,4.25E-05,9.11E-06,4.56E-05
45,0.0284412,0.00790298,0.0286886,0.00972001,,45,0.0829084,0.0208522,0.0828675,0.0265221,,45,0.102555,0.0274413,0.102299,0.0350478,,45,0.116268,0.0384594,0.115655,0.0491294,,45,0.0999842,0.0426577,0.0992654,0.0543398,,45,0.0623407,0.0412582,0.0616393,0.0523348,,45,0.0252073,0.0276244,0.0248171,0.0347354,,45,0.00619425,0.0114116,0.00607728,0.0140876,,45,0.000463188,0.00144239,0.000454104,0.00172824,,45,1.14E-05,5.18E-05,1.13E-05,5.58E-05
46,0.0263714,0.00741736,0.0266279,0.00907233,,46,0.0788903,0.0199852,0.0789007,0.0253501,,46,0.0988196,0.0265828,0.0986227,0.033889,,46,0.114872,0.038052,0.114301,0.0485735,,46,0.100466,0.0427797,0.099764,0.0544762,,46,0.0633317,0.041816,0.062633,0.0530349,,46,0.0259638,0.0283805,0.025566,0.035691,,46,0.00644927,0.011853,0.00632779,0.0146342,,46,0.000503988,0.0015585,0.000494151,0.00186706,,46,1.39E-05,6.23E-05,1.38E-05,6.73E-05
47,0.0244363,0.00694155,0.0247005,0.00844074,,47,0.0749705,0.0191027,0.0750298,0.0241609,,47,0.0950896,0.0256842,0.0949503,0.0326794,,47,0.113318,0.0375633,0.112791,0.0479106,,47,0.100815,0.0428271,0.100133,0.0545146,,47,0.0642309,0.0423156,0.0635382,0.0536594,,47,0.026696,0.0291189,0.0262918,0.0366231,,47,0.00670724,0.012299,0.00658132,0.015186,,47,0.000546786,0.00167917,0.000536163,0.0020111,,47,1.67E-05,7.40E-05,1.66E-05,8.01E-05
48,0.0226337,0.00648187,0.0229038,0.00783346,,48,0.0711658,0.0182197,0.0712707,0.0229743,,48,0.0913844,0.0247624,0.0913004,0.031441,,48,0.111611,0.0370062,0.111129,0.0471575,,48,0.101017,0.0428056,0.100357,0.0544623,,48,0.0650387,0.0427594,0.0643547,0.0542113,,48,0.0274027,0.0298387,0.0269934,0.0375306,,48,0.00696688,0.012748,0.00683662,0.0157409,,48,0.00059127,0.00180411,0.000579848,0.00216008,,48,1.99E-05,8.68E-05,1.98E-05,9.42E-05
49,0.0209654,0.00604451,0.0212396,0.00725828,,49,0.0674994,0.017351,0.0676461,0.0218094,,49,0.0877349,0.0238349,0.0877029,0.0301968,,49,0.109772,0.036396,0.109335,0.0463338,,49,0.101077,0.0427246,0.100441,0.0543315,,49,0.0657619,0.0431505,0.0650886,0.0546944,,49,0.0280855,0.0305397,0.027672,0.0384132,,49,0.00722703,0.0131982,0.00709253,0.016297,,49,0.000637415,0.00193359,0.000625188,0.00231442,,49,2.34E-05,0.000100827,2.33E-05,0.000109469
50,0.0194341,0.00563464,0.0197103,0.00672151,,50,0.0639931,0.0165098,0.0641772,0.020683,,50,0.0841711,0.0229184,0.0841869,0.0289678,,50,0.107833,0.0357489,0.10744,0.0454607,,50,0.101009,0.0425941,0.100398,0.0541351,,50,0.066411,0.0434943,0.0657496,0.0551152,,50,0.0287473,0.0312224,0.0283303,0.0392713,,50,0.00748685,0.0136487,0.00734824,0.0168531,,50,0.00068536,0.00206807,0.000672316,0.00247477,,50,2.72E-05,0.000116023,2.71E-05,0.000126134
51,0.0180366,0.00525537,0.0183128,0.00622668,,51,0.0606619,0.0157059,0.0608785,0.0196075,,51,0.0807166,0.022026,0.0807757,0.0277712,,51,0.105825,0.0350802,0.105475,0.0445579,,51,0.100833,0.0424265,0.100248,0.0538888,,51,0.0669952,0.0437972,0.0663465,0.0554817,,51,0.0293912,0.0318873,0.0289711,0.0401054,,51,0.00774675,0.0140998,0.00760409,0.0174097,,51,0.000735498,0.00220839,0.00072161,0.00264212,,51,3.14E-05,0.000132553,3.13E-05,0.000144301
53,0.0156294,0.00459217,0.0158994,0.00536557,,53,0.0545369,0.0142298,0.0548041,0.0176331,,53,0.074166,0.0203451,0.074297,0.0255138,,53,0.101666,0.0337234,0.101395,0.0427201,,53,0.100203,0.0420181,0.0996668,0.0532927,,53,0.0680015,0.0443134,0.0673776,0.0560926,,53,0.03064,0.0331702,0.0302144,0.0417082,,53,0.00826611,0.015002,0.00811559,0.0185215,,53,0.000843701,0.00250817,0.000827975,0.0029997,,53,4.10E-05,0.000170034,4.08E-05,0.000185642
55,0.0136814,0.00404585,0.0139383,0.00466042,,55,0.0490665,0.0129286,0.0493657,0.0158921,,55,0.0680488,0.0188139,0.068233,0.0234517,,55,0.0972979,0.032374,0.0970947,0.0408815,,55,0.0991751,0.0415431,0.0986834,0.0525957,,55,0.068831,0.0447542,0.0682288,0.0565949,,55,0.0318446,0.0343966,0.031413,0.0432298,,55,0.00878365,0.0159009,0.00862541,0.019627,,55,0.000962722,0.00283168,0.000944923,0.00338533,,55,5.23E-05,0.000213482,5.21E-05,0.000233744
57,0.0121105,0.00359705,0.0123495,0.0040849,,57,0.0441531,0.011781,0.0444688,0.0143571,,57,0.0623008,0.0174175,0.0625219,0.0215675,,57,0.0926757,0.0310335,0.0925295,0.0390455,,57,0.0976586,0.0409922,0.0972073,0.0517852,,57,0.0695315,0.0451512,0.0689462,0.0570275,,57,0.0330036,0.0355721,0.0325654,0.0446764,,57,0.00929684,0.0167891,0.00913093,0.0207167,,57,0.00108988,0.0031732,0.00106984,0.00379215,,57,6.51E-05,0.000262109,6.48E-05,0.000287707
59,0.0108069,0.00321852,0.0110259,0.0036035,,59,0.0396721,0.0107535,0.0399934,0.0129869,,59,0.0568639,0.0161297,0.0571097,0.0198313,,59,0.0878278,0.0296913,0.0877303,0.037204,,59,0.0956638,0.0403452,0.0952496,0.0508396,,59,0.0701236,0.0455049,0.0695509,0.0573926,,59,0.0341257,0.0367031,0.0336801,0.0460572,,59,0.00980943,0.0176646,0.00963583,0.0217887,,59,0.00122298,0.00353062,0.00120062,0.00421805,,59,7.93E-05,0.000315307,7.88E-05,0.000346913
61,0.00979611,0.00291591,0.00999346,0.00322131,,61,0.035697,0.00984652,0.0360154,0.0117816,,61,0.0518467,0.0149467,0.0521077,0.0182404,,61,0.0829048,0.0283435,0.0828503,0.0353576,,61,0.0933176,0.0395953,0.092939,0.0497564,,61,0.0706361,0.0457994,0.0700729,0.0576735,,61,0.0352361,0.0377949,0.0347825,0.0473812,,61,0.0103293,0.0185327,0.0101479,0.0228497,,61,0.0013645,0.00390878,0.00133969,0.00466917,,61,9.48E-05,0.000374011,9.43E-05,0.000412552
63,0.00902815,0.00267637,0.0092033,0.00292079,,63,0.0322633,0.00905605,0.0325716,0.0107349,,63,0.0473709,0.0138803,0.0476386,0.0168095,,63,0.0781988,0.0270306,0.0781815,0.0335598,,63,0.0908747,0.0387799,0.0905307,0.0485852,,63,0.0711358,0.0460602,0.0705812,0.057904,,63,0.0363467,0.0388631,0.0358847,0.0486682,,63,0.0108608,0.0193998,0.0106716,0.0239074,,63,0.00151798,0.00431197,0.00149044,0.00515034,,63,0.000112383,0.000439979,0.000111707,0.000486692
65,0.00841476,0.00246375,0.00856991,0.00265641,,65,0.029192,0.00831182,0.0294891,0.00975739,,65,0.0432522,0.0128512,0.043524,0.0154388,,65,0.0735598,0.0256735,0.0735785,0.0317139,,65,0.088206,0.0378296,0.0878995,0.0472407,,65,0.0715753,0.0462473,0.0710303,0.0580338,,65,0.037439,0.0398912,0.036969,0.0498977,,65,0.0114018,0.0202687,0.0112046,0.0249648,,65,0.00168238,0.00473735,0.00165188,0.00565784,,65,0.000132061,0.00051357,0.000131191,0.00056971
67,0.00796376,0.00229902,0.00809936,0.00245424,,67,0.0265536,0.00767795,0.0268347,0.00892901,,67,0.0395872,0.0119392,0.0398566,0.0142291,,67,0.0691357,0.02438,0.0691834,0.029958,,67,0.0854288,0.0368245,0.0851578,0.045827,,67,0.0719629,0.0463801,0.0714271,0.0580874,,67,0.0384959,0.040867,0.0380188,0.0510543,,67,0.011945,0.0211358,0.01174,0.0260174,,67,0.00185456,0.0051798,0.00182096,0.00618546,,67,0.000153678,0.000593983,0.000152569,0.000660663
69,0.00761155,0.00215534,0.0077296,0.00227979,,69,0.0242344,0.00709432,0.024499,0.00817278,,69,0.0362656,0.0110786,0.0365302,0.0130969,,69,0.0648549,0.0230856,0.0649289,0.0282132,,69,0.0825083,0.0357324,0.0822735,0.0443074,,69,0.0722637,0.0464448,0.0717376,0.0580504,,69,0.039524,0.041796,0.0390402,0.0521465,,69,0.0124889,0.0219985,0.012276,0.0270629,,69,0.00203402,0.00563923,0.0019972,0.00673349,,69,0.0001772,0.000681247,0.000175823,0.000759686
71,0.00733733,0.00203097,0.00743973,0.00213034,,71,0.0222062,0.00656071,0.0224541,0.00748697,,71,0.0332725,0.010271,0.0335305,0.0120429,,71,0.0607635,0.0218013,0.0608616,0.0264944,,71,0.079495,0.0345544,0.0792972,0.0426861,,71,0.0724538,0.046409,0.0719398,0.0578841,,71,0.0405086,0.0426569,0.0400195,0.0531495,,71,0.0130399,0.0228593,0.0128191,0.0281047,,71,0.00222355,0.00611991,0.00218333,0.00730719,,71,0.000203083,0.000776927,0.000201406,0.000868717
73,0.00712021,0.00192365,0.00720871,0.00200274,,73,0.020438,0.00607845,0.0206694,0.0068716,,73,0.0305937,0.00952294,0.0308439,0.0110738,,73,0.0568942,0.0205474,0.0570139,0.0248276,,73,0.07646,0.0333214,0.0762987,0.0410032,,73,0.0725573,0.0462899,0.0720574,0.0576108,,73,0.0414431,0.0434367,0.0409501,0.0540485,,73,0.0136034,0.0237229,0.0133746,0.0291482,,73,0.00242535,0.00662406,0.00238147,0.00790893,,73,0.000232052,0.000882712,0.000230012,0.000989696
75,0.00694309,0.00183028,0.00701925,0.00189303,,75,0.0189005,0.00564548,0.0191154,0.00632278,,75,0.0281978,0.00883432,0.0284389,0.0101879,,75,0.0532343,0.0193312,0.0533727,0.0232214,,75,0.0733989,0.0320505,0.0732729,0.0392812,,75,0.0725281,0.0460878,0.0720442,0.0572308,,75,0.0423203,0.0441359,0.0418246,0.0548444,,75,0.0141732,0.024584,0.0139365,0.0301861,,75,0.0026373,0.00714726,0.00258956,0.0085332,,75,0.00026442,0.000999088,0.000261932,0.0011231
77,0.00679448,0.00174807,0.00685974,0.00179767,,77,0.0175659,0.00525876,0.0177646,0.00583554,,77,0.0260514,0.00820195,0.0262823,0.00937988,,77,0.0497695,0.0181558,0.0499231,0.0216791,,77,0.0702945,0.0307501,0.0702021,0.0375309,,77,0.0723096,0.0457825,0.0718438,0.0567187,,77,0.043135,0.0447624,0.0426375,0.055546,,77,0.0147465,0.025439,0.014502,0.0312142,,77,0.00285616,0.00768435,0.00280442,0.00917385,,77,0.000299766,0.00112533,0.00029676,0.00126809
79,0.00666478,0.0016748,0.00672046,0.0017139,,79,0.016409,0.00491587,0.0165919,0.00540567,,79,0.0241264,0.00762394,0.024346,0.00864601,,79,0.046499,0.0170281,0.0466645,0.0202087,,79,0.0671608,0.0294316,0.0670999,0.0357677,,79,0.071906,0.0453768,0.0714597,0.0560795,,79,0.0438713,0.0453084,0.0433731,0.0561442,,79,0.0153259,0.0262913,0.0150736,0.0322369,,79,0.00308147,0.00823525,0.00302563,0.00983103,,79,0.000337677,0.0012611,0.000334106,0.0014244
81,0.0065431,0.00160853,0.00659035,0.00163927,,81,0.0154093,0.00461506,0.0155769,0.00502988,,81,0.022402,0.00710012,0.0226097,0.00798459,,81,0.0434242,0.0159554,0.0435984,0.0188182,,81,0.0640411,0.0281088,0.0640092,0.0340099,,81,0.0713658,0.0448882,0.0709396,0.0553371,,81,0.0445316,0.0457667,0.0440338,0.0566309,,81,0.0159132,0.0271412,0.0156531,0.0332551,,81,0.00331609,0.00880309,0.00325598,0.0105086,,81,0.000378901,0.00140825,0.000374701,0.00159431
83,0.00641714,0.00154715,0.00645699,0.00157123,,83,0.0145499,0.00435416,0.0147027,0.00470459,,83,0.0208625,0.00662971,0.0210577,0.00739328,,83,0.0405419,0.0149419,0.040722,0.0175115,,83,0.0609717,0.0267963,0.0609661,0.0322756,,83,0.0707045,0.0443235,0.0702987,0.0545003,,83,0.0451426,0.0461559,0.0446459,0.0570294,,83,0.0165123,0.0279904,0.0162444,0.0342702,,83,0.00356134,0.00938752,0.00349672,0.0112059,,83,0.000424553,0.00156897,0.00041962,0.0017804
85,0.00628183,0.00148924,0.00631521,0.00150803,,85,0.0138162,0.00412954,0.0139549,0.00442475,,85,0.0194938,0.00620957,0.0196763,0.00686705,,85,0.0378495,0.0139894,0.0380327,0.0162896,,85,0.0579642,0.0255036,0.0579818,0.0305764,,85,0.0698977,0.04368,0.0695127,0.0535655,,85,0.045711,0.0464924,0.0452159,0.0573594,,85,0.0171261,0.0288439,0.0168502,0.0352874,,85,0.00381505,0.00998493,0.00374573,0.0119183,,85,0.000474589,0.00174314,0.00046882,0.00198237
87,0.00613759,0.00143404,0.00616537,0.00144863,,87,0.0131966,0.00393749,0.0133219,0.00418542,,87,0.0182858,0.00583646,0.0184554,0.00640108,,87,0.0353455,0.013099,0.0355293,0.0151528,,87,0.0550206,0.0242359,0.0550582,0.0289185,,87,0.0689426,0.0429655,0.0685788,0.0525432,,87,0.0462122,0.0467688,0.0457191,0.0576113,,87,0.0177478,0.0297002,0.0174639,0.0363052,,87,0.00407502,0.0105926,0.00400088,0.0126427,,87,0.000528309,0.00192963,0.000521628,0.00219887
89,0.00598361,0.00138071,0.00600659,0.001392,,89,0.0126819,0.0037754,0.0127945,0.00398302,,89,0.0172283,0.00550798,0.0173849,0.00599168,,89,0.0330248,0.0122706,0.033207,0.0141001,,89,0.0521532,0.0229975,0.0522078,0.0273072,,89,0.0678608,0.0421886,0.0675184,0.0514461,,89,0.0466424,0.0469826,0.0461523,0.0577825,,89,0.0183653,0.0305492,0.0180736,0.0373116,,89,0.00434139,0.0112105,0.00426231,0.0133794,,89,0.000585914,0.00212961,0.000578255,0.00243137
91,0.00581598,0.00132802,0.00583482,0.00133671,,91,0.012262,0.00364125,0.0123628,0.00381469,,91,0.0163082,0.00522165,0.0164521,0.00563511,,91,0.0308808,0.0115029,0.0310595,0.0131286,,91,0.0493831,0.0217961,0.0494519,0.0257517,,91,0.066682,0.0413532,0.0663609,0.0502801,,91,0.0470355,0.0471497,0.0465488,0.0578942,,91,0.0189837,0.0313914,0.0186842,0.0383076,,91,0.00461651,0.0118411,0.00453238,0.0141312,,91,0.00064862,0.00234582,0.000639882,0.00268313
93,0.00562996,0.00127461,0.00564523,0.00128124,,93,0.0119271,0.00353308,0.0120168,0.00367761,,93,0.0155123,0.00497423,0.0156437,0.00532684,,93,0.028911,0.0107952,0.0290847,0.0122366,,93,0.0467235,0.0206403,0.0468042,0.0242623,,93,0.0654186,0.0404629,0.0651184,0.0490508,,93,0.047408,0.047281,0.0469251,0.0579601,,93,0.0196184,0.0322364,0.0193111,0.0393047,,93,0.00490114,0.0124858,0.00481179,0.0148993,,93,0.000717035,0.00257884,0.000707088,0.00295479
95,0.00542532,0.00121999,0.00543756,0.00122499,,95,0.0116674,0.00344843,0.0117468,0.00356857,,95,0.014831,0.00476238,0.0149505,0.00506237,,95,0.0271129,0.0101472,0.0272804,0.0114225,,95,0.0441804,0.0195358,0.0442707,0.0228449,,95,0.0640688,0.0395253,0.0637894,0.0477681,,95,0.0477435,0.047372,0.0472647,0.0579745,,95,0.0202672,0.0330817,0.0199519,0.0402993,,95,0.0051923,0.0131419,0.00509763,0.0156802,,95,0.000790706,0.00282687,0.000779427,0.00324424
,,,,,,97,0.0114745,0.00338479,0.0115445,0.00348441,,97,0.0142578,0.00458333,0.0143658,0.00483804,,97,0.025477,0.00955645,0.0256373,0.0106828,,97,0.0417598,0.018484,0.0418575,0.0215008,,97,0.0626319,0.0385462,0.0623729,0.04644,,97,0.0480321,0.047419,0.0475576,0.0579328,,97,0.0209131,0.033915,0.0205902,0.0412761,,97,0.00548741,0.0138049,0.00538735,0.0164685,,97,0.000869249,0.00308921,0.000856533,0.0035507
,,,,,,99,0.0113397,0.00333976,0.0114011,0.00342222,,99,0.013783,0.00443459,0.0138803,0.00465049,,99,0.0239901,0.00901974,0.0241424,0.0100126,,99,0.0394702,0.0174861,0.0395732,0.0202306,,99,0.0611154,0.0375271,0.0608765,0.0450689,,99,0.0482862,0.0474258,0.047816,0.0578406,,99,0.0215507,0.0347325,0.0212203,0.0422312,,99,0.00578676,0.014473,0.00568127,0.0172624,,99,0.000952992,0.00336723,0.000938736,0.00387579
,,,,,,101,0.0112544,0.00331119,0.011308,0.00337933,,101,0.0133949,0.00431377,0.013482,0.00449642,,101,0.0226402,0.00853432,0.0227841,0.00940775,,101,0.0373154,0.0165427,0.037422,0.0190345,,101,0.0595392,0.0364721,0.0593203,0.0436613,,101,0.0485227,0.0474003,0.048057,0.0577081,,101,0.0221881,0.0355392,0.0218505,0.0431705,,101,0.00609337,0.0151479,0.00598235,0.0180639,,101,0.00104324,0.00366336,0.0010273,0.00422229
,,,,,,106,0.0112007,0.00328698,0.0112383,0.00332806,,106,0.0127267,0.00410792,0.012792,0.00422574,,106,0.0197989,0.0075167,0.0199215,0.00814324,,106,0.0324582,0.0143998,0.0325687,0.0163367,,106,0.0554172,0.0337254,0.0552471,0.0400407,,106,0.0489821,0.047202,0.0485278,0.057209,,106,0.0237865,0.0375097,0.0234317,0.0454501,,106,0.0068824,0.0168525,0.00675735,0.0200851,,106,0.00130085,0.00448556,0.00128002,0.00518445
,,,,,,111,0.0112924,0.00330547,0.0113176,0.00333048,,111,0.0124318,0.00402529,0.0124788,0.00410147,,111,0.017689,0.00676944,0.0177892,0.00721647,,111,0.0283287,0.0125913,0.0284346,0.0140826,,111,0.0511101,0.0309105,0.0509827,0.0363872,,111,0.0492152,0.0467877,0.048775,0.0564465,,111,0.0252917,0.0392947,0.0249223,0.0474923,,111,0.00769175,0.0185637,0.00755263,0.0221121,,111,0.00159491,0.00540836,0.00156841,0.00626534
,,,,,,116,0.0113665,0.00332779,0.011383,0.00334262,,116,0.0123732,0.004022,0.0124062,0.00407045,,116,0.0161347,0.00622927,0.0162146,0.00654418,,116,0.0248276,0.0110797,0.0249248,0.0122137,,116,0.0467395,0.0280786,0.0466494,0.0327644,,116,0.0492674,0.0461841,0.0488437,0.0554571,,116,0.0267034,0.0408679,0.0263221,0.0492709,,116,0.00852682,0.0202697,0.00837354,0.0241301,,116,0.00193218,0.00643646,0.001899,0.00746989
,,,,,,121,0.0113419,0.00332927,0.0113524,0.00333786,,121,0.0124536,0.00406711,0.0124761,0.00409733,,121,0.0150238,0.00586122,0.0150861,0.00608009,,121,0.0219594,0.00985813,0.0220453,0.0107108,,121,0.0424206,0.0253323,0.0423618,0.0292913,,121,0.0490035,0.0453306,0.0485994,0.0541709,,121,0.0278936,0.0421255,0.0275041,0.0506602,,121,0.00936886,0.021944,0.00920163,0.0261079,,121,0.00230985,0.00756028,0.00226916,0.00878684
,,,,,,126,0.0111297,0.00328314,0.0111362,0.00328804,,126,0.0125967,0.00413607,0.0126117,0.0041546,,126,0.0142702,0.00563438,0.0143173,0.00578453,,126,0.0196488,0.00889403,0.0197227,0.00952705,,126,0.0382836,0.022738,0.0382502,0.0260411,,126,0.0484782,0.0442336,0.0480969,0.0525967,,126,0.0289293,0.0431256,0.028534,0.0517333,,126,0.0102256,0.0236112,0.0100446,0.0280717,,126,0.00273259,0.00878304,0.00268348,0.0102192
,,,,,,131,0.0106926,0.00317404,0.0106964,0.00317683,,131,0.0127259,0.00420248,0.0127356,0.00421366,,131,0.0138089,0.00551814,0.0138436,0.00561954,,131,0.0178141,0.00815368,0.0178755,0.00861766,,131,0.0343623,0.0203355,0.0343488,0.0230568,,131,0.0475448,0.0428385,0.0471896,0.0506773,,131,0.0297412,0.0437893,0.0293436,0.0523995,,131,0.0110986,0.0252605,0.0109038,0.030006,,131,0.0031856,0.0100893,0.00312747,0.011748
,,,,,,136,0.0100034,0.00299115,0.0100056,0.00299285,,136,0.0127613,0.00423835,0.0127674,0.0042451,,136,0.0135868,0.00548848,0.0136118,0.00555574,,136,0.0163919,0.0076046,0.0164419,0.00793991,,136,0.0307026,0.0181415,0.0307041,0.0203544,,136,0.0462025,0.0411249,0.0458761,0.0483977,,136,0.0304533,0.044244,0.0300555,0.0528084,,136,0.0120062,0.0269124,0.0117974,0.0319352,,136,0.00366873,0.0114493,0.003601,0.0133394
,,,,,,141,0.00908274,0.00273705,0.00908404,0.00273826,,141,0.0126378,0.00422123,0.0126416,0.00422554,,141,0.0135432,0.00552152,0.0135607,0.00556538,,141,0.0153252,0.00721818,0.0153649,0.00745714,,141,0.0273649,0.0161808,0.0273765,0.0179562,,141,0.0444067,0.0390939,0.0441124,0.0457624,,141,0.0310056,0.0444696,0.0306101,0.052937,,141,0.0129279,0.0285447,0.0127053,0.0338287,,141,0.00417933,0.0128453,0.00410174,0.0149721
,,,,,,,,,,,,146,0.0122949,0.00412525,0.0122972,0.00412841,,146,0.0136339,0.00559895,0.0136458,0.00562724,,146,0.014566,0.00696785,0.0145967,0.00713525,,146,0.0243968,0.0144714,0.0244153,0.0158763,,146,0.0422984,0.0368364,0.0420378,0.0428786,,146,0.0315064,0.0445391,0.0311143,0.0528754,,146,0.0138843,0.030169,0.0136482,0.0357038,,146,0.00471222,0.0142597,0.00462467,0.0166239
,,,,,,,,,,,,151,0.0116767,0.00392753,0.0116782,0.00393028,,151,0.0138222,0.0057044,0.0138304,0.00572256,,151,0.0140729,0.00682833,0.0140958,0.00694381,,151,0.021832,0.0130299,0.0218544,0.014128,,151,0.0399114,0.034416,0.0396847,0.0398239,,151,0.0318883,0.0444622,0.0315015,0.0526345,,151,0.0148249,0.0317352,0.0145763,0.0375006,,151,0.00525166,0.0156757,0.00515411,0.0182756
,,,,,,,,,,,,156,0.0107604,0.00362974,0.0107614,0.00363249,,156,0.0140618,0.0058207,0.0140673,0.00583263,,156,0.0137912,0.00677399,0.0138082,0.0068525,,156,0.0196573,0.0118414,0.0196812,0.0126887,,156,0.0373316,0.0319025,0.0371382,0.0366857,,156,0.0321968,0.0442725,0.0318166,0.0522557,,156,0.0157482,0.0332218,0.0154885,0.039196,,156,0.00580078,0.0170953,0.00569324,0.0199299
,,,,,,,,,,,,161,0.00959652,0.00324664,0.00959719,0.00324946,,161,0.0142879,0.00592574,0.0142915,0.00593415,,161,0.0136833,0.00678366,0.0136956,0.00683642,,161,0.0178492,0.0108832,0.0178726,0.0115286,,161,0.0346044,0.0293516,0.0344429,0.0335297,,161,0.0324019,0.0439431,0.0320291,0.0517069,,161,0.0166268,0.034597,0.0163569,0.0407491,,161,0.00634856,0.0184774,0.0062313,0.021539
,,,,,,,,,,,,,,,,,,166,0.0144406,0.00599602,0.014443,0.00600283,,166,0.0137056,0.00683763,0.0137144,0.00687287,,166,0.0163681,0.0101298,0.0163895,0.0106145,,166,0.0318615,0.0268414,0.0317296,0.0304478,,166,0.0325101,0.0434797,0.0321468,0.0509976,,166,0.0174212,0.0357913,0.0171435,0.0420815,,166,0.00691192,0.019842,0.00678483,0.023123
,,,,,,,,,,,,,,,,,,171,0.0144604,0.00600912,0.0144622,0.00601557,,171,0.0138251,0.00692277,0.0138314,0.00694654,,171,0.0151942,0.00955696,0.0152128,0.00991599,,171,0.0291414,0.0244346,0.0290361,0.0275114,,171,0.0324586,0.042839,0.0321073,0.0500796,,171,0.0181425,0.0368131,0.0178583,0.0432057,,171,0.00747546,0.0211731,0.00733877,0.0246642
,,,,,,,,,,,,,,,,,,176,0.0142863,0.00594142,0.0142878,0.00594806,,176,0.0140086,0.00702681,0.014013,0.00704322,,176,0.0143063,0.00913867,0.0143221,0.00940067,,176,0.0265201,0.022164,0.0264379,0.0247565,,176,0.0322357,0.0419867,0.031899,0.0489136,,176,0.0187472,0.0375833,0.0184592,0.0440359,,176,0.00806982,0.022517,0.00792337,0.026214
,,,,,,,,,,,,,,,,,,181,0.0138716,0.00577509,0.0138729,0.00578221,,181,0.0142283,0.00713796,0.0142313,0.00714998,,181,0.0136622,0.00884971,0.0136753,0.00903813,,181,0.0240305,0.0200661,0.0239683,0.0222248,,181,0.0318221,0.0409333,0.0315023,0.0475136,,181,0.0192759,0.038174,0.0189856,0.0446516,,181,0.00865582,0.0238309,0.00850032,0.0277212
,,,,,,,,,,,,,,,,,,186,0.0131836,0.00549487,0.0131848,0.0055027,,186,0.014463,0.00724698,0.0144653,0.00725668,,186,0.013215,0.00866252,0.0132259,0.00879652,,186,0.0217245,0.0181719,0.0216793,0.0199508,,186,0.0311903,0.039663,0.03089,0.0458661,,186,0.0197005,0.038542,0.0194096,0.0450033,,186,0.00926269,0.0251414,0.00909827,0.0292174
,,,,,,,,,,,,,,,,,,191,0.0122015,0.0050892,0.0122028,0.00509758,,191,0.0146858,0.00734305,0.0146877,0.0073518,,191,0.0129287,0.00855572,0.0129374,0.00865014,,191,0.0196589,0.016507,0.0196278,0.0179578,,191,0.0303537,0.0381681,0.0300753,0.0439655,,191,0.0200445,0.0387434,0.0197542,0.0451585,,191,0.00986539,0.0264044,0.00969234,0.030654
,,,,,,,,,,,,,,,,,,196,0.0109451,0.00457185,0.0109463,0.00458009,,196,0.0148568,0.00740872,0.0148585,0.00741735,,196,0.0127714,0.00850985,0.012778,0.00857571,,196,0.0178377,0.0150684,0.0178174,0.0162379,,196,0.0293179,0.0364562,0.0290632,0.0418252,,196,0.0203448,0.0388266,0.020056,0.0451727,,196,0.0104672,0.0276257,0.010286,0.0320379
,,,,,,,,,,,,,,,,,,,,,,,,201,0.0149222,0.0074211,0.0149238,0.00743008,,201,0.0127145,0.00850659,0.0127197,0.00855209,,201,0.0162579,0.013846,0.0162452,0.0147791,,201,0.0281019,0.0345805,0.0278722,0.0395082,,201,0.0205857,0.0388141,0.0203002,0.0450729,,201,0.0110544,0.0287808,0.0108656,0.0333416
,,,,,,,,,,,,,,,,,,,,,,,,211,0.0145143,0.00718695,0.014516,0.0071972,,211,0.0127997,0.00857447,0.0128028,0.00859649,,211,0.013791,0.0119932,0.0137874,0.012571,,211,0.025246,0.0305054,0.0250664,0.0345441,,211,0.0209496,0.038495,0.0206731,0.0445272,,211,0.0121379,0.0307915,0.0119369,0.0355876
,,,,,,,,,,,,,,,,,,,,,,,,221,0.0131369,0.00649443,0.0131387,0.00650572,,221,0.0130289,0.00868362,0.0130307,0.00869583,,221,0.0121407,0.0108025,0.0121425,0.0111443,,221,0.0220763,0.026309,0.0219438,0.0295,,221,0.0211148,0.0378027,0.020851,0.0435458,,221,0.0130179,0.0322381,0.0128092,0.0371693
,,,,,,,,,,,,,,,,,,,,,,,,231,0.0107348,0.00531312,0.0107367,0.00532328,,231,0.0133057,0.00878943,0.0133072,0.00879877,,231,0.0111324,0.0100992,0.0111353,0.0102932,,231,0.0189175,0.0223418,0.018826,0.0247814,,231,0.0210057,0.036667,0.0207593,0.042052,,231,0.0136656,0.0330785,0.0134541,0.038053
,,,,,,,,,,,,,,,,,,,,,,,,,,,,,,241,0.013569,0.00886711,0.0135704,0.00887627,,241,0.0105892,0.00972596,0.0105916,0.00983073,,241,0.0160012,0.0188331,0.0159418,0.0206362,,241,0.0205064,0.0349259,0.020283,0.039871,,241,0.0141439,0.0334138,0.0139333,0.0383549
,,,,,,,,,,,,,,,,,,,,,,,,,,,,,,251,0.0137509,0.00888168,0.0137522,0.00889136,,251,0.0103674,0.00955693,0.0103692,0.00961116,,251,0.0135229,0.0159535,0.0134872,0.0172447,,251,0.0195746,0.0326223,0.0193802,0.037063,,251,0.0144847,0.0333752,0.0142783,0.0382264
,,,,,,,,,,,,,,,,,,,,,,,,,,,,,,261,0.0136758,0.00873287,0.0136776,0.00874316,,261,0.01034,0.00949722,0.0103415,0.00952438,,261,0.0115371,0.0137326,0.0115177,0.01463,,261,0.0182764,0.0298076,0.0181139,0.0336952,,261,0.014709,0.0330554,0.0145095,0.0377717
,,,,,,,,,,,,,,,,,,,,,,,,,,,,,,271,0.0130393,0.00823887,0.0130415,0.0082495,,271,0.0104165,0.00948199,0.0104177,0.00949583,,271,0.0100307,0.0120952,0.0100214,0.0126968,,271,0.0166346,0.0266705,0.0165052,0.0299858,,271,0.0148043,0.0324478,0.0146141,0.0369913
,,,,,,,,,,,,,,,,,,,,,,,,,,,,,,281,0.011564,0.00723955,0.0115664,0.00725005,,281,0.010539,0.0094762,0.0105399,0.00948481,,281,0.00896594,0.0109665,0.00896198,0.0113549,,281,0.0148645,0.0234483,0.0147659,0.0262038,,281,0.0147777,0.0315526,0.0145996,0.0358828
,,,,,,,,,,,,,,,,,,,,,,,,,,,,,,291,0.00924344,0.00574843,0.00924545,0.0057571,,291,0.0106729,0.00946003,0.0106738,0.00946699,,291,0.00826856,0.0102285,0.00826761,0.0104675,,291,0.0130551,0.0203511,0.012984,0.0225857,,291,0.0145127,0.0302671,0.0143504,0.0343355
,,,,,,,,,,,,,,,,,,,,,,,,,,,,,,,,,,,,301,0.0107993,0.00942332,0.0108003,0.00942995,,301,0.00784678,0.00977542,0.0078466,0.0099155,,301,0.0113091,0.0175214,0.0112614,0.0192806,,301,0.0139876,0.0285289,0.0138448,0.0322852
,,,,,,,,,,,,,,,,,,,,,,,,,,,,,,,,,,,,311,0.0108786,0.00931243,0.0108798,0.00931928,,311,0.00761681,0.0094788,0.00761712,0.00955593,,311,0.00975133,0.0150632,0.00972063,0.0164043,,311,0.0132198,0.026378,0.013099,0.0297779
,,,,,,,,,,,,,,,,,,,,,,,,,,,,,,,,,,,,321,0.0108965,0.00914738,0.0108979,0.00915455,,321,0.00750932,0.00927477,0.00750966,0.00931411,,321,0.00845122,0.0130556,0.00843284,0.0140413,,321,0.0122611,0.0239546,0.0121633,0.0269683
,,,,,,,,,,,,,,,,,,,,,,,,,,,,,,,,,,,,331,0.0108558,0.0089339,0.0108575,0.00894113,,331,0.00748479,0.00913129,0.0074852,0.0091506,,331,0.00740711,0.0114992,0.0073967,0.0121937,,331,0.0111566,0.0214063,0.0110809,0.0240149
,,,,,,,,,,,,,,,,,,,,,,,,,,,,,,,,,,,,341,0.0106293,0.00857596,0.0106311,0.00858294,,341,0.00750753,0.00901617,0.00750796,0.00902572,,341,0.00662221,0.010344,0.0066165,0.0108107,,341,0.0099709,0.0188402,0.00991508,0.0210326
,,,,,,,,,,,,,,,,,,,,,,,,,,,,,,,,,,,,351,0.00997156,0.00789568,0.00997348,0.00790213,,351,0.00755121,0.0089047,0.00755169,0.00891016,,351,0.00605839,0.00952259,0.00605529,0.00981938,,351,0.00879296,0.0164135,0.00875307,0.0181937
,,,,,,,,,,,,,,,,,,,,,,,,,,,,,,,,,,,,361,0.00869124,0.0067656,0.00869323,0.00677134,,361,0.00760021,0.00878568,0.00760069,0.00879003,,361,0.00568158,0.00895798,0.00568001,0.00913525,,361,0.00769493,0.0142449,0.00766759,0.0156343
,,,,,,,,,,,,,,,,,,,,,,,,,,,,,,,,,,,,371,0.00681095,0.00522379,0.00681278,0.00522824,,371,0.00764507,0.00865265,0.00764564,0.00865678,,371,0.00545011,0.00857838,0.00544914,0.00867785,,371,0.00673288,0.0124099,0.00671464,0.0134485
,,,,,,,,,,,,,,,,,,,,,,,,,,,,,,,,,,,,,,,,,,381,0.00768059,0.00850388,0.0076813,0.00850809,,381,0.00532738,0.00832929,0.00532695,0.00838186,,381,0.00592923,0.0109113,0.00591731,0.0116504
,,,,,,,,,,,,,,,,,,,,,,,,,,,,,,,,,,,,,,,,,,391,0.0077056,0.00834087,0.00770655,0.00834496,,391,0.00527982,0.00815946,0.00527963,0.00818553,,391,0.00528398,0.00974166,0.00527616,0.0102432
,,,,,,,,,,,,,,,,,,,,,,,,,,,,,,,,,,,,,,,,,,401,0.00771929,0.00816329,0.00772037,0.00816724,,401,0.00527869,0.00803269,0.00527858,0.00804489,,401,0.00479233,0.00886941,0.00478711,0.00919346
,,,,,,,,,,,,,,,,,,,,,,,,,,,,,,,,,,,,,,,,,,411,0.00772081,0.00797269,0.00772199,0.00797646,,411,0.00530297,0.00792422,0.00530307,0.0079303,,411,0.00444191,0.00823974,0.0044384,0.00843872
,,,,,,,,,,,,,,,,,,,,,,,,,,,,,,,,,,,,,,,,,,421,0.00770277,0.00776257,0.00770406,0.00776599,,421,0.00534035,0.00781907,0.00534054,0.00782266,,421,0.0042104,0.00780019,0.00420816,0.00791583
,,,,,,,,,,,,,,,,,,,,,,,,,,,,,,,,,,,,,,,,,,431,0.0076096,0.00748106,0.00761101,0.00748432,,431,0.00538153,0.00770899,0.00538183,0.00771164,,431,0.0040692,0.00749946,0.0040679,0.00756285
,,,,,,,,,,,,,,,,,,,,,,,,,,,,,,,,,,,,,,,,,,441,0.00730135,0.00700638,0.0073029,0.00700946,,441,0.00542103,0.00758911,0.00542146,0.00759142,,441,0.00399691,0.00729504,0.00399607,0.00732836
,,,,,,,,,,,,,,,,,,,,,,,,,,,,,,,,,,,,,,,,,,451,0.00662126,0.00620802,0.00662281,0.00621083,,451,0.00545651,0.00745954,0.00545701,0.00746188,,451,0.00397316,0.00715183,0.00397288,0.00716828
,,,,,,,,,,,,,,,,,,,,,,,,,,,,,,,,,,,,,,,,,,461,0.005507,0.00505142,0.0055085,0.00505378,,461,0.00548683,0.00732085,0.00548742,0.00732314,,461,0.00398049,0.00704304,0.00398039,0.0070507
,,,,,,,,,,,,,,,,,,,,,,,,,,,,,,,,,,,,,,,,,,,,,,,,471,0.00551163,0.00717368,0.00551232,0.00717588,,471,0.00400564,0.0069517,0.00400562,0.00695555
,,,,,,,,,,,,,,,,,,,,,,,,,,,,,,,,,,,,,,,,,,,,,,,,481,0.00553065,0.00701933,0.00553137,0.00702139,,481,0.00404091,0.00686524,0.00404098,0.00686741
,,,,,,,,,,,,,,,,,,,,,,,,,,,,,,,,,,,,,,,,,,,,,,,,491,0.00554504,0.00686024,0.00554589,0.00686213,,491,0.0040796,0.00677585,0.0040798,0.00677747
,,,,,,,,,,,,,,,,,,,,,,,,,,,,,,,,,,,,,,,,,,,,,,,,501,0.00555562,0.00669707,0.00555661,0.00669883,,501,0.00411823,0.00668117,0.00411852,0.00668268
,,,,,,,,,,,,,,,,,,,,,,,,,,,,,,,,,,,,,,,,,,,,,,,,511,0.00556181,0.00652906,0.00556285,0.00653085,,511,0.0041548,0.00657958,0.00415518,0.00658107
,,,,,,,,,,,,,,,,,,,,,,,,,,,,,,,,,,,,,,,,,,,,,,,,521,0.00554732,0.00633855,0.00554842,0.00634026,,521,0.00418843,0.00647102,0.00418883,0.00647238
,,,,,,,,,,,,,,,,,,,,,,,,,,,,,,,,,,,,,,,,,,,,,,,,531,0.00544346,0.0060556,0.00544461,0.00605714,,531,0.00421862,0.00635534,0.00421904,0.00635656
,,,,,,,,,,,,,,,,,,,,,,,,,,,,,,,,,,,,,,,,,,,,,,,,541,0.00512822,0.00556135,0.00512941,0.00556276,,541,0.00424552,0.0062348,0.00424601,0.00623604
,,,,,,,,,,,,,,,,,,,,,,,,,,,,,,,,,,,,,,,,,,,,,,,,551,0.00449294,0.0047592,0.004494,0.00476039,,551,0.0042693,0.00611065,0.00426991,0.00611184
,,,,,,,,,,,,,,,,,,,,,,,,,,,,,,,,,,,,,,,,,,,,,,,,561,0.00354222,0.00367328,0.00354308,0.00367416,,561,0.0042909,0.00598407,0.00429156,0.00598533
,,,,,,,,,,,,,,,,,,,,,,,,,,,,,,,,,,,,,,,,,,,,,,,,,,,,,,571,0.00431046,0.00585265,0.00431114,0.00585373
,,,,,,,,,,,,,,,,,,,,,,,,,,,,,,,,,,,,,,,,,,,,,,,,,,,,,,581,0.00432917,0.00572128,0.0043299,0.00572224
,,,,,,,,,,,,,,,,,,,,,,,,,,,,,,,,,,,,,,,,,,,,,,,,,,,,,,591,0.00434531,0.00558718,0.00434608,0.00558808
,,,,,,,,,,,,,,,,,,,,,,,,,,,,,,,,,,,,,,,,,,,,,,,,,,,,,,601,0.00434319,0.00543163,0.00434399,0.00543243
,,,,,,,,,,,,,,,,,,,,,,,,,,,,,,,,,,,,,,,,,,,,,,,,,,,,,,611,0.00426344,0.00518757,0.0042643,0.00518828
,,,,,,,,,,,,,,,,,,,,,,,,,,,,,,,,,,,,,,,,,,,,,,,,,,,,,,621,0.00400811,0.00475063,0.00400895,0.00475132
,,,,,,,,,,,,,,,,,,,,,,,,,,,,,,,,,,,,,,,,,,,,,,,,,,,,,,631,0.00350145,0.00404938,0.00350217,0.00404994
,,,,,,,,,,,,,,,,,,,,,,,,,,,,,,,,,,,,,,,,,,,,,,,,,,,,,,641,0.00275461,0.0031149,0.00275512,0.0031153
