W2,Q2,x,FL,FLerr,F1,F1err,F2,F2err,R,Rerr,nu,q2,RL,RLerr,RT,RTerr
0.75,2.2,1.063,0.0045,0.0025,0.0201,0.0009,0.0168,0.0004,0.1046,0.063,1.102884927,3.416355163,0.003503163,0.001946202,0.042844673,0.001918418
0.91,2.2,0.9867,0.0025,0.0026,0.0265,0.0009,0.0214,0.0004,0.0472,0.0508,1.18816933,3.611746357,0.002216615,0.002305279,0.056486758,0.001918418
1.03,1.75,0.9212,-0.0069,0.0115,0.0587,0.0052,0.0374,0.0008,-0.0638,0.1003,1.012336521,2.774825231,-0.006328977,0.010548295,0.125123498,0.011084194
1.07,1.75,0.9022,0.0104,0.0114,0.0538,0.0053,0.0408,0.0008,0.1072,0.1282,1.033655955,2.818444634,0.009893336,0.010844618,0.114678777,0.011297352
1.11,1.75,0.884,0.0101,0.0113,0.0566,0.0054,0.0428,0.0008,0.1004,0.1223,1.054937107,2.8628923,0.009960402,0.011143816,0.120647189,0.011510509
1.11,2.2,0.9055,0.0131,0.0033,0.0305,0.0014,0.0295,0.0004,0.2365,0.071,1.29471748,3.876293352,0.013583684,0.003421844,0.065013061,0.002984206
1.15,1.75,0.8665,0.0238,0.0105,0.0511,0.0051,0.0447,0.0008,0.2686,0.1445,1.076242819,2.908298606,0.024324847,0.01073155,0.108923522,0.010871036
1.15,2.2,0.8908,0.0042,0.0033,0.0357,0.0014,0.0299,0.0004,0.0659,0.054,1.316082934,3.93207429,0.004490647,0.003528365,0.076097255,0.002984206
1.19,1.75,0.8497,0.0194,0.0102,0.0566,0.0051,0.0471,0.0008,0.202,0.1243,1.097521952,2.954554436,0.020541438,0.010800138,0.120647189,0.010871036
1.23,1.75,0.8335,0.0152,0.0105,0.0613,0.0053,0.0489,0.0009,0.1483,0.1151,1.118853513,3.001833183,0.01666968,0.01151524,0.130665595,0.011297352
1.23,2.2,0.8629,0.0112,0.0033,0.0362,0.0015,0.0337,0.0004,0.1797,0.0591,1.358635622,4.045890752,0.012720079,0.00374788,0.077163043,0.003197364
1.27,1.75,0.8179,0.0149,0.0102,0.0634,0.0052,0.0506,0.0009,0.1436,0.1097,1.14019367,3.050041606,0.016919774,0.011582664,0.135141904,0.011084194
1.31,1.75,0.8029,-0.0024,0.0105,0.0743,0.0053,0.0508,0.001,-0.0205,0.0862,1.161495084,3.09907083,-0.002820876,0.012341333,0.15837608,0.011297352
1.31,2.2,0.8366,0.0125,0.0032,0.0384,0.0015,0.0362,0.0005,0.1947,0.0569,1.401346734,4.16377267,0.015069445,0.003857778,0.08185251,0.003197364
1.35,2.2,0.8241,0.0128,0.0032,0.0406,0.0015,0.0382,0.0005,0.191,0.055,1.422602449,4.223797727,0.015891002,0.00397275,0.086541977,0.003197364
1.39,1.75,0.7745,0.0076,0.01,0.0742,0.0052,0.0555,0.001,0.0662,0.0914,1.204085736,3.199822461,0.009561385,0.012580769,0.158162923,0.011084194
1.39,2.2,0.8119,0.0134,0.0033,0.0417,0.0015,0.0395,0.0005,0.1984,0.0551,1.443979157,4.285075807,0.017130848,0.004218791,0.08888671,0.003197364
1.47,1.75,0.748,0.0159,0.0046,0.0767,0.0026,0.0615,0.0006,0.1382,0.0448,1.246743854,3.304370238,0.021388827,0.006187962,0.163491862,0.005542097
1.51,0.5,0.4426,0.0296,0.0153,0.5405,0.0152,0.2135,0.0018,0.0619,0.0337,0.602004004,0.862408821,0.06147015,0.031773422,1.152116708,0.032399952
1.51,1.75,0.7354,0.0166,0.009,0.079,0.0047,0.0636,0.0012,0.1428,0.0858,1.268104981,3.358090242,0.023082326,0.012514514,0.168394486,0.010018406
1.51,2.2,0.7775,0.0147,0.0029,0.048,0.0013,0.0454,0.0006,0.1969,0.0439,1.50786711,4.473663221,0.020487942,0.004041839,0.102315637,0.002771049
1.55,0.5,0.4275,0.0576,0.0147,0.5116,0.0153,0.2165,0.002,0.1318,0.0374,0.623267771,0.888462715,0.127584041,0.03256051,1.090514168,0.032613109
1.55,1.75,0.7232,0.0057,0.0093,0.0879,0.0051,0.0648,0.0011,0.0451,0.0757,1.289497239,3.412803128,0.008190877,0.013364063,0.187365511,0.010871036
1.55,2.2,0.7666,0.0132,0.003,0.0508,0.0014,0.0469,0.0006,0.1689,0.0431,1.529306911,4.538779628,0.01893051,0.004302389,0.10828405,0.002984206
1.59,2.2,0.7561,0.0149,0.0041,0.0523,0.0017,0.0491,0.0009,0.1883,0.0574,1.550544476,4.604188171,0.021977495,0.006047499,0.111481413,0.003623679
1.63,0.5,0.4001,0.0311,0.0138,0.545,0.0156,0.2196,0.0021,0.0712,0.0337,0.665950943,0.943490658,0.078162821,0.034683181,1.161708799,0.033252582
1.67,0.5,0.3877,0.0452,0.013,0.5195,0.0148,0.2176,0.0021,0.1121,0.0354,0.68725038,0.972313085,0.120814635,0.034747572,1.107353617,0.031547322
1.71,0.5,0.376,0.0431,0.0125,0.5138,0.0146,0.2152,0.0021,0.1116,0.0354,0.708635565,1.002164363,0.122433189,0.035508465,1.095203635,0.031121006
1.71,1.75,0.6784,0.0244,0.0046,0.0922,0.0026,0.0776,0.0008,0.1949,0.0421,1.374652717,3.639670091,0.039862887,0.007515134,0.196531287,0.005542097
1.75,0.5,0.3651,0.0609,0.0122,0.4974,0.0144,0.2187,0.0022,0.1676,0.0383,0.729791762,1.032596016,0.183572104,0.036774707,1.060245792,0.030694691
1.75,1.75,0.668,0.0221,0.0047,0.0961,0.0026,0.0793,0.0009,0.1721,0.0411,1.396054495,3.698968154,0.03726483,0.0079251,0.204844432,0.005542097
1.75,2.2,0.7167,0.0189,0.0082,0.0604,0.004,0.0579,0.0013,0.2186,0.1086,1.635784398,4.875790596,0.031144944,0.013512621,0.128747177,0.008526303
1.79,0.5,0.3547,0.0676,0.012,0.4944,0.0143,0.2218,0.0022,0.1928,0.0395,0.75118966,1.064285905,0.216179545,0.038375067,1.053851065,0.030481534
1.79,1.75,0.658,0.0216,0.0047,0.1014,0.0027,0.0828,0.0009,0.1617,0.0391,1.417271129,3.758657453,0.037571916,0.008175371,0.216141784,0.005755255
1.83,1.75,0.6482,0.0189,0.0049,0.1051,0.0027,0.0841,0.001,0.1387,0.0391,1.438698554,3.81985353,0.033915812,0.008792988,0.224028614,0.005755255
1.83,1.75,0.6482,0.0197,0.0046,0.1053,0.0027,0.0846,0.0008,0.1442,0.0374,1.438698554,3.81985353,0.035351402,0.008254642,0.224454929,0.005755255
1.87,1.25,0.5581,0.0497,0.0077,0.1806,0.0057,0.1338,0.0012,0.2464,0.0458,1.193544939,2.674549522,0.10153734,0.015731137,0.384962586,0.012149982
1.87,1.75,0.6388,0.0288,0.0047,0.104,0.0027,0.0888,0.0009,0.2172,0.0406,1.459869134,3.881217889,0.053284187,0.008695683,0.221683881,0.005755255
1.91,1.75,0.6296,0.0236,0.0049,0.1127,0.0029,0.0921,0.001,0.1665,0.0385,1.481201402,3.943957594,0.045017592,0.009346873,0.24022859,0.00618157
1.91,2.2,0.6812,0.0163,0.0083,0.073,0.0042,0.0664,0.0014,0.1637,0.0923,1.72103153,5.161949526,0.029918845,0.015234749,0.155605032,0.008952618
1.95,1.25,0.5389,0.0465,0.0096,0.1974,0.0064,0.1426,0.002,0.2186,0.0521,1.236068715,2.777865869,0.102184921,0.021096242,0.420773059,0.013642085
1.95,1.75,0.6206,0.0249,0.0045,0.1146,0.0026,0.0942,0.001,0.1752,0.0356,1.502681925,4.008052969,0.048969285,0.008849871,0.244278584,0.005542097
1.99,1.25,0.5297,0.0354,0.0095,0.2033,0.0064,0.14,0.002,0.1645,0.0489,1.257537154,2.831399694,0.080668734,0.021648389,0.433349356,0.013642085
1.99,1.75,0.612,0.0275,0.0047,0.1179,0.0028,0.098,0.001,0.1904,0.0371,1.523798044,4.071960479,0.055716979,0.009522538,0.251312784,0.005968412
2.03,1.75,0.6035,0.0303,0.0053,0.1223,0.0033,0.1027,0.0011,0.2054,0.041,1.545259988,4.137828431,0.063261658,0.011065571,0.260691718,0.0070342
2.07,1.25,0.5124,0.0564,0.0098,0.2053,0.0064,0.1534,0.0024,0.2681,0.0545,1.299994986,2.939986963,0.137957768,0.023971385,0.437612507,0.013642085
2.11,1.25,0.5041,0.0551,0.0094,0.2073,0.0064,0.1539,0.0022,0.2634,0.0525,1.321399386,2.996096338,0.139611582,0.023817584,0.441875659,0.013642085
2.15,1.25,0.4961,0.0503,0.0096,0.2216,0.0065,0.1595,0.0024,0.2287,0.05,1.342707984,3.052864729,0.131958415,0.025184906,0.472357192,0.013855243
2.19,2.2,0.6268,0.0266,0.0083,0.0907,0.0046,0.0862,0.0015,0.2342,0.0845,1.870399933,5.698395909,0.058576494,0.018277628,0.193333923,0.009805249
2.23,1.25,0.4808,0.0551,0.0097,0.2288,0.0068,0.1666,0.0025,0.2503,0.0513,1.385435588,3.169431768,0.15484576,0.027259598,0.487704538,0.014494715
2.27,1.25,0.4735,0.0341,0.0096,0.2449,0.0068,0.163,0.0025,0.1471,0.0451,1.406794996,3.229072161,0.099138631,0.027909996,0.522022908,0.014494715
2.27,1.75,0.5574,0.0383,0.007,0.1414,0.0039,0.1206,0.0021,0.2432,0.0502,1.673061361,4.549134319,0.095183859,0.017396528,0.301404815,0.008313146
2.27,2.2,0.6129,0.0279,0.0093,0.0975,0.0051,0.0921,0.002,0.2339,0.0899,1.912818858,5.858875983,0.064602153,0.021534051,0.207828638,0.010871036
2.31,2.2,0.6061,0.0234,0.0092,0.1032,0.0051,0.0935,0.0022,0.1868,0.0829,1.93427929,5.941436373,0.055562417,0.021845053,0.21997862,0.010871036
2.35,1.75,0.5435,0.0424,0.0062,0.1486,0.0037,0.1279,0.0019,0.2625,0.0444,1.715849867,4.694140767,0.111512911,0.016306133,0.316752161,0.00788683
2.39,1.25,0.453,0.0719,0.0096,0.2414,0.0069,0.1841,0.0028,0.3287,0.0531,1.470457904,3.412246448,0.23088826,0.030827918,0.514562393,0.014707873
2.39,1.75,0.5369,0.0387,0.007,0.1575,0.0043,0.1315,0.002,0.2286,0.0474,1.736942453,4.766969084,0.104631544,0.018925602,0.335723185,0.009165776
2.39,2.2,0.593,0.004,0.0095,0.1202,0.0053,0.0938,0.002,0.0284,0.0679,1.977009575,6.108566859,0.00998074,0.023704257,0.256215409,0.011297352
2.43,1.25,0.4465,0.0215,0.012,0.2919,0.0105,0.1807,0.0021,0.0824,0.0488,1.491864346,3.475659228,0.071348518,0.039822429,0.62220697,0.022381546
2.43,1.25,0.4465,0.061,0.0089,0.2607,0.0066,0.1881,0.0023,0.2619,0.0445,1.491864346,3.475659228,0.20243068,0.029534968,0.555701805,0.0140684
2.47,0.5,0.2393,0.112,0.0205,0.5649,0.0364,0.2725,0.0033,0.4143,0.1023,1.113443261,1.739755895,0.867829525,0.158843797,1.204127157,0.077589358
2.47,0.8,0.3348,0.0984,0.016,0.3994,0.0197,0.245,0.0027,0.368,0.0776,1.273342759,2.421401781,0.474053443,0.077081861,0.851351366,0.041992043
2.47,1.75,0.524,0.0479,0.007,0.1616,0.0044,0.1399,0.0021,0.2829,0.0485,1.779703059,4.917342978,0.136879202,0.020003224,0.344462646,0.009378933
2.51,0.8,0.3293,0.0962,0.0146,0.4143,0.0169,0.2498,0.0029,0.3524,0.0676,1.294610251,2.476015702,0.481823007,0.073124905,0.883111845,0.036023631
2.51,1.25,0.4341,0.0559,0.0095,0.2683,0.007,0.1887,0.003,0.2401,0.0466,1.534479223,3.604626485,0.197885086,0.033629845,0.571901781,0.01492103
2.51,1.75,0.5178,0.0439,0.0072,0.1677,0.0045,0.1414,0.0023,0.2527,0.0478,1.801012752,4.993646932,0.128920815,0.021144188,0.357465258,0.009592091
2.55,0.5,0.2305,0.0985,0.0244,0.6031,0.0419,0.274,0.0048,0.3542,0.112,1.155952157,1.83622539,0.836299948,0.207164657,1.285553352,0.089313025
2.55,1.75,0.5117,0.04,0.0065,0.1756,0.0041,0.1439,0.0021,0.2228,0.0413,1.82248271,5.07144323,0.120719903,0.019616984,0.374304707,0.008739461
2.59,0.5,0.2263,0.085,0.024,0.6433,0.0418,0.2764,0.0048,0.292,0.1012,1.177405976,1.886284831,0.755113831,0.213208611,1.371242698,0.089099868
2.59,1.25,0.4223,0.0545,0.009,0.2835,0.0077,0.1957,0.0022,0.2277,0.0437,1.577355981,3.73805189,0.205660799,0.033962334,0.604301733,0.016413133
2.59,1.75,0.5058,0.0541,0.0064,0.1672,0.004,0.1474,0.0022,0.3195,0.045,1.843741405,5.14938237,0.167716704,0.019840793,0.35639947,0.008526303
2.59,2.2,0.5627,0.0178,0.0113,0.1304,0.0065,0.1092,0.0032,0.1211,0.0827,2.083466639,6.540833237,0.050118062,0.031816522,0.277957481,0.013855243
2.63,0.5,0.2223,0.1029,0.0233,0.6105,0.0409,0.2777,0.0048,0.379,0.1111,1.198591868,1.936622466,0.955414127,0.216337698,1.301327013,0.087181449
2.63,0.8,0.3138,0.0696,0.0102,0.4673,0.0129,0.2532,0.0021,0.2374,0.0413,1.358556901,2.645676854,0.390880402,0.057284197,0.996085361,0.027497328
2.63,1.75,0.5001,0.0387,0.0066,0.1835,0.0042,0.1478,0.0022,0.2109,0.0406,1.864755855,5.227314397,0.123178658,0.021007213,0.391144155,0.008952618
2.63,2.2,0.557,0.023,0.0109,0.1308,0.0062,0.1128,0.0032,0.158,0.082,2.104787573,6.630130726,0.066315162,0.03142762,0.278810112,0.01321577
2.67,0.5,0.2184,0.0751,0.0226,0.6643,0.0401,0.2734,0.0048,0.2586,0.0932,1.219995294,1.988388518,0.72871772,0.219294547,1.416005789,0.085476189
2.67,1.25,0.4112,0.0551,0.0083,0.2946,0.0075,0.2014,0.0019,0.2273,0.0398,1.619935386,3.874190654,0.221314696,0.033337785,0.627962224,0.015986818
2.67,1.25,0.4112,0.0634,0.0093,0.293,0.0075,0.2061,0.0025,0.2631,0.0451,1.619935386,3.874190654,0.254652482,0.037354386,0.624551703,0.015986818
2.67,1.75,0.4944,0.0435,0.0115,0.1835,0.0072,0.1508,0.0033,0.2398,0.0724,1.88625486,5.307957398,0.142213544,0.037596684,0.391144155,0.015347346
2.71,0.5,0.2146,0.0844,0.0225,0.665,0.0405,0.2792,0.0049,0.2957,0.0967,1.241598193,2.041566073,0.855750083,0.228132427,1.417497892,0.086328819
2.71,0.8,0.3042,0.0996,0.014,0.4429,0.018,0.2622,0.0028,0.3695,0.0668,1.401430492,2.764007423,0.602823442,0.084734219,0.944074912,0.038368364
2.71,1.25,0.4059,0.0641,0.0089,0.2955,0.0083,0.2076,0.0021,0.2671,0.0446,1.641087535,3.943168299,0.265469764,0.036859296,0.629880642,0.017692079
2.71,1.75,0.4889,0.0318,0.0112,0.1991,0.0077,0.1529,0.0026,0.1631,0.0638,1.907474745,5.388459903,0.106727042,0.037589399,0.424396737,0.016413133
2.71,2.2,0.546,0.0303,0.0077,0.1349,0.0046,0.1202,0.0021,0.2053,0.0591,2.147191718,6.810432273,0.091546716,0.023264347,0.287549572,0.009805249
2.75,0.5,0.211,0.0821,0.0215,0.6582,0.0391,0.274,0.0048,0.2956,0.0947,1.262781859,2.094618024,0.868632989,0.227473925,1.403003177,0.083344613
2.75,1.25,0.4007,0.0856,0.0089,0.2906,0.0083,0.2193,0.0022,0.3678,0.0484,1.662384404,4.013521906,0.365519737,0.038003804,0.619435921,0.017692079
2.79,0.5,0.2075,0.1154,0.0214,0.6278,0.0389,0.2884,0.005,0.4428,0.1093,1.284081794,2.148866054,1.273702009,0.236197773,1.338203273,0.082918298
2.79,0.8,0.2952,0.0888,0.0138,0.4729,0.018,0.266,0.0029,0.318,0.0614,1.444157031,2.885589531,0.578205162,0.089856208,1.008022185,0.038368364
2.79,1.25,0.3956,0.0654,0.0163,0.3078,0.0144,0.2145,0.0036,0.2687,0.0792,1.683815548,4.085234798,0.287918294,0.071759452,0.656099024,0.030694691
2.79,2.2,0.5353,0.0319,0.008,0.1411,0.0047,0.1254,0.0021,0.2115,0.0601,2.190111485,6.996588317,0.100994533,0.025327783,0.300765342,0.010018406
2.83,0.5,0.2041,0.1114,0.0175,0.6362,0.0344,0.2869,0.0036,0.4288,0.0905,1.305472672,2.204258896,1.282258448,0.201431982,1.35610851,0.073326207
2.83,0.8,0.2909,0.1058,0.0135,0.4596,0.0178,0.2719,0.0031,0.3956,0.0656,1.465504144,2.947702397,0.714128523,0.091122259,0.979672228,0.037942049
2.83,1.25,0.3907,0.0956,0.0089,0.2927,0.0075,0.2268,0.0029,0.4183,0.049,1.704933275,4.156797473,0.433614822,0.040367907,0.62391223,0.015986818
2.83,1.25,0.3907,0.066,0.0163,0.3165,0.0145,0.2191,0.0037,0.2669,0.0778,1.704933275,4.156797473,0.299357513,0.073932234,0.674643734,0.030907849
2.83,1.75,0.473,0.0341,0.0112,0.2133,0.0078,0.1627,0.0029,0.1692,0.0616,1.971594932,5.637186576,0.123753755,0.040646394,0.454665113,0.016626291
2.83,2.2,0.5302,0.0287,0.0079,0.1467,0.0047,0.127,0.0025,0.1844,0.0565,2.211178193,7.089309001,0.092953165,0.025586411,0.312702167,0.010018406
2.87,0.5,0.2008,0.1165,0.017,0.6316,0.0337,0.2883,0.0035,0.4592,0.0913,1.326927153,2.260735668,1.397921499,0.203988545,1.346303261,0.071834104
2.87,0.8,0.2868,0.1048,0.0135,0.4705,0.0177,0.2751,0.0032,0.3883,0.0644,1.486454517,3.009547033,0.732544596,0.094364046,1.002906404,0.037728891
2.87,1.25,0.3858,0.0821,0.016,0.3067,0.0144,0.2245,0.0038,0.3469,0.0838,1.72658743,4.231104155,0.383853427,0.074807002,0.653754291,0.030694691
2.87,2.2,0.5251,0.0236,0.0079,0.1501,0.0047,0.1258,0.0022,0.1498,0.0546,2.232654119,7.184744415,0.078216686,0.026182704,0.319949524,0.010018406
2.91,0.5,0.1977,0.0939,0.0166,0.6838,0.0332,0.2856,0.0035,0.3472,0.0779,1.3477338,2.316386396,1.172575213,0.207292317,1.457571517,0.070768316
2.91,0.8,0.2827,0.1132,0.0131,0.4607,0.0174,0.2764,0.003,0.4346,0.0665,1.508012577,3.074101933,0.819954362,0.094888712,0.982016961,0.037089419
2.91,1.25,0.3811,0.0711,0.0161,0.3203,0.0144,0.2237,0.0039,0.2914,0.079,1.747880952,4.305087821,0.342407634,0.077535343,0.682743722,0.030694691
2.95,0.5,0.1946,0.1062,0.0161,0.6601,0.0326,0.2867,0.0035,0.4135,0.083,1.369203352,2.374717819,1.381225134,0.209394771,1.407053171,0.06948937
2.95,0.8,0.2788,0.0976,0.0101,0.4801,0.0135,0.2722,0.0026,0.3645,0.0476,1.529107445,3.138169578,0.731786266,0.075727882,1.023369531,0.028776273
2.95,2.2,0.5153,0.0368,0.0079,0.1525,0.0048,0.1362,0.0025,0.2342,0.0574,2.275114842,7.376147543,0.127595505,0.027391426,0.325065306,0.010231564
2.99,0.8,0.2749,0.1223,0.0125,0.4565,0.0169,0.2801,0.003,0.4872,0.0675,1.550800857,3.204983298,0.949791516,0.097075993,0.973064343,0.036023631
3.03,0.5,0.1887,0.1226,0.0155,0.6416,0.0318,0.2916,0.0035,0.5061,0.089,1.412013631,2.493782495,1.726823392,0.218317802,1.367619019,0.06778411
3.03,2.2,0.5058,0.0262,0.0074,0.1677,0.0047,0.139,0.0024,0.1545,0.0476,2.317846338,7.572411648,0.095011196,0.026835223,0.357465258,0.010018406
3.07,0.5,0.1859,0.0953,0.0123,0.7091,0.0218,0.2887,0.0044,0.3613,0.0575,1.433281185,2.554294955,1.395581929,0.180122327,1.511500384,0.046468352
3.07,1.25,0.3634,0.0595,0.0202,0.3533,0.0203,0.2305,0.0044,0.2317,0.0918,1.833014394,4.609941767,0.321779412,0.109242759,0.753085722,0.043270988
3.11,0.5,0.1832,0.1135,0.0152,0.6689,0.0317,0.29,0.0035,0.4632,0.0836,1.45440487,2.615293527,1.726877822,0.231264695,1.425811038,0.067570952
3.11,2.2,0.4967,0.0317,0.0076,0.1713,0.0049,0.1447,0.0021,0.1865,0.0497,2.360311411,7.771069958,0.120133471,0.028801715,0.365138931,0.010444721
3.15,0.5,0.1805,0.1169,0.0145,0.6577,0.0304,0.2882,0.0035,0.4924,0.0836,1.476160511,2.679049855,1.849221275,0.229373041,1.401937389,0.064799904
3.15,2.2,0.4922,0.0307,0.0082,0.1759,0.005,0.1469,0.0027,0.1772,0.052,2.381890853,7.873404036,0.11895355,0.03177261,0.374944179,0.010657879
3.19,0.5,0.178,0.1082,0.0119,0.6926,0.0214,0.2901,0.0045,0.439,0.0614,1.496893103,2.740688961,1.775569964,0.195279876,1.476329384,0.045615722
3.23,0.5,0.1755,0.113,0.0141,0.6843,0.0299,0.2902,0.0035,0.4705,0.0789,1.518216366,2.804980934,1.924872719,0.240183233,1.458637305,0.063734116
3.23,0.8,0.254,0.117,0.0115,0.4992,0.0161,0.2886,0.0031,0.4613,0.06,1.678406124,3.617047119,1.10983166,0.109086018,1.064082628,0.03431837
3.23,1.25,0.3473,0.0544,0.0195,0.3815,0.02,0.2384,0.0047,0.2055,0.0843,1.917988571,4.928680158,0.329120947,0.11797534,0.813196159,0.042631516
3.23,2.2,0.4836,0.032,0.0093,0.1818,0.006,0.1513,0.0028,0.1821,0.0585,2.424248714,8.076981826,0.129458597,0.037623905,0.387520476,0.012789455
3.27,0.5,0.173,0.1185,0.0122,0.6784,0.0272,0.2917,0.0028,0.5048,0.072,1.540155909,2.872080224,2.09671593,0.215864425,1.446061008,0.057978861
3.31,0.5,0.1707,0.1207,0.0122,0.6896,0.0272,0.2955,0.0029,0.5126,0.0717,1.560907863,2.936433358,2.212914726,0.223674894,1.469934657,0.057978861
3.31,1.25,0.3397,0.0923,0.0133,0.355,0.0134,0.2517,0.0038,0.3828,0.0694,1.960899119,5.095125354,0.590189936,0.08504362,0.756709401,0.028563115
3.35,0.5,0.1684,0.1067,0.0091,0.7165,0.0181,0.2901,0.0031,0.4423,0.0484,1.582226676,3.003441255,2.028206896,0.172977345,1.527274045,0.038581522
3.35,1.25,0.3361,0.0662,0.0133,0.3872,0.0137,0.2476,0.0035,0.2543,0.0597,1.981902501,5.177937524,0.434787505,0.087351568,0.825346141,0.029202588
3.35,1.75,0.4147,0.0569,0.0112,0.2502,0.0094,0.1964,0.0033,0.274,0.0641,2.248768755,6.806960916,0.284403034,0.055980913,0.53332026,0.020036812
3.35,2.2,0.4711,0.0314,0.0089,0.1896,0.0059,0.155,0.0032,0.1757,0.0553,2.488572868,8.392994917,0.135503842,0.03840714,0.404146768,0.012576297
3.39,0.5,0.1661,0.1134,0.0089,0.7102,0.0179,0.2925,0.0031,0.4808,0.0491,1.604135896,3.073251972,2.236208901,0.175504931,1.513845118,0.038155206
3.39,2.2,0.4671,0.0406,0.0088,0.1893,0.0059,0.1612,0.0032,0.2293,0.0567,2.509883704,8.499516205,0.178948671,0.038786904,0.403507295,0.012576297
3.43,2.2,0.4632,0.0375,0.009,0.1939,0.006,0.1617,0.003,0.209,0.0562,2.531016144,8.606042721,0.168765752,0.04050378,0.413312543,0.012789455
3.47,2.2,0.4593,0.0376,0.0089,0.198,0.006,0.1641,0.0033,0.2067,0.0547,2.552507463,8.715294351,0.17281903,0.040906632,0.422052004,0.012789455
3.51,1.25,0.3222,0.0921,0.0113,0.3811,0.0123,0.2613,0.0032,0.3752,0.0577,2.067403571,5.524157526,0.67317956,0.082594235,0.812343529,0.026218382
3.51,2.2,0.4555,0.0352,0.0089,0.2016,0.006,0.1644,0.0033,0.1919,0.0541,2.573801708,8.824455231,0.165181076,0.041764533,0.429725677,0.012789455
3.55,1.25,0.3189,0.1021,0.0143,0.3751,0.0149,0.2653,0.004,0.4266,0.0764,2.088797211,5.613073789,0.76613049,0.107303291,0.799554074,0.031760479
3.63,1.25,0.3125,0.0925,0.02,0.4023,0.0211,0.2697,0.0062,0.3679,0.0987,2.131575778,5.793615298,0.731092178,0.158073984,0.857532936,0.044976249
3.63,1.75,0.3889,0.0614,0.011,0.2857,0.0093,0.2175,0.004,0.2764,0.0583,2.397954237,7.500184524,0.360582888,0.06459954,0.6089912,0.019823655
3.63,1.75,0.3889,0.0673,0.0114,0.2788,0.0088,0.2178,0.0036,0.3102,0.0618,2.397954237,7.500184524,0.395231732,0.066948614,0.594283327,0.018757867
3.67,0.8,0.2229,0.113,0.0117,0.5693,0.017,0.301,0.004,0.4455,0.0589,1.912584817,4.457980681,1.505418869,0.155870803,1.21350609,0.036236788
3.67,1.75,0.3855,0.0505,0.0104,0.293,0.0083,0.2127,0.0041,0.2235,0.0519,2.419103509,7.602061789,0.303250222,0.062451531,0.624551703,0.017692079
3.71,0.8,0.2204,0.0947,0.0118,0.601,0.0175,0.2963,0.004,0.3576,0.0546,1.93427929,4.541436373,1.299817624,0.161962492,1.281077043,0.037302576
3.71,1.75,0.3821,0.0536,0.0103,0.2947,0.0084,0.2155,0.0041,0.2381,0.0521,2.440629162,7.706670708,0.329198078,0.063260078,0.628175382,0.017905237
3.71,2.2,0.4374,0.0448,0.009,0.2161,0.0064,0.179,0.0034,0.2371,0.0543,2.680307906,9.384050469,0.23281324,0.046770517,0.460633526,0.013642085
3.75,0.5,0.1484,0.1011,0.0132,0.7893,0.027,0.2903,0.0038,0.4316,0.0707,1.795464773,3.72369375,2.703721729,0.353008178,1.682452762,0.057552546
3.75,1.75,0.3788,0.0617,0.0103,0.2898,0.0083,0.2183,0.0043,0.2811,0.0545,2.461891243,7.810908493,0.387417719,0.064674271,0.61773066,0.017692079
3.75,2.2,0.434,0.0602,0.009,0.2096,0.0064,0.186,0.0035,0.3306,0.0591,2.70130571,9.497052536,0.319090377,0.047704541,0.446778283,0.013642085
3.79,0.5,0.1466,0.1167,0.0129,0.7538,0.0263,0.2933,0.0038,0.5279,0.0762,1.817510043,3.803342755,3.226808053,0.356690865,1.606781821,0.056060443
3.79,1.25,0.3005,0.1198,0.0212,0.3874,0.0227,0.2811,0.0068,0.5145,0.121,2.216696941,6.163745326,1.047581451,0.185381693,0.825772456,0.04838677
3.79,1.75,0.3756,0.0644,0.0107,0.3002,0.0087,0.2258,0.0045,0.2855,0.0551,2.482865822,7.914622692,0.413231325,0.068658,0.639899049,0.018544709
3.83,1.25,0.2976,0.1002,0.0174,0.4229,0.0183,0.2816,0.0059,0.398,0.086,2.238297818,6.259977122,0.898541857,0.156034215,0.901443397,0.039007837
3.83,1.75,0.3724,0.0649,0.011,0.2972,0.0087,0.2238,0.004,0.2934,0.0581,2.504200867,8.021021983,0.425664535,0.072146531,0.633504321,0.018544709
3.83,2.2,0.4272,0.0556,0.0097,0.2162,0.0071,0.186,0.0034,0.3012,0.0618,2.744304021,9.731204562,0.306780855,0.05352112,0.460846683,0.015134188
3.87,1.75,0.3692,0.0567,0.0112,0.3072,0.0088,0.2225,0.004,0.2498,0.0561,2.52590575,8.130199858,0.380211567,0.075103519,0.654820079,0.018757867
3.87,2.2,0.4239,0.0415,0.0097,0.2317,0.0073,0.1848,0.0036,0.2113,0.0558,2.76566803,9.848919652,0.233556188,0.054590242,0.493886108,0.015560503
3.91,0.5,0.1417,0.0676,0.0206,0.8891,0.0531,0.2799,0.0057,0.2682,0.0975,1.88035972,4.035752675,2.051975494,0.625306142,1.895184024,0.113186674
3.95,0.5,0.1401,0.089,0.0107,0.8478,0.0247,0.2869,0.0033,0.3747,0.0556,1.901834206,4.116973347,2.787409062,0.335115472,1.807149945,0.052649922
3.95,1.75,0.3631,0.0584,0.0129,0.3111,0.0091,0.2248,0.0051,0.2587,0.0641,2.56834041,8.346372462,0.408777606,0.090295053,0.663133225,0.01939734
3.99,0.5,0.1385,0.0917,0.0105,0.8337,0.0242,0.2843,0.0033,0.3972,0.0565,1.923804854,4.201025116,2.96446018,0.339442005,1.777094726,0.051584134
3.99,1.75,0.3601,0.0643,0.0129,0.3154,0.0092,0.2312,0.0054,0.2832,0.0644,2.589737303,8.4567393,0.459826007,0.092251252,0.672299,0.019610497
4.03,0.5,0.137,0.0967,0.0101,0.8431,0.024,0.2894,0.003,0.4185,0.0554,1.944868411,4.282513135,3.221628002,0.33648855,1.797131538,0.051157819
4.11,0.8,0.1985,0.0861,0.0142,0.6748,0.0235,0.3017,0.0048,0.3215,0.0638,2.147683404,5.412544002,1.563849223,0.257917061,1.438387335,0.050092031
4.11,1.75,0.3514,0.0198,0.0212,0.3723,0.0181,0.2254,0.0078,0.0755,0.0847,2.653854305,8.792942674,0.150869139,0.161536654,0.793585662,0.038581522
4.15,1.75,0.3486,0.0208,0.0209,0.3739,0.018,0.2262,0.008,0.0799,0.084,2.675170404,8.906536691,0.161825721,0.162603729,0.796996183,0.038368364
4.23,0.8,0.1928,0.1376,0.0215,0.5784,0.0364,0.3099,0.0071,0.6171,0.1344,2.211178193,5.689309001,2.704716339,0.422611928,1.23290343,0.077589358
4.23,1.75,0.3432,0.0065,0.0215,0.3939,0.0188,0.2238,0.0081,0.0239,0.0805,2.717262246,9.133514115,0.052675264,0.174233564,0.839627699,0.040073625
4.27,0.8,0.1909,0.1205,0.0212,0.6181,0.036,0.3073,0.0071,0.5108,0.119,2.233185729,5.787118499,2.433292357,0.428097908,1.317526988,0.076736728
4.31,0.8,0.1891,0.109,0.0208,0.6369,0.0355,0.3023,0.0071,0.4526,0.1112,2.254442917,5.882512866,2.258648518,0.431008158,1.357600613,0.07567094
